ID,Name,Type,Specialty,Locality,Address,Lat,Lng,Zone,Phone,Email,Website
f7fed0d0-1806-4d32-bbe0-43691c02a422,Dr Sanjay Nema Clinic,GENERAL_CLINIC,,Madan Mahal Railway Station Rd,"Madan Mahal Railway Station Rd, Wright Town, Jabalpur, Madhya Pradesh 482002",23.1666306,79.9227047,Wright Town,098261 59210,,
940f67f3-d526-4d6c-911b-85b841ed8cf8,Dr. Gaurav Awasthi (General Physician),GENERAL_CLINIC,,Ranital Chowk,"Rishi Clinic, 993, Ranital Chowk, opp. Gaushala, Wright Town, Jabalpur, Madhya Pradesh 482002",23.1693368,79.9241115,Wright Town,091110 07120,rishiclinic11@gmail.com,https://jabalpurhelpline.com/dr-gaurav-awasthi-general-physician
a800e838-e335-4dd3-87bc-c90b460d76c8,Dr. Anoop Gond- General Physician In Jabalpur,GENERAL_CLINIC,,Gole Bazar,"Dr. Anoop Clinic, Gole Bazar, Wright Town, Jabalpur, Madhya Pradesh 482002",23.1630511,79.918635,Wright Town,094152 05641,swati.remedo@gmail.com,https://dranoopgond.getmy.clinic/?utm_source=gmb&utm_medium=web&utm_campaign=tu
4377a0fa-7a83-4724-8119-71ef6d4b4bf8,Vishuddh Health Care,GENERAL_CLINIC,,Madan Mahal Station Main Road Near Gate No.4 Chowk,"Madan Mahal Station Main Road Near Gate No.4 Chowk, Wright Town, Jabalpur, Madhya Pradesh 482002",23.162921,79.9211754,Wright Town,097520 00122,,
7ab8d471-6ae2-42c2-ab2f-e3c8762b882d,"Dr Alok Bansal, MBBS, DM, MD Best Gastrologist and Liver Specialist",GASTROENTEROLOGY_CLINIC,,Madan Mahal Railway Station Rd,"Madan Mahal Railway Station Rd, in front of Bade Hanuman Temple, near Ranital Chowk, Wright Town, Jabalpur, Madhya Pradesh 482001",23.1670497,79.9229148,Wright Town,084474 95088,,http://www.gastroneuroclinic.com/
b8ab6595-7433-4049-9b94-98e8bac1fb20,Anant Multispeciality Hospital,MULTISPECIALTY_HOSPITAL,,Madan Mahal Railway Station Rd,"Madan Mahal Railway Station Rd, Wright Town, Jabalpur, Madhya Pradesh 482002",23.1655557,79.921916,Wright Town,074007 79494,inquiry@ananthospital.com,https://ananthospital.com/
64c8e7f2-3ebf-405d-8fac-827a5951b3bd,"Dr Anjali Chouksey (MD, DM Neurology) Gastro Neuro centre- Top neurologist in Jabalpur/ Brain doctor Jabalpur/ Migraine",NEUROLOGY_CLINIC,,Station Rd,"Madan Mahal, ABN Tower, Station Rd, in front of Bade Hanuman mandir Ranital, Wright Town, Jabalpur, Madhya Pradesh 482002",23.1665034,79.9226097,Wright Town,085878 83897,,http://www.dranjalichoukseyneuro.com/
f9317021-5e83-4e65-bfd1-4427fce0350b,Dr. Arshiya Siddiqua- Internal Medicine In Jabalpur,GENERAL_CLINIC,,Ima Hall Road,"Samadhan Hospital 1625, Ima Hall Road, Wright Town, Jabalpur, Madhya Pradesh 482002",23.1662965,79.9216231,Wright Town,,swati.remedo@gmail.com,https://drarshiyasiddiqua.getmy.clinic/?utm_source=gmb&utm_medium=web&utm_campaign=tu
0a257ef1-e0fe-441c-b32f-71f149bcb080,Dr Deepak Shukla,GENERAL_CLINIC,,Marhatal,"G.D Complex, Krishna Talkies, 17-20, Marhatal, Jabalpur, Madhya Pradesh 482002",23.1654859,79.9339592,Wright Town,088781 17888,dr.shukladeepak@gmail.com,https://jabalpurhelpline.com/dr-deepak-shukla-chest-physician
0a5f494b-9d10-481f-b9f3-59ae8a8ebaae,Dr. Mehta's Clinic,GENERAL_CLINIC,,Wright Town,"5WCG+656 Dr. mehta clinic, Wright Town, Jabalpur, Madhya Pradesh 482002",23.1705405,79.9253869,Wright Town,,,
c31d44d8-dd5c-41b8-8a8e-8e802e32fdc1,Grover Hospital,HOSPITAL,,Madan Mahal Railway Station Rd,"5W8F+84Q, Madan Mahal Railway Station Rd, Wright Town, Jabalpur, Madhya Pradesh 482002",23.165839,79.9228666,Wright Town,,,
accc9466-a53b-460c-9e5d-09ac04667c7d,Dr. K.L.UMAMAHESHWAR,GENERAL_CLINIC,,Sneh Nagar Rd,"Medihealth Clinic, 4, Sneh Nagar Rd, opp. P&T gate, Wright Town, Jabalpur, Madhya Pradesh 482002",23.1639641,79.9205685,Wright Town,099849 34759,drkl2k2@gmail.com,http://jabalpurhelpline.com/dr-k-l-umamaheshwar-paediatric-cardiologist
fe2a53d3-4266-4fae-893c-c69b15cbce6e,Ranjan Shevde Clinic,GENERAL_CLINIC,,Wright Town,"5W7F+72C, Near Arun dairy, Wright Town, Jabalpur, Madhya Pradesh 482002",23.16319,79.9225085,Wright Town,089894 00708,,
6bd6a13a-02f5-4cf0-8a8e-110dc705b987,"Dr Amit Anurag Singh MD,DM(Gastroenterology)",GASTROENTEROLOGY_CLINIC,,Gau Mata chowk,"Sanjeevani Superspeciality Clinic, Pandit Ravishankar Shukla Stadium, Gau Mata chowk, in front of Bank of Baroda, Wright Town, Jabalpur, Madhya Pradesh 482002",23.1657406,79.9260617,Wright Town,091097 47197,info@sanjivinihealthcare.com,https://www.apnabusinesscard.com/Dr-Amit-Anurag-Singh
fb5f9514-e421-4821-b273-facbf34eb75d,Dr. Atul kumar Patel,GENERAL_CLINIC,,Madan Mahal Railway Station Rd,"gate 4, Hope health clinic,pillar number 136, Madan Mahal Railway Station Rd, Wright Town, Jabalpur, Madhya Pradesh 482001",23.1628543,79.9207505,Wright Town,090749 80658,patelatulking18@gmail.com,https://jabalpurhelpline.com/dr-atul-kumar-patel-laparoscopic-surgeon
1950e7ed-e17a-4094-b138-703cbba9db7f,Dr K K Verma -LAPAROSCOPY #HERNIA #GALL STONES #GASTRO #BARIATRIC# PILES #VERICOSE VEIN #SURGEON.in Jabalpur,GASTROENTEROLOGY_CLINIC,,stadium ROAD,"shop no 29, 30, stadium ROAD, opposite Satya Ashoka Hotel, Wright Town, Jabalpur, Madhya Pradesh 482002",23.1652353,79.927091,Wright Town,,drkrishan.kant@gmail.com,http://drkkverma.com/
3943c0a0-ec3a-41c2-a61e-b0405e0f4d4d,THC Triveni Healthcare/A Unit of Jamdar Hospital,HOSPITAL,,Wright Town,"1480, Wright Town, Jabalpur, Madhya Pradesh 482002",23.166102,79.9270061,Wright Town,075660 03344,info@thcjbp.com,https://www.thcjbp.com/
b3fcf29c-47fc-430b-bf2e-174ae9200134,Dr. Nachiket Pansey - best Orthopedic surgeon in jabalpur,ORTHOPEDIC_CLINIC,,Wright Town,"Anant Hospital, Wright Town, Jabalpur, Madhya Pradesh 482002",23.1654784,79.9222821,Wright Town,093010 09494,pansey123@gmail.com,http://drnachiketpansey.com/
537f9e7c-2f4a-4e0a-90e1-2af102e04be4,DR. D.U. PATHAK,GENERAL_CLINIC,,Madan Mahal Railway Station Rd,"Shakti Apartment, Telegraph Gate No. 4, Poll No. 65, Ranital, to, Madan Mahal Railway Station Rd, Wright Town, Jabalpur, Madhya Pradesh 482002",23.1647566,79.9216222,Wright Town,094251 52747,,http://dupathak.com/
dc569ec5-3b9c-426c-bcd2-2a25940c0cda,Dr Babu Kailash Pansey | Neurosurgeon | Anant Multispeciality Hospital,MULTISPECIALTY_HOSPITAL,,WARD,"ANANT NURSING HOMES PVT LTD, 299-B, SUBHDRA KUMARI, WARD, Wright Town, Jabalpur, Madhya Pradesh 482002",23.1655308,79.9221869,Wright Town,074007 79494,,https://ananthospital.org/
4f82829d-ca54-4590-85ac-c092de1cb479,Sudha Multi Speciality Hospital & High Risk Pregnancy Centre,HOSPITAL,,Gole Bazar,"Prestige Poonam Archade, 837, Gole Bazar, Wright Town, Jabalpur, Madhya Pradesh 482002",23.1685432,79.9269211,Wright Town,091110 14804,sudhamultispecialityhospital@gmail.com,http://sudhamultispecialityhospital.in/
bc2cd93b-7eae-4f72-8564-6ba6b8924b44,Mahakoshal Hospital: Best Hospital in Jabalpur,HOSPITAL,,Gau Mata Chowk,"Gate No. 3, Gau Mata Chowk, at, Mahakaushal Hospital Rd, opp. Nehru Stadium, Wright Town, Jabalpur, Madhya Pradesh 482002",23.1644029,79.9256912,Wright Town,076124 01909,mahakoshalhospitaljabalpur@gmail.com,https://www.mahakoshalhospital.com/
16398153-3632-4cf0-9b47-e287faf19a8f,Golden Heart Hospital Jabalpur,HOSPITAL,,Wright Town,"1179/1, opp. Keshav Kutti, Wright Town, Jabalpur, Madhya Pradesh 482002",23.16671,79.925635,Wright Town,070473 34733,,http://www.goldenheart.org.in/
6e8b3a2c-c333-430f-bfba-dd4c5eccb09a,Dr. Harsha Reddy | Best Cardiologist in Jabalpur,CARDIOLOGY_CLINIC,,Ranital Chowk,"Naik Multi-speciality Hospital, Ranital Chowk, 832, Gol Bazar Rd, Wright Town, Jabalpur, Madhya Pradesh 482002",23.1689534,79.9244197,Wright Town,091790 44472,info@nmhjabalpur.com,https://www.nmhjabalpur.com/
2e3ea4b2-3d54-4856-8e33-72cf46ac8bd2,Dr Ambuj Soni | Physician | Jabalpur,GENERAL_CLINIC,,Marble city hospital,"OPD NO 7, Medicine Department, Marble city hospital, Russel Chowk, in front of Bhavartal Garden Road, Marhatal, Jabalpur, Madhya Pradesh 482001",23.1634043,79.9328931,Wright Town,,,https://drambujsoni.whitecoats.com/
015a78ac-9c82-4d85-87d3-59c38ead5848,Agrawal Multispeciality Clinic (Dr. Bipin Agrawal - General Physician),MULTISPECIALTY_HOSPITAL,,Opposite Big Bazar South Avenue Mall,"Opposite Big Bazar South Avenue Mall, Jabalpur, Madhya Pradesh 482008",23.1233767,79.9278613,Civil Lines,080857 50706,drbipinagrawal@outlook.com,https://apnabusinesscard.com/Agrawal-Multispeciality-Clinic
9691ee07-3ae7-4eca-a708-23b6e7bb0521,Dr. Jaiswal's Clinic | General physician / Heart physician Obesity / OSA Clinic / Neurologist / Cardiologist in Jabalpur,CARDIOLOGY_CLINIC,,Home Science College Rd,"Infront of mahila thana, 1487, Home Science College Rd, Napier Town, Jabalpur, Madhya Pradesh 482002",23.1614831,79.9209061,Civil Lines,091261 11214,,
032f90cd-9a33-4ac2-84bb-5da93d294210,Dr. T. K. Saikia (General Physician),GENERAL_CLINIC,,Garha Rd,"UDAY Clinic, Near Gate, No. 1, Garha Rd, Jabalpur, Madhya Pradesh 482002",23.1694117,79.917696,Civil Lines,094243 20777,trideepranjusaikia@hotmail.com,http://jabalpurhelpline.com/dr-t-k-saikia-md-medicine
7067e7f8-e8c1-4e3a-8b3c-8c5bf5d8f618,Dr-Shubham Raj Awasthi,GENERAL_CLINIC,,Prestige Town,"N-7, near south civil LINe, Prestige Town, South Civil Lines, than, Jabalpur, Madhya Pradesh 482001",23.1624416,79.9579118,Civil Lines,094251 16016,,
e39efe8a-bd53-4c3b-80fb-c001732b3eb4,Dr Shyam Gupta,GENERAL_CLINIC,,Vijay Nagar,"315, Vijay Nagar, Jabalpur, Raksha, Madhya Pradesh 482002",23.1892584,79.904219,Civil Lines,083199 22727,,
5becf8fb-f4d6-4fc2-bd95-b70d777a8c9b,Dr. Sandhu Clinic,GENERAL_CLINIC,,Police Station,"Rada Tower shop no5 Oppposite, Ranjhi, Police Station, Jabalpur, Madhya Pradesh 482011",23.1954118,79.9969446,Civil Lines,094247 67771,help@drgssandhu.com,http://drgssandhu.com/
75917c76-e76b-4cf0-9334-477712ec180f,Dr Satija Clinic,GENERAL_CLINIC,,Ground Floor Kachna Krishna South Civil,"5X75+R3Q, Ground Floor Kachna Krishna South Civil, Jabalpur, Madhya Pradesh 482001",23.1645888,79.9577329,Civil Lines,088894 86012,,
3c3274df-b833-4baa-9006-50a8a6bb0b99,Dr. Ayush Shrivastava ( डॉ. आयुष श्रीवास्तव ),AYURVEDA_CLINIC,,Captainganj,"Healthy Minds Besides Bank of Baroda, Near, Shastri Bridge, Captainganj, Napier Town, Jabalpur, Madhya Pradesh 482001",23.1591974,79.9294847,Civil Lines,096856 83131,,https://linktr.ee/drayush
0c9394cf-6b68-4c78-919c-dd9e3d2cdb20,Pulse Clinic,GENERAL_CLINIC,,Delite Taklies Rd,"5X74+F3V, Delite Taklies Rd, Prestige Town, South Civil Lines, Jabalpur, Madhya Pradesh 482001",23.1637402,79.955186,Civil Lines,,,
af9772ac-3bfb-46e8-9918-950fc7db5198,Dr. Akash Jain | Best Medical specialist and Diabetologist in jabalpur,GENERAL_CLINIC,,opposite Prem nagar,"Dashmesh dwar Madan Mahal, opposite Prem nagar, Gurudwara, Jabalpur, Madhya Pradesh 482001",23.1546153,79.9182914,Civil Lines,098933 39534,akashmodijbp@gmail.com,https://apnabusinesscard.com/Dr-Akash-Jain-%28DNB-Medicine%29
829bc045-f467-4999-800a-f614b1ed19e0,Dr Sachin Upadhyay Clinic,GENERAL_CLINIC,,Sneh Nagar Chowk,"622, Sneh Nagar Chowk, Sneh Nagar, Jabalpur, Madhya Pradesh 482002",23.1653426,79.915115,Civil Lines,072472 43640,,
33d70384-d494-42e5-a182-568afa5bdabb,Dr.Akash Guheriya,GENERAL_CLINIC,,Ahinsa Chowk,"Om sai polyclinic by pathkind labs, Ahinsa Chowk, near shalby hospital, Vijay Nagar, Jabalpur, Raksha, Madhya Pradesh 482002",23.1855427,79.9086126,Civil Lines,078690 50743,,
964ce29d-7884-481c-ad7c-01adb6792be7,Dr. Aditya Parihar (MD Medicine),GENERAL_CLINIC,,KanchGhar,"opposite bhagwan dutt school, KanchGhar, Jabalpur, Madhya Pradesh 482001",23.1800951,79.9578854,Civil Lines,093027 89333,pariharaditya1@gmail.com,https://jabalpurhelpline.com/dr-aditya-parihar-md-medicine
82cdae4c-c8f1-423f-9b68-4ef1426aa7a3,Dr. Rupanshu Mehra,GENERAL_CLINIC,,Garha Purwa Road,"Vaibhav Medicos, Garha Purwa Road, near Dhanwantari Nagar Chowk, Dhanvantari Nagar, Jabalpur, Madhya Pradesh 482003",23.1560832,79.876042,Civil Lines,090908 09015,,https://youtube.com/@drrupanshumdmedicine?si=z69IbdICgdc2TiqQ?sub_confirmation=1
62a8cbdb-d25a-4a34-abbe-643723bd72dd,Dr Rahul Kewal Kumar,GENERAL_CLINIC,,Gupteshwar Rd,"1860, Gupteshwar Rd, Gupteshwer Ward, Premnagar, Gupteshwar, Jabalpur, Madhya Pradesh 482001",23.1495119,79.9180336,Civil Lines,099077 61677,,
2624b046-f78b-4065-8663-f6e42ed224e5,Dr. Reetesh Singhai- General Physician in Jabalpur,GENERAL_CLINIC,,Trimurti Nagar,"Mahabeer Clinic House No. 311, Trimurti Nagar, Rani Durgawati Chowk, Madhya Pradesh 482002",23.1966033,79.9170492,Civil Lines,,swati.remedo@gmail.com,https://drreeteshsinghai.getmy.clinic/?utm_source=gmb&utm_medium=web&utm_campaign=tu
d9d29ea5-6b60-4555-a035-79f820f34a2d,Dr. Priyanka - General Physician | Family Care Clinic,GENERAL_CLINIC,,Medical Road,"Shyam Maalguzar Parisar, Ayushi Homes, Medical Road, Shastri Nagar, Sagda, Jabalpur, Madhya Pradesh 482003",23.1393851,79.8697186,Civil Lines,092437 64252,,
9c1f0e97-3adb-4c07-858c-60b84421d5d0,Divya Family Clinic,GENERAL_CLINIC,,Ganga nagar main road,"Ganga nagar main road, Nav Nivesh Colony, Garha, Jabalpur, Madhya Pradesh 482003",23.1598751,79.8919656,Civil Lines,088188 49122,,
3a489c5c-709c-41df-8ce8-abfe772a45e5,Experienced Chest Care Specialist in Jabalpur |Sun Clinic - Dr. Nidhi Dixit,GENERAL_CLINIC,,Napier Town,"Shop No. 16, Dixit Pride, Napier Town, in front of Tyab Ali Petrol Pump, Madhya Pradesh 482001",23.1660145,79.9388979,Civil Lines,080876 01456,priyanshudixit01@gmail.com,https://sunclinicjbp.in/dr-nidhi-dixit-best-chest-care-in-jabalpur/
b25d7e3a-7c43-477b-a2fa-be90e94a68da,Dr. Abhineet Jain | Piles Specialist | Laparoscopic | Fissure | Fistula | Hernia Surgeon in Jabalpur,SURGICAL_CENTER,,Ukhri Rd,"23/A, Ukhri Rd, beside Sriram Hotel, Baldeobagh, Cherital, Jabalpur, Madhya Pradesh 482002",23.1786766,79.9235007,Civil Lines,079744 91360,abhijain2788@gmail.com,http://www.drabhineetjain.in/
884d968f-d506-496c-8b7e-3a5f12567dac,Dr. Nitin Choudhary M.D. (Consultant at Jabalpur Hospital),HOSPITAL,,Jabalpur Hospital to Shastri Bridge Rd,"Jabalpur Hospital to Shastri Bridge Rd, Napier Town, Jabalpur, Madhya Pradesh 482002",23.1622196,79.9361415,Civil Lines,,,
35fd93d0-3672-4a35-ba74-b480437165c8,Dr.Priyank Chaturvedi (M.D),GENERAL_CLINIC,,HIG 5 SHIV NAGAR,"HIG 5 SHIV NAGAR, Damoh Rd, Damoh Naka, Jabalpur, Madhya Pradesh 482002",23.1875264,79.9233695,Civil Lines,094245 20473,,
0a5106dd-bef1-44fb-a678-a6788c13fa98,𝗗.𝗥 𝗠𝘂𝗸𝗵𝗲𝗿𝗷𝗶 𝗣. 𝗚. 𝗠𝘂𝗹𝘁𝗶𝘀𝗽𝗲𝗰𝗶𝗮𝗹𝗶𝘁𝘆 𝗛𝗼𝘀𝗽𝗶𝘁𝗮𝗹 - Orthopedic Hospital in Jabalpur | Accident | Trauma Hospital in Jabalpur,HOSPITAL,,Prem Mandir Rd,"5W7F+WW8, 5W7G+R2W Near, 1933, Prem Mandir Rd, Wright Town, Jabalpur, Madhya Pradesh 482002",23.164621,79.925092,Civil Lines,0761 403 1586,,https://drmukherjipghospital.com/index.html
13292bbe-7fc1-430a-9fee-2960f8bd2b98,Dr.ashok barat,GENERAL_CLINIC,,Dr Barat Rd,"1522a, Dr Barat Rd, Napier Town, Jabalpur, Madhya Pradesh 482001",23.1607282,79.9404297,Civil Lines,,,
c63c85ab-48af-4796-884b-10c9bae755ee,Dr. Harsh Saxena (Neuro & Spine Clinic),ORTHOPEDIC_CLINIC,,Dr Radha Krishnan Chowk,"Shop No. 10, Datt Residency, Near, Dr Radha Krishnan Chowk, opp. Railway Stadium, North, South Civil Lines, Jabalpur, Madhya Pradesh 482001",23.1645058,79.9457881,Civil Lines,094251 53222,dr.harshsaxena@gmail.com,https://apnabusinesscard.com/Dr-Harsh-Saxena-%28Neurosurgeon%29
92a8938b-4d0c-4a7e-b9a1-6faf44d1b15b,Dr. Pankaj Kshatriya,GENERAL_CLINIC,,Napier Town,"Shop No. 10, Siddhi Vinayak Plaza, opp. jabalpur hospital, Napier Town, Jabalpur, Madhya Pradesh 482001",23.1625978,79.9361724,Civil Lines,093027 89333,drpkshatriya@gmail.com,https://jabalpurhelpline.com/dr-pankaj-kshatriya-cardio-diabetic-and-chest-clinic
2b186818-fbee-4e45-b845-2ba3477d6ea6,Dr Sonal Sahni,GENERAL_CLINIC,,Home Science College Rd,"Best Care Hospital, Home Science College Rd, Napier Town, Jabalpur, Madhya Pradesh 482002",23.160337,79.924797,Civil Lines,097131 11311,srajwarsahni@gmail.com,https://apnabusinesscard.com/Dr-Sonal-Sahni
aec25462-63de-41b1-a49c-0c39ccc6fcbd,Sai Clinic,GENERAL_CLINIC,,South Civil Lines,"Kachnar Enclave, 1 New Sai Baba Mandir, South Civil Lines, Jabalpur, Madhya Pradesh 482001",23.161775,79.9615649,Civil Lines,099938 76213,,
3b491b22-5787-4d42-94ef-5610f86b4304,Nephrocare (Dr. Vishal Wadhera) - Best Kidney Doctor / Best Nephrologist in Jabalpur,NEPHROLOGY_CLINIC,,South Civil Lines,"Datt Residency, 1-2, opp. Railway Stadium North, South Civil Lines, Jabalpur, Madhya Pradesh 482001",23.1645362,79.9456987,Civil Lines,0761 401 7781,nephrocarejbp@gmail.com,https://www.jabalpurhelpline.com/dr-vishal-wadhera-nephrocare
f7699a87-4bb6-46a0-9d3d-47f976c47508,Dr J M Nema,GENERAL_CLINIC,,Telephone Exchange Road,"Kamania Gate, Door No-259, Telephone Exchange Road, Main Road, Adhartal, behind Durga Temple, Suhagi, Jabalpur, Madhya Pradesh 482004",23.2190175,79.9583348,Civil Lines,094243 14125,,
bfa2a780-5c85-4321-8431-e00ad12ddcdc,Dr Pradeep Patel,GENERAL_CLINIC,,Gupteshwer Ward,"Gupteshwer Ward, Premnagar, Gupteshwar, Jabalpur, Madhya Pradesh 482001",23.1516907,79.9181556,Civil Lines,094254 49808,drpradeeppjbp@gmail.com,https://jabalpurhelpline.com/dr-pradeep-patel-md-medicine
3ed72002-d586-428b-8d73-ececf31cda78,Dr. Satish Asrani,GENERAL_CLINIC,,Panch Sheel Nagar,"Panch Sheel Nagar, Satyanand Vihar, Adarsh Nagar, Rampur, Jabalpur, Madhya Pradesh 482008",23.1405571,79.9257805,Civil Lines,,,
7b6c67a3-eea5-4383-b3da-4d817668c115,Dr A k Wadhwani,GENERAL_CLINIC,,Sadar Bazar,"Street Number 2, beside Shani temple, Sadar Bazar, Sadar, Jabalpur, Madhya Pradesh 482001",23.1535991,79.9455389,Civil Lines,093001 29774,,
062920f3-390d-44c9-abfe-4478cd1e7619,Dr. Ashok Roy (Roy Remedies),GENERAL_CLINIC,,near Ghamapur Square,"520 Champalal Building ,Ghamapur, next to Dubey Surgical, near Ghamapur Square, Jabalpur, Madhya Pradesh 482001",23.1761455,79.9463591,Civil Lines,094258 61861,,
8e57e25a-01b0-41c9-bcfd-229d1e22c10a,Dr. G. Shrinivas. Naidu (child specialist),PEDIATRIC_CLINIC,,Tagore Railway Colony,"21/A, near Samdariya Complex, Tagore Railway Colony, South Civil Lines, Jabalpur, Madhya Pradesh 482001",23.1611605,79.9477457,Civil Lines,097555 94655,celestialshrinivas@gmail.com,https://jabalpurhelpline.com/dr-g-shrinivas-naidu-child-specialist
6dc74243-ca6d-46bf-80ce-1fcef1ae7e9e,Dr. Sachin Upadhyay- General Physician In Jabalpur,GENERAL_CLINIC,,Sneh Nagar Chowk,"Sachin Upadhyay Clinic 622, Sneh Nagar Chowk, Sneh Nagar, Damoh Rd, near Honda Showroom, Vijay Nagar, Jabalpur, Madhya Pradesh 482002",23.1773329,79.9012327,Civil Lines,,archana.ravi@remedoapp.com,https://drsachinupadhyay.getmy.clinic/?utm_source=gmb&utm_medium=web&utm_campaign=tu
f0862163-7995-4ff4-a5f8-5c7ec6a2c77f,Adi Shankar Hospital,HOSPITAL,,Road,"1353, Road, near Adi Shankaracharya chowk, Gorakhpur, Thana, Jabalpur, Madhya Pradesh 482001",23.1504565,79.9271726,Civil Lines,0761 402 0108,adishankarhospital@gmail.com,https://apnabusinesscard.com/Adi-Shankar-Hospital
f28da9b2-6a43-454f-ac28-eec03f3ebd30,Dr. J.P Saraf (Child Specialist & Vaccination Centre),PEDIATRIC_CLINIC,,Govindh Bhavan Colony,"5X74+JMX, near British School Of English, Govindh Bhavan Colony, South Civil Lines, Jabalpur, Madhya Pradesh 482001",23.1641159,79.9567365,Civil Lines,098270 83118,,
b7fbe31c-cd6a-4690-b4da-a783b9e97157,Dr.Ankit Yadav Clinic,GENERAL_CLINIC,,South Civil Lines,"Shop No. 4, Dutt Arcade, near Narmada Jacksons Hotel, Phase III, South Civil Lines, Jabalpur, Madhya Pradesh 482001",23.1647651,79.9578158,Civil Lines,099938 79811,,
d37f2890-0188-49ce-8e17-0b4b63d93653,Dr. H.H Khan ENT hospital,HOSPITAL,,near City Hospital,"5W7V+3VX, near City Hospital, Malhotra Compound, South Civil Lines, Jabalpur, Madhya Pradesh 482001",23.1627366,79.9447256,Civil Lines,076126 20789,,
feec4d1c-d488-4b9f-a664-fbd215212fb0,"Dr. Nitin Choudhary- MD (Medicine) | Diabetes, Thyroid & Endocrinology Clinic",GENERAL_CLINIC,,near Ekta Chowk,"Shop No. 3, Godawari Apartment, beside Croma, near Ekta Chowk, Vijay Nagar, Jabalpur, Madhya Pradesh 482002",23.1815787,79.9096786,Civil Lines,094296 92792,,https://drnitinchoudhary.com/
2a1229c8-8930-4427-8066-db1bf1cb607f,City Hospital and Research Center,HOSPITAL,,South Civil Lines,"South Civil Lines, Nagrath Chowk, Jabalpur, Madhya Pradesh 482001",23.1624185,79.9445541,Civil Lines,076040 44111,,https://cityhospitaljabalpur.com/
1a650e61-9d4f-4dbf-9ee6-ccd79fc24bfb,Dr. Dileep Kumar Tiwari - Sanjeevni Super Speciality Clinic | Interventional Cardiologist in Jabalpur,CARDIOLOGY_CLINIC,,Sanjivani Superspeciality Clinic Gomata Chowk,"Infront of Johri Hospital, Sanjivani Superspeciality Clinic Gomata Chowk, Wright Town, Jabalpur, Madhya Pradesh 482002",23.1653403,79.9259833,Civil Lines,095999 34886,drdileeptiwari@gmail.com,https://apnabusinesscard.com/Dr-Dileep-Kumar-Tiwari
3441a997-d80f-4416-9947-ffbc69f8a0ca,Railway Hospital Jabalpur,HOSPITAL,,South Civil Lines,"35, South Civil Lines, Jabalpur, Madhya Pradesh 482001",23.1675352,79.9523413,Civil Lines,076222 37058,,
8a719768-0692-4cc4-a287-5fddedeef73a,LARI Heart Care Centre (Dr. Ashish Tiwari),CARDIOLOGY_CLINIC,,Ekta Chowk,"Ekta Chowk, MR-4 Rd, beside Bikaner Sweets, Vijay Nagar, Jabalpur, Madhya Pradesh 482002",23.1821701,79.9095696,Civil Lines,098933 36443,,https://drashishcardio.com/
c0959fde-5917-4fdf-89ac-cfbb0dd8e26e,Dr. NISHANT JAIN,GENERAL_CLINIC,,Narmada - Gwarighat Rd,"Sukh Sagar Valley, B98, Narmada - Gwarighat Rd, Polipather, Jabalpur, Madhya Pradesh 482008",23.1159228,79.9256212,Gwarighat,,,https://www.drnishantjain.in/
3d167e99-bcc1-4c5a-b3a4-09b201fcf01c,"Dr. G. P. Pande, MD",GENERAL_CLINIC,,Gwarighat Rd,"Triveni Green Residency, D 4, Gwarighat Rd, Bhim Nagar, Polipather, Jabalpur, Madhya Pradesh 482008",23.1206199,79.9241409,Gwarighat,078986 94472,,
f623e90a-f4da-47fa-8c9b-08f4c234f668,Doctors,GENERAL_CLINIC,,Gwarighat Main Rd,"Gwarighat Main Rd, beside Sai temple, Bhim Nagar, Narmada Nagar, Jabalpur, Madhya Pradesh 482008",23.1174697,79.9246318,Gwarighat,093001 29774,,
4e830d77-e674-404c-8f8c-ae24fc585fb4,DR. S.N. Bose Hospital,HOSPITAL,,Gwarighat,"4WFG+2QP, Polipathar Larkug, Gwarighat, Jabalpur, Madhya Pradesh 482008",23.1225823,79.9269466,Gwarighat,,,
5a1301ea-1433-42e6-82d5-d6ff2d079342,Dr.Sanjay Yadav M.D.,GENERAL_CLINIC,,Awadhpuri Colony,"Plot No. 27, Narmada Hills, Awadhpuri Colony, Gwarighat, Jabalpur, Madhya Pradesh 482008",23.113409,79.9265899,Gwarighat,,,
6bec4d80-06df-4879-a52b-7beda9d50733,"Dr.Siddharth Budhauliya, Dhanvantari Clinic",GENERAL_CLINIC,,Gwarighat Rd,"131, Gwarighat Rd, Bhim Nagar, Narmada Nagar, Jabalpur, Madhya Pradesh 482008",23.1176278,79.9239174,Gwarighat,,,
d81b874d-1a53-4c5e-aca0-0c6edf553f93,Ortho And Family Care Clinic,ORTHOPEDIC_CLINIC,,Narmada Rd,"4WCG+MQJ, Narmada Rd, Bhim Nagar, Gwarighat, Jabalpur, Madhya Pradesh 482008",23.12171,79.9268939,Gwarighat,098981 41201,,
c8fef164-0ffe-4723-a665-eae9a93c755e,Faith Poly-Clinic Gwarighat Road Jabalpur,GENERAL_CLINIC,,Gwarighat Rd,"2737, Gwarighat Rd, beside Uco Bank, Near Bigbazar, Bhim Nagar, Polipather, Jabalpur, Madhya Pradesh 482008",23.1232288,79.927802,Gwarighat,093027 89333,faithpolyclinicjbp@gmail.com,https://jabalpurhelpline.com/faith-poly-clinic-gwarighat-road
504c44c2-25d6-42dc-a8ca-793b9ece5b46,Hope kids clinic (Dr. Neha Singh - Child Specialist),PEDIATRIC_CLINIC,,Gwarighat Main Rd,"Shop no 3, SS Plaza, Gwarighat Main Rd, opposite Royaloak furniture, Bhim Nagar, Polipather, Jabalpur, Madhya Pradesh 482008",23.1184073,79.9250645,Gwarighat,063024 06851,drnehasinghkgmu@gmail.com,https://jabalpurhelpline.com/dr-neha-singh-child-specialist
48d0df3e-6f34-4a85-a3fc-69d4b472402f,"Government Homeopathy Dispensary Polipathar, Jabalpur (AYUSH) Madhya Pradesh",AYURVEDA_CLINIC,,Bhim Nagar,"4W8J+RM, Bhim Nagar, Polipather, Jabalpur, Madhya Pradesh 482008",23.1171149,79.9317348,Gwarighat,,,
8509fc25-ad5a-4ea8-ac3a-46b7af25ad1d,Dr. Badgaiya homoeopathic clinic:Best Homeopathic clinic /Best Homeopathic Doctor / Homeopathic Doctor in Jabalpur,HOMEOPATHY_CLINIC,,Rampur Chowk,"Rampur Chowk, Road, Gwarighat, Jabalpur, Madhya Pradesh 482008",23.1404664,79.9251259,Gwarighat,062608 12016,drvinodbadgaiyan@gmail.com,https://jabalpurhelpline.com/dr-badgaiya-s-homeopathic-clinic-and-research-centre
ed1f96d3-c480-48fa-b6f6-a30e6d0bd05c,Dr Anant Dubey Clinic,GENERAL_CLINIC,,Gwarighat,"X52M 2VQ Narsinghpur, Gwarighat, Jabalpur, Madhya Pradesh 482008",23.1070007,79.9246359,Gwarighat,087200 51855,,
e7192737-2a15-478c-a068-7bbfdb75d5f9,"Kamla Devi Ayurved Chikitsa Kendra Evum Piles Diagnostic Center, JBP",DIAGNOSTIC_CENTER,,Awadhpuri Colony,"Awadhpuri Colony, Gwarighat, main road, retnaka, Jabalpur, Madhya Pradesh 482008",23.1140168,79.9231921,Gwarighat,096444 05676,,
7cbb322d-954e-4f55-b580-1f04a8c46361,DOCTOR FOR HOME VISIT IN JABALPUR | Dr MN,GENERAL_CLINIC,,Unknown,,23.1756951,79.9687529,Gwarighat,091833 82292,,
9c6e2436-26bc-4c09-8adf-4a30a6023e55,Ashirwad polyclinic,POLYCLINIC,,Narmada Nagar,"Narmada Nagar, Infront of Sukh-Sahar Vaili, Road, Gwarighat, Jabalpur, Madhya Pradesh 482008",23.1160436,79.9270521,Gwarighat,,,
c16c4371-9a8c-4e92-b0fb-c1d0db365072,Shukla Medicos,PHARMACY,,Awadhpuri Colony,"4W7F+H7W, Awadhpuri Colony, Gwarighat, Jabalpur, Madhya Pradesh 482008",23.1139903,79.9232065,Gwarighat,0761 400 3041,,
86931a94-a252-4488-a490-a21984b67f97,Golhani Homeo Clinic,HOMEOPATHY_CLINIC,,Bhim Nagar,"4WCG+FG3, Palipather, Gwarighat, Bhim Nagar, Polipather, Jabalpur, Madhya Pradesh 482008",23.1211433,79.9262837,Gwarighat,099263 30795,,
a20ac807-f04f-4d10-96c7-a70169cf4613,DR. LAL PATHLABS -POLIPATHAR,PATHOLOGY_LAB,,Narmada - Gwarighat Rd,"Narmada - Gwarighat Rd, Bhim Nagar, Polipather, Jabalpur, Madhya Pradesh 482008",23.1277617,79.9300979,Gwarighat,078797 17475,,http://www.lalpathlabs.com/
df638df9-e6e4-4f0e-9580-f59d338ee8e8,Dr. Nipun Agrawal,GENERAL_CLINIC,,Gwarighat Main Rd,"Faith lung care clinic, Gwarighat Main Rd, in front of South Avenue Mall, Bhim Nagar, Polipather, Jabalpur, Madhya Pradesh 482008",23.1232439,79.9277928,Gwarighat,087703 31208,drnipunpulmo28@gmail.com,https://www.apnabusinesscard.com/Dr-Nipun-Agrawal-%28Pulmonologist%29
20b8b2ce-6922-48f3-ae44-faad96b04a9f,Life Medicity Multi Speciality Hospital,HOSPITAL,,Aaga Chowk near baldeobagh (2.75 km) 482001,"Aaga Chowk near baldeobagh (2.75 km) 482001, Madhya Pradesh 482002",23.1762774,79.9247394,Gwarighat,0761 492 5151,,http://www.lifemedicity.com/
c69fa82a-9f86-4139-8b6e-23480e8dfe45,Sule Hospital,HOSPITAL,,Rampur Chowk,"Near, Rampur Chowk, Panch Sheel Nagar, Satyanand Vihar, Adarsh Nagar, Rampur, Jabalpur, Madhya Pradesh 482008",23.1402141,79.924903,Gwarighat,0761 355 3248,contactus@sulehospital.com,https://sulehospital.com/
9e846a85-0a28-4cef-a74a-ba2473e9130f,Dr Deepak Soni The Vaccine Paediatrician Rampur Chowk Jabalpur,PEDIATRIC_CLINIC,,Rampur Chowk,"4WRG+QF8, Rampur Chowk, Gwarighat Road, near GRC gate, Jabalpur, Madhya Pradesh 482001",23.1419021,79.9262152,Gwarighat,095841 70651,,
c6d8809f-98f3-4bb7-b5fe-e09125fcd15d,KJ Memorial Hospital - Genral Medicine |Gynecology & Maternity Hospital | Genral & Laproscopic Surgey| in Jabalpur,MATERNITY_HOSPITAL,,BeoharBagh,"1/8-A, opposite Singhai Petrol Pump, BeoharBagh, Jabalpur, Madhya Pradesh 482001",23.1737497,79.9468922,Gwarighat,076107 70770,kjmemorial@hotmail.com,http://www.kjmemorialhospital.com/
a971ca32-874a-4c97-965c-0865385421f8,Kumar Hospital,HOSPITAL,,Adarsh Nagar,"Adarsh Nagar, Rampur, Jabalpur, Madhya Pradesh 482001",23.131606,79.9279812,Gwarighat,084610 00003,,http://kumarhospital.co.in/
bd41f9bc-341a-4008-861f-4e461c65dd83,Dr Vishal Asrani,GENERAL_CLINIC,,Grenade Chowk Gwarighat Road,"Asrani clinic, Rampur Crossing, Grenade Chowk Gwarighat Road, Madhya Pradesh 482001",23.140531,79.9257332,Gwarighat,089623 52247,vishal2508@gmail.com,https://jabalpurhelpline.com/dr-vishal-asrani-rheumatologist
fb20f328-ecc4-4082-b5aa-0f3f94dca885,Lady doctor Homeopathic physician Dr Madhuri,HOMEOPATHY_CLINIC,,road,"road, Indirapuri Colony, Rampur, Jabalpur, Madhya Pradesh 482008",23.1298018,79.9325256,Gwarighat,076126 68830,,
657979dc-010b-4633-bde5-5604814abf2e,Laxmi Narayan Hospital,HOSPITAL,,Nagpur Rd,"1125, Nagpur Rd, Madan Mahal, Jabalpur, Madhya Pradesh 482002",23.1563812,79.9166723,Gwarighat,096859 69988,drashishgupta@laxminarayan.hospitalcontact,https://www.laxminarayanhospital.in/
78f182d6-e289-447c-aa6f-61400ccc2066,Lovkush choudhary,GENERAL_CLINIC,,Bhim Nagar,"4WGJ+HGM, Bhim Nagar, Polipather, Jabalpur, Madhya Pradesh 482008",23.1264654,79.9313055,Gwarighat,,,
cbe052ce-f764-4388-a2c7-d45e89422f13,Kerala Ayurved Niketan - Gwarighat Road,AYURVEDA_CLINIC,,Gwarighat Rd,"Gwarighat Rd, near Baadshah Halwai Mandir, near Badshah, Adarsh Nagar, Polipather, Jabalpur, Madhya Pradesh 482008",23.1281256,79.9304006,Gwarighat,070893 03370,,
19de964f-e962-44d2-8e56-65787660b6a4,𝗗𝗿 𝗧𝗮𝗻𝗺𝗮𝘆 𝗦𝗮𝗿𝗸𝗮𝗿 (𝗢𝗿𝘁𝗵𝗼) - Fracture/Back pain/Knee pain/sciatica treatment/Best orthopedic surgeon in Jabalpur,ORTHOPEDIC_CLINIC,,1240 adarsh nagar bhargav compound Narmada Road jabalpur Near Sindhi ki chakki 50 meters ahead and,"petrol pump, 1240 adarsh nagar bhargav compound Narmada Road jabalpur Near Sindhi ki chakki 50 meters ahead and, opposite to adarsh nagar, Jabalpur, Madhya Pradesh 482020",23.1373056,79.9268282,Gwarighat,098261 45974,,
cdb26a56-b99d-4d49-8017-413dc587efc3,SC Gupta Memorial Hospital,HOSPITAL,,APR Colony,"122, APR Colony, Katanga, Jabalpur, Madhya Pradesh 482001",23.1487076,79.9365144,Gwarighat,,,
5e3ace7e-f862-498a-9855-f918b0cd8b13,Dr Pragya Awasthi,GENERAL_CLINIC,,4791,"4791, Sam, Madhya Pradesh 482008",23.124143,79.9271427,Gwarighat,088152 93177,,
78ed98e0-68ab-4290-b457-bd7d0bc8bdee,Dr. Namrata Chauhan (Neurologist),NEUROLOGY_CLINIC,,Dr. Chauhan Heera Market,"Dr. Chauhan Heera Market, Road, Rampur Chowk, Gwarighat, Jabalpur, Madhya Pradesh 482008",23.1404103,79.9258045,Gwarighat,083499 64389,khandelwalnamrata1981@gmail.com,http://jabalpurhelpline.com/dr-namrata-khandelwal-chauhan-neurologist
6f25aa26-b726-4400-a02e-97c1dfc09e26,Government Autonomous Ayurvedic College And Hospital,HOSPITAL,,Awadhpuri Colony,"4W5J+V87, near geetagham, Awadhpuri Colony, Gwarighat, Jabalpur, Madhya Pradesh 482008",23.1095505,79.9307278,Gwarighat,076129 70733,pri.ayurvedajbp@gmail.com,http://gac.edu.in/
5038a33b-afcf-4cee-b15e-3fb663b83ace,"Shalby Multi-Specialty Hospital, Jabalpur",MULTISPECIALTY_HOSPITAL,,Scheme No. 5 Ahinsa Chowk,"Plot- B, Scheme No. 5 Ahinsa Chowk, Road, Kanchan Vihar, Vijay Nagar, Jabalpur, Madhya Pradesh 482002",23.1850633,79.9091019,Gwarighat,095758 01200,info.jabalpur@shalby.org,https://www.shalby.org/hospitals/jabalpur-shalby/?utm_source=google&utm_medium=GMB&utm_campaign=search
caa47e40-95e4-4e84-85a6-8aee7bebb358,Mamta Dental Clinic,DENTAL_CLINIC,,road,"Shop no 1, road, Ret Naka, Awadhpuri Colony, Gwarighat, Jabalpur, Madhya Pradesh 482008",23.1137187,79.9232476,Gwarighat,094243 93157,,
f8b0e23f-2e7f-43ed-b558-6f67c555dabc,Maa Kamakhya hospital and research Center,HOSPITAL,,Main road,"Narmada Complex, Main road, Suhagi, Jabalpur, Madhya Pradesh 482001",23.2211053,79.9593473,Gwarighat,088399 86864,,https://www.bharatibiz.com/en/maa-kamakhya-hospital-and-research-097555-54798
6a0d2c19-a981-486f-8fae-87f633ea961a,Ayurvedic Prasutika Kaksha,AYURVEDA_CLINIC,,Unnamed Road,"4W5J+WGW, Unnamed Road, Awadhpuri Colony, Gwarighat, Jabalpur, Madhya Pradesh 482008",23.109859,79.9313186,Gwarighat,,,
e401ed84-21f3-4ec4-b9e4-2b9b47859b13,Satish Wellness Clinic,GENERAL_CLINIC,,Narmada Nagar,"Shop 2, Vaishali Parisar, Polipather, Narmada Nagar, Gwarighat, Jabalpur, Madhya Pradesh 482008",23.1195559,79.9211079,Gwarighat,098253 75898,,https://www.facebook.com/profile.php?id=61559742672783
0e8b70f8-ecf9-41d0-a5a2-1a2ae601cfd2,Shri Jee Homeo homeopathy Clinic,HOMEOPATHY_CLINIC,,Sai Mandir Rd,"Opp Indian Oil pump, Beside Rajasthan Misthan Bhandar, Sai Mandir Rd, Gwarighat, rd, Rampur, Jabalpur, Madhya Pradesh 482001",23.1379702,79.9270149,Gwarighat,081090 95708,,
61187e0f-ca80-4128-8b89-0ac9b85e42b0,Anushree Netra Chikitsalaya - Retina Specialist |Eye Doctor |Eye Specialist |Eye Hospital |Hospital With Ayushman In Jabalpur,HOSPITAL,,Nagar Nigam Rd,"1st Floor, Jabalpur Club Complex, Nagar Nigam Rd, near Jyoti Talkies, Patel Mohalla, Marhatal, Jabalpur, Madhya Pradesh 482002",23.1659452,79.9353592,Gwarighat,076102 76101,anushreenetrachikitsalaya@gmail.com,https://anushreeeyehospital.com/
9459e6c4-55cb-48be-8209-cdcd7f74d163,Sindhu Netralaya,GENERAL_CLINIC,,Gwarighat,"4W5P+86J, Gwarighat, Jabalpur, Madhya Pradesh 482008",23.1083272,79.93553,Gwarighat,,,
fccba8c0-8ff6-4d96-8272-8932b7192d34,Dr. Sakshi Bilaiya Agrawal,GENERAL_CLINIC,,Gwarighat Main Rd,"2709, 2709, Gwarighat Main Rd, opposite South Avenue Mall Polipathar, Geet Vihar Phase II, Bhim Nagar, Polipather, Jabalpur, Madhya Pradesh 482008",23.123368,79.9278909,Gwarighat,089894 98409,sakshibilaiya8318@gmail.com,https://apnabusinesscard.com/Dr-Sakshi-Bilaiya-Agrawal-MDS
85424f36-7a28-4537-9141-a94d900146cf,"Dr S.K Pandey M.D, D.C.P",GENERAL_CLINIC,,Bilhari,"4XM7+4F4, NH 12A, near Sharma Tutorials, Bilhari, Jabalpur, Madhya Pradesh 482020",23.1327566,79.9636996,Jabalpur Cantt,076126 00715,,
8421d274-0e50-4d3c-b174-84832a9101b2,DR (MRS) SUDESH KUMAR - Infertility Specialist in Jabalpur | Gynecologist in Jabalpur,GYNECOLOGY_CLINIC,,near Narmada Road,"Kumar Hospital, in front of Central Park, near Narmada Road, Adarsh Nagar, Rampur, Jabalpur, Madhya Pradesh 482001",23.1317318,79.927943,Jabalpur Cantt,074892 77544,,
e95c8038-c3af-4ff0-824e-2ce9254e2653,Sulkhiya hospital ( Dr. Ramesh Sulkhiya),HOSPITAL,,Bilhari,"opposite Dr sulakhiya clinic, Bilhari, Jabalpur, Madhya Pradesh 482020",23.1335861,79.9624838,Jabalpur Cantt,093011 65558,,
e9fdef6a-fafa-445f-b961-6a60c2531709,Military Hospital Jabalpur Madhya Pradesh,HOSPITAL,,Cantt,"4XV3+3HW, Cantt, Jabalpur, Madhya Pradesh 482001",23.1427388,79.9539635,Jabalpur Cantt,,,
7b0865d5-1a70-4b01-b555-849c840bc9ce,Hakim Doctor,GENERAL_CLINIC,,Rampur,"4WPF+329, Rampur, Jabalpur, Madhya Pradesh 482008",23.1351545,79.9226091,Jabalpur Cantt,,,
61d0dfd0-4f8a-4da2-ba0a-e8e18fcbc772,Dr. Mukesh Dodeja,GENERAL_CLINIC,,Napier Town,"1518, Napier Town, Jabalpur, Madhya Pradesh 482002",23.1611247,79.9226261,Jabalpur Cantt,0761 406 4564,,
419628b2-8073-46aa-9e88-0e295c885e3e,Dr. Ankit Agrawal - Best | Cardiologist | Angiography and Angioplasty | 2D echo | Pacemaker | Doctor | Treatment | Jabalpur,CARDIOLOGY_CLINIC,,Infinity heart institute 2nd/3rd Floor,"Infinity heart institute 2nd/3rd Floor, Dixit Pride, near Taiyabali Petrol Pump, Napier Town, Jabalpur, Madhya Pradesh 482001",23.1658809,79.9390139,Jabalpur Cantt,070241 32323,infinityheartinstitute01@gmail.com,https://infinityhearthospital.com/
24a55c5e-f22c-43cb-98a5-edffe9b58a4e,"Dr. A.P. Mohanty chest care centre - Mohanty Chest Care Center, Jabalpur, Madhya Pradesh",ENT_CLINIC,,Russel Chowk,"2nd Floor, Infront Of, jabalpur hospital, Rajul Landmark Bhavan, Russel Chowk, Napier Town, Jabalpur, Madhya Pradesh 482001",23.162105,79.9362778,Jabalpur Cantt,078984 09109,drapmohanty@gmail.com,https://www.apnabusinesscard.com/Mohanty-Chest-Hospital
b2b1dd3d-88ec-4b6d-a8ba-2efee18e15c6,Best Super Speciality Hospital,HOSPITAL,,Home Science College Rd,"1352, Home Science College Rd, near Ashish Hospital, Napier Town, Jabalpur, Madhya Pradesh 482002",23.1601718,79.9231365,Jabalpur Cantt,079997 02984,,https://bestsuperspecialityhospital.com/
3f64b95e-0f0e-4122-90a8-bcb0e64e1c97,Dr. Harishankar P S Chandel,GENERAL_CLINIC,,Road,"Aditya Superspeciality Hospital, MLB school, Road, opp. Little Kingdom School, Napier Town, Jabalpur, Madhya Pradesh 482001",23.1606225,79.9285902,Jabalpur Cantt,,drharishankarchandel@gmail.com,https://www.apnabusinesscard.com/Dr-Harishankar-Pratap-Singh-Chandel
271e7832-ac35-4d1f-9971-fb7ee5829e60,Dr. Rajendra Prasad Gupta Jabalpur,GENERAL_CLINIC,,Home Science College Road Shastri Bridge Chowk,"Anand Apartment, Home Science College Road Shastri Bridge Chowk, beside Jain Medical, Napier Town, Jabalpur, Madhya Pradesh 482001",23.1600121,79.9293266,Jabalpur Cantt,079870 81131,rpgsurgeon1953@gmail.comcontact,https://smartjabalpur.com/specialist-in-piles-hernia-kidney-stones-gall-bladder-stone-in-jabalpur-dr-r-p-gupta-consultant-surgeon-jabalpur_292.aspx
2d32fdbe-a875-4ecb-91ee-d6ed21c39e69,Dr.Sanjiv Warkhede,GENERAL_CLINIC,,Russel Chowk,"Shop no.8, Rajul landmark, Russel Chowk, in front of jabalpur hospital, Napier Town, Jabalpur, Madhya Pradesh 482001",23.162105,79.9362778,Jabalpur Cantt,094253 24493,,https://drsanjivwarkhede.com/
f75888b8-5f99-42d1-a364-4a70242c5330,"Dr Vishal Kastwar 's Diabetes & Heart Clinic, Shreedeep Medical Care Centre, Jabalpur",CARDIOLOGY_CLINIC,,Thana,"2nd Floor, B Square, beside Maharishi School, opposite Johnson Tower, Gorakhpur, Thana, Jabalpur, Madhya Pradesh 482001",23.1471002,79.9265593,Jabalpur Cantt,096440 14424,vishalkastwar@gmail.com,https://www.apnabusinesscard.com/Dr-Vishal-Kastwar-%28MD-Medicine%29
c2343917-7fe1-4c3f-9dff-23a784efb5ac,NAVJEEVAN CLINIC,GENERAL_CLINIC,,Madan Mahal Railway Station Rd,"5W7C+CFF, Madan Mahal Railway Station Rd, Wright Town, Jabalpur, Madhya Pradesh 482002",23.1635588,79.9211787,Jabalpur Cantt,079878 38742,,
87920c31-a2cb-45a6-99d7-8a497e666790,Dr Vipul Kalley Chest Clinic,GENERAL_CLINIC,,4th Bridge Rd,"Flat No-1 Ground floor, CO Apartment, Near, 4th Bridge Rd, opposite St. Paul School (SCA, Nehru Railway Colony, Napier Town, Jabalpur, Madhya Pradesh 482001",23.1568893,79.936947,Jabalpur Cantt,074893 40407,vipulkalley@gmail.com,http://jabalpurhelpline.com/dr-vipul-kalley-chest-clinic
cdfdce92-89a5-43dc-9f12-aa60c189b486,सर्वोदय हॉस्पिटल - Top ENT Hospital Jabalpur | Ear Hospital | Sinus Surgeon | Head & Neck Surgeon in Jabalpur,HOSPITAL,,Jabalpur Hospital to Shastri Bridge Rd,"Jabalpur Hospital to Shastri Bridge Rd, Napier Town, Jabalpur, Madhya Pradesh 482001",23.1623819,79.9356162,Jabalpur Cantt,0761 403 5700,sarvodayhospitaljbp@gmail.com,http://jabalpurhelpline.com/sarvodaya-hospital-and-research-center
35754770-50a2-484f-bf74-66fceb8b415a,National Hospital,HOSPITAL,,Hardol Mandir Rd,"National Hospital 703, National Hospital, Hardol Mandir Rd, near Shahid Smarak, Gole Bazar, Wright Town, Jabalpur, Madhya Pradesh 482002",23.170639,79.9288529,Jabalpur Cantt,076124 12612,,
aeb0df54-c339-4bfc-b42f-0e86d9099f0b,Dr Jitendra Bhargava,GENERAL_CLINIC,,Russel chowk to Maharishi College(4th Bridge Road,"Chest Physician, Russel chowk to Maharishi College(4th Bridge Road, Line opposite to Jabalpur Hospital Caualty, opposite Pizza Hut/Tanhai Bar, Napier Town, Jabalpur, Madhya Pradesh 482001",23.162105,79.9362778,Jabalpur Cantt,,,
cf0e09c1-42d2-4b4e-93df-49e31cfba14f,Dr. Ashok Arora,GENERAL_CLINIC,,Belbaag-Gurandi Rd,"1371, Belbaag-Gurandi Rd, Ghamapur, Jabalpur, Madhya Pradesh 482002",23.1769932,79.9459986,Jabalpur Cantt,,,
d71631be-0c6c-4eae-8282-5faa66f536a8,Dr House Medical,GENERAL_CLINIC,,Napier Town,"1624, Shastri Bridge, in front of doctors house, Napier Town, Jabalpur, Madhya Pradesh 482001",23.1604718,79.9287215,Jabalpur Cantt,,,
a75a02e9-e9e0-46b9-acb6-77245dd08fa7,Dr. Kusum Jain,GENERAL_CLINIC,,Road,"1/8-A, Beoharbag, Opp. Singhai Petrol Pump High Court, Road, Ghamapur, Jabalpur, Madhya Pradesh 482001",23.171279,79.9464228,Jabalpur Cantt,088894 01502,kjmemorial@hotmail.com,http://jabalpurhelpline.com/dr-kusum-jain-gynaecologist-and-surgeon
6197ce86-6952-41e2-a4c5-9a749ad0dc9f,Aditya Hospital,HOSPITAL,,Napier Town,"5W6H+6FC, Napier Town, opposite little kingdom School, near to home Science College road, Jabalpur, Madhya Pradesh 482001",23.1606231,79.9286051,Jabalpur Cantt,0761 421 8312,info@adityahospital.org,http://adityahospital.org/
aecce5e7-8453-4789-91fa-07aec07f6c05,Samadhan Hospital,HOSPITAL,,Ima Hall Road,"1625, Ima Hall Road, Wright Town, Jabalpur, Madhya Pradesh 482002",23.1662916,79.9238118,Jabalpur Cantt,076126 10837,samadhanhcjbp@gmail.com,https://jabalpurhelpline.com/dr-suvarna-phadnis-kinare-pediatric-cardiologist
7fb896ca-4e0e-45ab-bd80-aca09151c13e,Dr. Shradha Khandelwal,GENERAL_CLINIC,,Fusakele Stone & Laser Center MLB School road,"The Pink Clinic, Fusakele Stone & Laser Center MLB School road, opposite Little Kingdom School, Napier Town, Jabalpur, Madhya Pradesh 482001",23.1610003,79.9287738,Jabalpur Cantt,062686 26682,shradhakhandelwal007@gmail.com,http://jabalpurhelpline.com/dr-shradha-khandelwal-laparoscopic-surgeon
a032f29e-094c-4b03-b3d9-fc65b2919681,Dr Narula Clinic,GENERAL_CLINIC,,Suvidha Market,"Suvidha Market, Shakti Nagar, Jabalpur, Madhya Pradesh 482001",23.1468031,79.9147534,Shakti Nagar,094073 49701,,
49b7d712-22a6-418f-94c4-ac21f6f16295,Dr Atul Bhatt,GENERAL_CLINIC,,Sharda Colony,"4WW6+822, Sharda Colony, Shakti Nagar, Jabalpur, Madhya Pradesh 482001",23.1457518,79.9100095,Shakti Nagar,,,
dd86163a-8a24-4d95-a426-3b0e8c5dc00c,Shakti Nagar Chowk,GENERAL_CLINIC,,Shakti Nagar,"4WV7+W7Q, Shakti Nagar, Jabalpur, Madhya Pradesh 482001",23.1448392,79.9132224,Shakti Nagar,,,
566556f1-08b7-4151-b9cd-8b2300a9dc95,DR. Mishra Homeopathic Clinic,HOMEOPATHY_CLINIC,,Shaktinagar,"Neighbour of pnb atm, 982, SINGROUL COMPLEX, OPPOSITE GUPTA HOTEL, Shaktinagar, Gupetshwer Gupta mart, Ratan Nagar, Gupteshwar, Jabalpur, Madhya Pradesh 482001",23.1471902,79.9133301,Shakti Nagar,093405 25742,,
094785c3-853a-4ac8-b7bd-fd042684aa00,Nishchay Clinic - Dr. Rajesh Nandwani,GENERAL_CLINIC,,Madan Mahal,"4WW7+VM5, Madan Mahal, Jabalpur, Madhya Pradesh 482001",23.1471364,79.9142352,Shakti Nagar,,,
aa9af913-dc8f-4563-99e7-fbd2abe85123,Dr Devendra Kumar Gupta,GENERAL_CLINIC,,road,"road, Shakti Nagar, Jabalpur, Madhya Pradesh 482001",23.1452347,79.9098303,Shakti Nagar,098263 88443,,
d541db65-d295-4a6d-b639-01d4369f68a4,Namo Healthcare - Best Ortho & Gynecology Clinic | Arthroscopic | Sports ligament injury | IVF Treatment | Jabalpur,ORTHOPEDIC_CLINIC,,Shaktinagar,"Shaktinagar, Chowk, beside HDFC ATM, Gupteshwar, Jabalpur, Madhya Pradesh 482001",23.1461083,79.9158491,Shakti Nagar,092014 67391,,http://www.drankitjainortho.com/
3bb1daff-d9c6-4446-b25e-e29f27d1deb5,Nirikshan Clinic.,GENERAL_CLINIC,,Ratan Nagar,"4WX6+GW4, Ratan Nagar, Madan Mahal, Jabalpur, Madhya Pradesh 482001",23.1487536,79.9123208,Shakti Nagar,076103 48166,,
d37811ae-92f6-4c86-b676-f8678e590d20,Dr. Satyendra Kumar Misra (Diabetes & Obesity Specialist),GENERAL_CLINIC,,Shakti Bhawan Rd,"Masroor Campus, Shakti Bhawan Rd, Gupteshwar, Jabalpur, Madhya Pradesh 482001",23.1426325,79.9179267,Shakti Nagar,088899 00086,satyen333mishra@gmail.com,https://jabalpurhelpline.com/dr-satyendra-kumar-misra
7818b2c0-9984-4ce4-8abc-48c2a0309b36,Dr. Ankit Jain (Best Orthopaedic Surgeon in Jabalpur),ORTHOPEDIC_CLINIC,,chowk,"Namo Healthcare, chowk, beside HDFC ATM, Shakti Nagar, Jabalpur, Madhya Pradesh 482001",23.1460017,79.9158211,Shakti Nagar,092014 67391,,
1b0745c5-9ce2-4b1c-9b9e-d2373780c96f,Jabalpur Hospital and Research Centre,HOSPITAL,,Russel Chowk,"Russel Chowk, Napier Town, Jabalpur, Madhya Pradesh 482002",23.1622085,79.9361318,Shakti Nagar,0761 402 6000,jhrc_hrd@yahoo.co.in,http://jabalpurhospital.com/
3c95153f-dfe8-4fd2-9980-52febe6a78fa,Giri Clinic @ Dr. Subhash Kumar (MD physician & Diabetes speslist),GENERAL_CLINIC,,Ghamapur chowk,"front of Gopal Mandir, Ghamapur chowk, near Durga misthan, Jabalpur, Madhya Pradesh 482001",23.176762,79.946207,Shakti Nagar,,,
150a07cb-7d34-48c3-a8a1-f82c65b1c087,"DR.BALRAM PATEL, general clinic",GENERAL_CLINIC,,Shanti Nagar,"Shanti Nagar, Jabalpur, Madhya Pradesh 482002",23.1898327,79.930436,Shakti Nagar,094253 84028,,
31513368-4cdb-4444-9fc7-96bf245883f2,"Dr Abhishek Jharia,MBBS, MD (GENERAL MEDICINE)",GENERAL_CLINIC,,Ravindra Nagar,"6pm-9pm MAHI MEDICAL, in front of vimal nursing home, Ravindra Nagar, Adhartal, Jabalpur, Madhya Pradesh 482004",23.1985852,79.9464753,Shakti Nagar,089824 24699,dr.abhijharia@gmail.com,https://jabalpurhelpline.com/dr-abhishek-jharia
cc77407c-2116-44c9-a350-77b80a950cad,Ashish Hospital,HOSPITAL,,Home Science College Rd,"0x381fa9be0806b870 1309, Home Science College Rd, Napier Town, Jabalpur, Madhya Pradesh 482001",23.1603802,79.9240964,Shakti Nagar,076124 01637,ashishhospitaljbp@gmail.com,https://ashishhospital.co/
a4343b27-8c1f-4957-b37e-8bc78c2f055d,Dr. Hemant Kumar Tilgam (MD Medicine),GENERAL_CLINIC,,Housing Board Market,"Sadguru Kripa Clinic, Housing Board Market, Road, Jasuja City, Dhanvantari Nagar, Bhedaghat, Jabalpur, Madhya Pradesh 482003",23.1555222,79.8714435,Shakti Nagar,,hemanttilgam9@gmail.com,https://jabalpurhelpline.com/dr-hemant-tilgam-md-medicine
c1961897-67d3-4f4c-9e2e-4112053f5113,Dr. Sharad Nema - Specialized Orthopedic Doctor In Jabalpur,ORTHOPEDIC_CLINIC,,Gopal Vihar Market,"Shop No.1, Gopal Vihar Market, Opposite parijat Building, cherital, Damoh Naka, Jabalpur, Madhya Pradesh 482002",23.1824333,79.9275428,Shakti Nagar,096304 18878,,
d3e386da-a739-45e1-9d90-ebfa2c83192d,Dr. Kanwar K Kaul,GENERAL_CLINIC,,Bagwan Nagar,"24, Bagwan Nagar, Naya Gaon, Rampur, Jabalpur, Madhya Pradesh 482008",23.1312481,79.9069169,Shakti Nagar,076126 67777,,
be209e66-0d8c-4975-be38-60e112dd383f,Dr. Kanta Khare,GENERAL_CLINIC,,Ashok Vihar,"4WVC+XFC, Ashok Vihar, Gupteshwar, Jabalpur, Madhya Pradesh 482001",23.1449363,79.9211468,Shakti Nagar,098272 80848,,
004d1efd-aaee-479f-b960-aaaa65cf3ee5,Dr Samar Singh Clinic,GENERAL_CLINIC,,supteshwar ganesh mandir Ekta vihar,"1999, supteshwar ganesh mandir Ekta vihar, Gupteshwar Rd, Ratan Nagar, Jabalpur, Madhya Pradesh 482001",23.1495042,79.9120662,Shakti Nagar,074891 47181,,
97aa773c-549e-4daf-9a3d-6c1e66ffc986,Dr.Mukesh Agarwal,GENERAL_CLINIC,,Dhanvantri Nagar Road,"Dhanvantri Nagar Road, near Gurukul School, Medical College Colony, Jabalpur, Madhya Pradesh 482003",23.1633235,79.873298,Shakti Nagar,098275 70685,,
c357d5d1-f7e1-44d8-a86b-e0efb770bfd9,Dr. Aakash saini l Family Physician,GENERAL_CLINIC,,आमनपुर,"गंगासागर रोड, Madan Mahal, आमनपुर, Jabalpur, Madhya Pradesh 482001",23.1575877,79.915334,Shakti Nagar,088899 96063,aakashsaini1235@gmail.com,https://jabalpurhelpline.com/dr-aakash-saini-physician-and-consultant
3289a5a7-e78f-40cf-b8bb-53ec1aa69eb8,Dr. Ravindra Kale | General Physician,GENERAL_CLINIC,,Kripal Chowk Rd,"Kripal Chowk Rd, Madan Mahal, Jabalpur, Madhya Pradesh 482001",23.1506029,79.9152017,Shakti Nagar,,,https://www.eka.care/doctor/dr-ravindra-kale-general-physician-kannad?utm_source=gmb&utm_medium=website&utm_campaign=032023
6b84f911-371d-4dc0-a912-1b7ee8516a11,Mother And Child Clinic & Vaccination Centre,PEDIATRIC_CLINIC,,Gupteshwar Rd,"Dr. Samar Singh, Paediatric M.D, Gupteshwar Rd, Shakti Nagar, Jabalpur, Madhya Pradesh 482001",23.1496,79.9121135,Shakti Nagar,074891 47181,,
c23c3e81-1ca2-4766-b451-699fd7190715,ABHAY MEDICOSE DOCTOR CLINIC,PHARMACY,,Ekta vihar,"Ekta vihar, 1999, Gupteshwar Rd, Ratan Nagar, Jabalpur, Madhya Pradesh 482001",23.1494716,79.9120901,Shakti Nagar,074891 47181,,http://www.abhaymedicos.com/
efe47bdf-9645-45e9-bd7c-6f754bc3408a,"Child's Doctor, Paediatric & General Physician",PEDIATRIC_CLINIC,,Geetanjali school road,"hostel, Geetanjali school road, near mata gujri college, above computer shop, Awadhpuri, Napier Town, Jabalpur, Madhya Pradesh 482001",23.1683873,79.9327148,South Civil Lines,,,
bf4df8f1-ffff-4732-a9ee-77806b9ac7e0,Dr Akhilesh Tiwari,GENERAL_CLINIC,,Napier Town,"H. No. 1317 Grijesh sadan, Napier Town, Jabalpur, Madhya Pradesh 482002",23.1593758,79.9238348,South Civil Lines,094078 52706,,
54fca411-ca66-4417-93f6-77146c96d332,Dr Prashant Punekar,GENERAL_CLINIC,,Nagpur Rd,"No 421, Nagpur Rd, Madan Mahal, Jabalpur, Madhya Pradesh 482001",23.1568744,79.9193639,South Civil Lines,,,
8f66d85a-9b10-4122-8641-1127c02f7cce,"Dr Rajiv Trivedi'S Clinic (MD, medicine)- Narmada Clinic",GENERAL_CLINIC,,Jawaharganj Rd,"741, Jawaharganj Rd, near bara phuwara, Khajanchi chowk, Ganjipura, Jabalpur, Madhya Pradesh 482002",23.1761611,79.9330011,South Civil Lines,098270 96901,,
4f463584-2b2c-471d-b17c-efc8b49a09f8,Dr. Gangaram Sehgal memorial clinic,GENERAL_CLINIC,,Gurandi Market Rd,"Shop North, 25, Gurandi Market Rd, Gurandi, Jabalpur, Madhya Pradesh 482002",23.1725731,79.9375458,South Civil Lines,,,
3637be18-fab4-46ef-9ba5-e63733e5a209,Dr. Shiv Sahu,GENERAL_CLINIC,,Napier Town,"next to Aditya Superspeciality Hospital & Trauma Centre, Napier Town, Jabalpur, Madhya Pradesh 482001",23.1606331,79.9286063,South Civil Lines,,dr.shivsahu90@gmail.com,https://jabalpurhelpline.com/dr-shiv-sahu-general-and-laparoscopic-surgeon
aaa611a0-3e33-419e-a662-817aa5f17e26,Dr. Sushil Tiwari,GENERAL_CLINIC,,Hanuman Chowk,"Hanuman Chowk, Siddh Baba Road, Lalmati, Jabalpur, Madhya Pradesh 482002",23.1860796,79.9588357,South Civil Lines,098270 68870,,
c0e293d4-18c2-471e-bd16-0e870093488e,Niramaya health care,GENERAL_CLINIC,,MLB school road,"In front of MP MRI, MLB school road, near, Prem Mandir Rd, chowk, Wright Town, Jabalpur, Madhya Pradesh 482002",23.1638269,79.9247804,South Civil Lines,093291 84883,,
bb35cb0a-b457-497e-a99a-a98c225ad580,Dr. Sufla Sethi,GENERAL_CLINIC,,Napier Town,"Datt Plaza, opp Sudarshan Motors, Napier Town, Jabalpur, Madhya Pradesh 482001",23.1602944,79.9321395,South Civil Lines,098262 60147,suflasethi@gmail.com,http://jabalpurhelpline.com/dr-sufla-sethi-hernia-clinic
517c38c3-7e06-468f-a2ac-26aa4eb4dfcf,Dr Vijay Chawala,GENERAL_CLINIC,,Nagar Nigam Rd,"1996, Nagar Nigam Rd, Awadhpuri, Marhatal, Jabalpur, Madhya Pradesh 482002",23.1657888,79.9343101,South Civil Lines,,,
d6401229-bfc8-41aa-9924-d9e03cc1cc8e,Dr. Pradyumna Pan,GENERAL_CLINIC,,Ashish Hospital Home Science College Road Near Madan Mahal,"Police Station, Ashish Hospital Home Science College Road Near Madan Mahal, Napier Town, Jabalpur, Madhya Pradesh 482002",23.1600768,79.9241087,South Civil Lines,098933 22160,,
3727f0bd-3124-4619-b156-42991b378b8a,Dr Barat Clinic,GENERAL_CLINIC,,Dr Barat Rd,"1522a, Dr Barat Rd, Napier Town, Jabalpur, Madhya Pradesh 482002, Dr Barat Rd, Napier Town, Jabalpur, Madhya Pradesh 482001",23.160256,79.9407172,South Civil Lines,,,
e880db4a-0e3c-4ceb-8078-524c08674e85,Dr Amitabh Verma,GENERAL_CLINIC,,South Civil Lines,"343, Krishan Villa, South Civil Lines, Pachpedi, Lekha Nagar, Jabalpur, Madhya Pradesh 482001",23.1589943,79.969782,South Civil Lines,,,
1e6a1b53-0770-4c23-9da5-bfbc2a144154,Gol bazar clinic and hospital,HOSPITAL,,Gol Bazar Rd,"1051, Gol Bazar Rd, Gole Bazar, Wright Town, Jabalpur, Madhya Pradesh 482002",23.1684338,79.9286595,Gol Bazar,093031 02331,,
e4ae4518-afcb-4948-9235-4d1d03ec56f8,Golchha Gastro & Liver Care- Dr Aman Golchha,GASTROENTEROLOGY_CLINIC,,Golbazar,"beside Omega Children Hospital, opposite Jabalpur Saree Showroom, Golbazar, Wright Town, Jabalpur, Madhya Pradesh 482002",23.1719296,79.9265692,Gol Bazar,089897 55588,,
6b582cba-6656-44f0-860d-1221e6306f5d,DR AVANI AGRAWAL,GENERAL_CLINIC,,Gole Bazar,"1068, 1/A, near NUTAN MARATHI SCHOOL, Gole Bazar, Wright Town, Jabalpur, Madhya Pradesh 482002",23.1705216,79.9258769,Gol Bazar,072198 62359,avani.agrawal.honey@gmail.com,https://apnabusinesscard.com/Dr-Avani-Agrawal
8f4a6de7-db7a-409d-8b2f-cad44c69d6ce,Dr. Sparsh Naik (ROBOTIC Joint Replacement Surgeon/ Arthoscopy & Sports Injury Specialist),ORTHOPEDIC_CLINIC,,near Ranital Chowk,"NAIK MULTISPECIALITY HOSPITAL, 832, near Ranital Chowk, Golbazar, Wright Town, Jabalpur, Madhya Pradesh 482002",23.1689674,79.9242862,Gol Bazar,081202 01234,,http://www.instagram.com/drsparshnaik
26d5369f-ac4d-45f5-a994-eb2015182bbb,Dr shreyash pandey,GENERAL_CLINIC,,Marhatal,"Maa narmada medical hall 8/5 JDA building Civic center, Marhatal, Jabalpur, Madhya Pradesh 482002",23.1686096,79.9346232,Gol Bazar,085160 08216,,
6fed2ea2-e35a-40b1-a08c-862793283001,"Dr. Rajesh Kumar Kewat (Diabetes, Thyroid, BP, Heart & Critical Care Specialist)",CARDIOLOGY_CLINIC,,State Bank Colony,"State Bank Colony, 305/4, Ukhari Road, near Power House, Janki Nagar, Jabalpur, New Adaresh Colony, Madhya Pradesh 482002",23.1791014,79.9152021,Gol Bazar,087701 50762,drrajeshkewat@gmail.com,https://www.apnabusinesscard.com/Dr-Rajesh-Kumar-Kewat-MD
9cae7985-8433-4ea0-95bd-3d646aa0983b,Dr. Abhay Shrivastava- Orthopedics in Jabalpur,ORTHOPEDIC_CLINIC,,Tagore Railway Colony,"State Bank of India Personal care baranch, Shri Manglam Health Care, sansad bangloe, opp. Navyug college, beside Rakesh singh, Tagore Railway Colony, South Civil Lines, Jabalpur, Madhya Pradesh 482002",23.1647787,79.9558267,Gol Bazar,093001 04144,swati.remedo@gmail.com,https://drabhayshrivastava.getmy.clinic/?utm_source=gmb&utm_medium=web&utm_campaign=tu
9967ca8e-fbb0-4afb-b9a7-8783db2c94b3,Dr. Aatif Zeeshan Ansari,GENERAL_CLINIC,,Prestige Town,"Prestige Town, South Civil Lines, Jabalpur, Madhya Pradesh 482001",23.1635617,79.9548475,Gol Bazar,077778 86816,,
d428d381-0639-4c6e-a8f3-dfef17feaa9e,Marble City Hospital,HOSPITAL,,Bhavartal Garden Rd,"No. 321, Parsi, Anjuman Complex, Bhavartal Garden Rd, near Museum, near Rani Durgawati Museum, Extension, Napier Town, Jabalpur, Madhya Pradesh 482001",23.1634606,79.9354324,Gol Bazar,076124 50530,info.mchrc@gmail.com,http://marblecityhospital.co/
a145cf23-515b-4ba2-8d56-6b9e203c8253,Sheetal Chhaya Hospital,HOSPITAL,,Malaviya Chowk,"Shyam Talkies, Malaviya Chowk, Wright Town, Jabalpur, Madhya Pradesh 482002",23.1690823,79.9314249,Gol Bazar,,,https://www.shitalchhayahospital.com/
a96db634-d6ae-4557-8620-e303cff602fe,Bombay Hospital & Research Center,HOSPITAL,,Gole Bazar,"behind Maharashtra High school, Gole Bazar, Wright Town, Jabalpur, Madhya Pradesh 482002",23.1683377,79.9283233,Gol Bazar,098273 91166,,
58eb6d23-d53f-4e22-8e34-5cd89834e300,Mahaveer Multispeciality and Cancer Hospital,MULTISPECIALTY_HOSPITAL,,Golebazar,"behind Maharashtra high school, Golebazar, Wright Town, Jabalpur, Madhya Pradesh 482002",23.1684272,79.9287286,Gol Bazar,,,
6b6eada6-9ee5-431f-9305-560819e86f9b,Dr Manish Hinduja,GENERAL_CLINIC,,Jain Mandir Rd,"OPD Supra Diagnostics 994, Jain Mandir Rd, opposite DN, Wright Town, Jabalpur, Madhya Pradesh 482002",23.1691792,79.9306863,Gol Bazar,096917 40073,,
41f44a39-c185-4f57-b2ca-426331dbc587,"Government Homeopathy Dispensary Lalmati, Jabalpur (AYUSH) Madhya Pradesh",AYURVEDA_CLINIC,,Ganjipura,"5WFP+55J, Ganjipura, Jabalpur, Madhya Pradesh 482002",23.1726694,79.9352947,Gol Bazar,,,
8db20c1f-e911-4ad2-b232-214eed87998c,Saptarishi Hospital,HOSPITAL,,Manas bhavan road,"5W8H+V98, Manas bhavan road, 1417, near IDBI Bank Regional Office, Wright Town, Jabalpur, Madhya Pradesh 482002",23.1671034,79.9283963,Gol Bazar,083191 98625,,
0508a56a-9fab-4e99-8c23-369adc77a06a,Revive Pain Care jabalpur,GENERAL_CLINIC,,Tagore Railway Colony,"First Floor, Delite Palladium, Tagore Railway Colony, South Civil Lines, Jabalpur, Madhya Pradesh 482001",23.164779,79.955827,Gol Bazar,,abhishekchadarac@gmail.com,https://www.apnabusinesscard.com/Revive-Pain-Care
48d10bea-ca69-4d6b-b76b-b9df54a8c23b,"Dr.Ankur Singh (Dermatologist, Cosmetologist, Best Skin Doctor, Skin Specialist)",DERMATOLOGY_CLINIC,,Mahanadda Rd,"2nd Floor, Mahanadda Rd, above CEAT TYRES SHOP, beside GULZAR HOTEL, MADANMAHAL, Wright Town, Jabalpur, Madhya Pradesh 482001",23.1623566,79.9251853,Gol Bazar,088396 54675,ankurskinclinic@gmail.com,https://jabalpurhelpline.com/dr-ankur-singh-dermatologist
86c985dd-c448-4ae7-952e-3180d3df372c,Dr. Ashish Dengra,GENERAL_CLINIC,,Home Science College Rd,"1547, Home Science College Rd, Cheevani Phamad Nagar, Napier Town, Jabalpur, Madhya Pradesh 482002",23.1602086,79.9248571,Gol Bazar,076124 10958,drashishdengra@gmail.com,https://jabalpurhelpline.com/dr-ashish-dengra-diabetes-thyroid-and-obesity-specialist
523be297-3838-44c9-8b7a-3ca42a31bfdf,Gol Bazar,GENERAL_CLINIC,,Gole Bazar,"5W9G+VH5, Gole Bazar, Wright Town, Jabalpur, Madhya Pradesh 482002",23.1696473,79.9264772,Gol Bazar,,,
83c926b4-6388-4db5-9281-9d03bbf2bc87,Dr. Sonal Richhariya,GENERAL_CLINIC,,Napier Town,"Richhariya Ortho & Gyanic Centre, Near Old Post Office Opp. Rameshwar Nilay, Napier Town, Jabalpur, Madhya Pradesh 482001",23.1597543,79.9325636,Gol Bazar,0761 492 5868,,https://www.instagram.com/dr.sonal_richhariyaa/
b46c2fa4-bec6-4d33-b666-a423f7276454,Shishu mangal hospital (Dr GN dubey memorial),HOSPITAL,,near Hotel Satya Ashoka Road,"shishu mangal hospital, near Hotel Satya Ashoka Road, Wright Town, Jabalpur, Madhya Pradesh 482002",23.1671758,79.9274836,Gol Bazar,089896 80693,,
71dded52-eee9-4ca5-ba39-e6fcffe175da,Dr. Nalini Singhai,GENERAL_CLINIC,,Gole Bazar,"Gole Bazar, Wright Town, Jabalpur, Madhya Pradesh 482002",23.1684415,79.9286518,Gol Bazar,098272 40784,,
845dbd51-87bd-4a94-a169-3f886fe0e447,Dr. Akhilesh Gumashta,GENERAL_CLINIC,,Hardol Mandir Rd,"5WCH+7G5 National Hospital 703, National Hospital, Hardol Mandir Rd, near Shahid Smarak, Gole Bazar, Wright Town, Jabalpur, Madhya Pradesh 482002",23.1706621,79.9288544,Gol Bazar,094251 68684,,
8db518c3-e412-4ebf-af3e-dfd44fbe6da0,Dr. Sunny Bhasin - Aastha Pain Clinic,GENERAL_CLINIC,,Gole Bazar,"689, opposite JK CONVENT School, next to National hospital, Gole Bazar, Wright Town, Jabalpur, Madhya Pradesh 482002",23.1709661,79.9293258,Gol Bazar,,aasthapainclinic@gmail.com,https://www.apnabusinesscard.com/Aastha-Pain-Clinic
6a807252-c7dc-47d8-b7b6-c34090619ddb,Dr. Bharti sahu,GENERAL_CLINIC,,LordGanj,"5WCJ+RMC, LordGanj, Jabalpur, Madhya Pradesh 482002",23.1720666,79.931653,Gol Bazar,,,
46e08baa-8582-4822-a15c-8917384d3ea6,Dr. Nitin Kumar Namdev,GENERAL_CLINIC,,South Civil Lines,"797, Shanti kunj Bank of Maharashtra, Police station, near Civil line, CQAW Quarters, South Civil Lines, Jabalpur, Madhya Pradesh 482001",23.1683874,79.9597894,Sadar Bazar,088399 89140,,
051f0ecf-114a-4106-a75f-cf86f098b023,SR Multispeciality Homeopathy Clinics,MULTISPECIALTY_HOSPITAL,,South Civil Lines,"near, 802,RABS Heights, Second Bridge, South Civil Lines, Jabalpur, Madhya Pradesh 482001",23.1647787,79.9558267,Sadar Bazar,099100 81722,,http://srhomeopathy.com/
5f872641-9bdb-47d6-9f06-bd0f96e5c882,Dr.Rajesh Sharma Clinic,GENERAL_CLINIC,,Sadar Bazar,"H.no:-218,st.no:-7/3, Sadar Bazar, Cantt, Jabalpur, Madhya Pradesh 482001",23.1536429,79.9466246,Sadar Bazar,098262 74937,,
3adde795-c7d9-445c-bf15-179dee8c5c82,Dr. Shruti S. Agrawal,GENERAL_CLINIC,,Jabalpur (M.P.),"Shop No. 1 A, Rajul Landmark, Infront of Jabalpur Hospital, Jabalpur (M.P.), Jabalpur, Madhya Pradesh 482001",23.1622669,79.9361101,Sadar Bazar,096172 97771,,https://eka.care/doctor/dr-shruti-obstetrics-and-gynecologist-jabalpur
b9749ce1-d099-4e1b-af86-09152679b95b,The Heart Clinic,CARDIOLOGY_CLINIC,,road,"Dr N K Bansal, kingsway, road, Sadar, Jabalpur, Madhya Pradesh 482001",23.1539975,79.9424712,Sadar Bazar,093013 11481,,
b0d0c27e-9596-4500-9239-4876bf45c8cd,Dindori,GENERAL_CLINIC,,Sadar Bazar,"5W3W+9FW, Sadar Bazar, Sadar, Jabalpur, Madhya Pradesh 482001",23.1534924,79.9462011,Sadar Bazar,,,
071a05fc-9391-4a7d-a4ef-da8bfe59b435,dr swati nema,GENERAL_CLINIC,,Prestige Town,"Prestige Town, South Civil Lines, Jabalpur, Madhya Pradesh 482001",23.1620072,79.9584397,Sadar Bazar,,,
99ce9838-b053-4d7b-9b0a-70fc88f32def,"Moti Lal Nehru, Cantonment Board Hospital",HOSPITAL,,Sadar,"5W3W+3RH, Sadar, Jabalpur, Madhya Pradesh 482001",23.1526906,79.9470988,Sadar Bazar,076126 22458,,
734f828f-8f6b-4943-9a49-565ce4d0d846,Modern Orthopaedic Clinic,ORTHOPEDIC_CLINIC,,opp. Virmani Petrol Pump Pasi Chowk,"beside Sadar Xray Pathology Center, opp. Virmani Petrol Pump Pasi Chowk, Sadar, Cantt, Jabalpur, Madhya Pradesh 482001",23.1547747,79.9428431,Sadar Bazar,076489 98668,,
80661994-fbbc-4e41-b3bf-df9980b02c51,Dr Akshay Tamrakar (Tamrakar ENT Centre) - Top Ent Doctor in Jabalpur/ENT Specialist/Best ENT Centre/Hearing Aid Centre,ENT_CLINIC,,Gol Bazar Rd,"R. D. Medical Centre, Gol Bazar Rd, opp. DN Jain College, Wright Town, Jabalpur, Madhya Pradesh 482001",23.1695067,79.9302905,Sadar Bazar,099269 38183,tamrakarentcentre@gmail.com,https://www.apnabusinesscard.com/Dr-Akshay-Tamrakar
790ac2b5-e55e-4943-b8e5-99ab58e00a25,Bansal Pathology Centre,PATHOLOGY_LAB,,Wright Town,"SUKHEJA TOWERS, 2ND LANE, BEHIND BUS STAND 610, Wright Town, Jabalpur, Madhya Pradesh 482002",23.164218,79.9298134,Sadar Bazar,088899 44110,,
657687b4-4e79-460e-9971-11a1fedadedd,Dr mahendra singh lodhi,GENERAL_CLINIC,,Marhatal,"Samdariya Mall, Awadhpuri, Marhatal, Jabalpur, Madhya Pradesh 482002",23.1687844,79.9335236,Sadar Bazar,,,
7c349762-f2ee-451f-95d4-c85490e4a387,Nagpal Neuro Medical Centre,NEUROLOGY_CLINIC,,Ashirwad Garden Opp Bhanwartal Krishna Hotel Road,"5W7M+94F, Ashirwad Garden Opp Bhanwartal Krishna Hotel Road, Madhya Pradesh 482002",23.163439,79.9327869,Sadar Bazar,0761 403 5194,,
43ea3c8a-41e3-47ee-8ae5-c5066f107ef2,JK Hospital,HOSPITAL,,Wright Town,"5W7H+VWG, Wright Town, Jabalpur, Madhya Pradesh 482002",23.1647051,79.9300725,Sadar Bazar,,,
f4fa4f60-4c6d-4c7a-af12-a28490cb6cc3,Sparsh Women's Clinic (DR.SNEHA T. METHWANI),GYNECOLOGY_CLINIC,,Stadium Market,"Shop No. 13, Stadium Market, Gaumata Chowk, Wright Town, Jabalpur, Madhya Pradesh 482002",23.1653034,79.9263543,Sadar Bazar,093255 93595,snehamethwani1987@gmail.com,https://jabalpurhelpline.com/dr-sneha-methwani-gynaecologist
ab08a3fa-fb0b-426b-886a-66173b018f07,Dr. Aditya Pachori Homoeopathic Clinic,HOMEOPATHY_CLINIC,,Wright Town,"1311, behind IDBI BANK, Wright Town, Jabalpur, Madhya Pradesh 482002",23.1660701,79.9295175,Sadar Bazar,,,
c06af50b-761c-442a-b5dc-e7b86712f1a7,Dr Janmejay Jamdar,GENERAL_CLINIC,,Gol Bazar Rd,"816, Gol Bazar Rd, Wright Town, Jabalpur, Madhya Pradesh 482002",23.1663513,79.9272443,Sadar Bazar,076124 10333,,https://jabalpurhelpline.com/dr-janmejay-jamdar-neurosurgeon
52128806-7088-43ae-ad3b-8bbae25b5edd,डॉ ज्ञानेंद्र झा,GENERAL_CLINIC,,Bhawartal Garden,"Khushi Plaza, First Floor, Bhawartal Garden, Krishna Hotel Road, Napier Town, Behind Sunil Hosiery, Marhatal, Jabalpur, Madhya Pradesh 482002",23.1634576,79.9328733,Sadar Bazar,073544 92969,,https://manochikitsaclinic.com/
670debe7-fe31-44ea-a3d6-ee9033d1031a,Samadhan heart centre (Fetal echo and Paediatric echo),PEDIATRIC_CLINIC,,Wright Town,"Wright Town, Jabalpur, Madhya Pradesh 482002",23.1683064,79.9285601,Sadar Bazar,085188 86811,samadhanhcjbp@gmail.com,https://jabalpurhelpline.com/dr-suvarna-phadnis-kinare-pediatric-cardiologist
d27a07b3-4234-454d-8708-3f0f25f8bad5,Dr. Alok Chandra Agrawal,GENERAL_CLINIC,,Napier Town,"5W7M+94R, Napier Town, Jabalpur, Madhya Pradesh 482002",23.1634879,79.932778,Sadar Bazar,,,
a0ecf302-616e-463c-b146-94bd4870fdf4,Saxena Cosmetic Clinic,DERMATOLOGY_CLINIC,,Krishna Hotel Road,"1 Khushi Plaza, Krishna Hotel Road, Near, Bhavartal Garden Rd, Napier Town, Jabalpur, Madhya Pradesh 482002",23.1634501,79.9328703,Sadar Bazar,076124 50122,,
d347d307-fee1-4ca8-b75d-892e855b59c3,Dr.A H Khan,GENERAL_CLINIC,,road,"MLB school, road, near old bus stand, Wright Town, Jabalpur, Madhya Pradesh 482002",23.1640376,79.9306582,Sadar Bazar,096911 24222,,
2ca7fba4-03bc-4609-8090-83c8749a0f44,DR WADHWA'S FRONTIER E.N.T HOSPITAL,HOSPITAL,,Wright Town,"Wright Town, Jabalpur, Madhya Pradesh 482002",23.1659289,79.92714,Sadar Bazar,076124 11993,,
6aa3b112-f4d3-4595-b792-4acbcf81bd70,Dr. Anjaneya Dube,GENERAL_CLINIC,,Wright Town,"5W8H+V98, 1417, Near IDBI Bank Regional Office, Wright Town, Jabalpur, Madhya Pradesh 482002",23.1670979,79.9284506,Sadar Bazar,096315 76656,saptrishihospitals@gmail.com,http://jabalpurhelpline.com/dr-anjaneya-dube-head-and-neck-onco-surgeon
018427b4-9c85-4363-b06a-48736d80003b,Dr. Ravindra Harne,GENERAL_CLINIC,,Golbazar,"816, Jamdar Hospital, Golbazar, Jabalpur, Madhya Pradesh, Jabalpur, Madhya Pradesh 482002",23.169484,79.928764,Sadar Bazar,098261 44133,,https://www.drravindraharne.in/
e7999915-7b16-4dae-b0ab-fa0e6f21ce8c,Dr. Deepak Warkade,GENERAL_CLINIC,,Garha Rd,"Shop No. 11, Vimalsheel Heights, Garha Rd, near Bank of India, Labour Chowk, Nove Adaresh Colony, Yadav Colony, Jabalpur, New Adaresh Colony, Madhya Pradesh 482002",23.1675675,79.9122532,Kamla Nehru Nagar,097555 32207,dipak0211@gmail.com,https://www.apnabusinesscard.com/Surya-Medicare
db2e5779-f428-4319-b362-82ab45044825,Dr Animesh Gupta - Cardiologist | Angioplasty | Angiography | Pacemaker | Heart | Surgeon | Doctor | Treatment | Jabalpur,CARDIOLOGY_CLINIC,,Sneh Nagar main Rd,"gate, 789, Sneh Nagar main Rd, 4 Near, Hanuman Mandir Gali, opposite Gautam Academy, near Telegraph factory, Jabalpur, Madhya Pradesh 482002",23.1651804,79.9166146,Kamla Nehru Nagar,094071 23451,,https://dranimeshguptacardiologist.com/
5bbf3dd6-6402-4c9e-b3b6-0a35ed36adcb,Dr.Asha Tiwari -Pediatrician In Jabalpur | Child Specialist Doctor In Jabalpur,PEDIATRIC_CLINIC,,Ahinsa Chowk,"Shalby Hospital, Ahinsa Chowk, Vijay Nagar, Jabalpur, New Adaresh Colony, Madhya Pradesh 482002",23.1751291,79.9137941,Kamla Nehru Nagar,099935 61851,,
73dfa88b-8a4f-46dc-9fcb-4e259b915383,Dr. Alok Shrivastava,GENERAL_CLINIC,,Garha Fatak Rd,"663, Garha Fatak Rd, Sneh Nagar, Jabalpur, Madhya Pradesh 482002",23.1651149,79.915047,Kamla Nehru Nagar,094251 69057,,
0eea73ae-65dd-4f43-aa99-623662ed2461,Aadya Ortho & Kidney Care Clinic - Kidney/High Blood Pressure/Urine Problems/Kidney Doctor/Best Nephrologist in Jabalpur,ORTHOPEDIC_CLINIC,,Sneh Nagar Rd,"Gate no 4, Aadya Ortho And Kidney Care Clinic, Sneh Nagar Rd, beside Gautam IAS Academy, Sneh Nagar, Jabalpur, Madhya Pradesh 482002",23.1648082,79.9171291,Kamla Nehru Nagar,094249 10827,,
ec1133da-40b2-457a-9f60-4e998f9db94c,Dr. Shailendra Singh Bagri(CREDENCE HEART CLINIC),CARDIOLOGY_CLINIC,,Jai Nagar Rd,"Credence Heart Clinic, 330, Jai Nagar Rd, near IBM office, Kamla Nehru Nagar, Yadav Colony, Jabalpur, New Adaresh Colony, Madhya Pradesh 482002",23.1695547,79.9118647,Kamla Nehru Nagar,099108 76520,drshailendra1987@gmail.com,https://apnabusinesscard.com/Dr-Shailendra-Singh-Bagri
af628dab-512e-49dd-88d1-3a8a7503a54a,Dr. Anup Jain,GENERAL_CLINIC,,Garha Rd,"Garha Rd, behind Indore Sweets, Labour Chowk, Nove Adaresh Colony, Yadav Colony, Jabalpur, New Adaresh Colony, Madhya Pradesh 482002",23.1677874,79.9126343,Kamla Nehru Nagar,074151 09996,anupnidhi123@yahoo.com,http://jabalpurhelpline.com/dr-anoop-jain-urology-speciality-clinic
2733ffb5-cc19-4836-a28c-35de330eb358,"Dr. Chandan Kushwaha (Asthma, Allergy & Chest Specialist)",GENERAL_CLINIC,,Kachnarcity,"5WC4+2J2, Kachnarcity, Jabalpur, Madhya Pradesh 482002",23.170551,79.905703,Kamla Nehru Nagar,074406 67403,chandankushwaha37@gmail.com,https://jabalpurhelpline.com/dr-chandan-singh-kushwaha
b73c8ead-455f-4a04-b82b-f0ad55f24b8f,"Dr.Manish Tiwari (MBBS, MD, DM) Avantika Gastro & Liver Care",GASTROENTEROLOGY_CLINIC,,Vijay Nagar,"189, near kesharwani college, opposite JDA complex, Vijay Nagar, Shatabdipuram Phase 1, Jabalpur, New Adaresh Colony, Madhya Pradesh 482002",23.1750787,79.913744,Kamla Nehru Nagar,080852 57585,,
b13d47c5-0eb9-4415-95f6-a7c9e3808bab,Dr. Piyush Jain (Radiation Oncologist)-Cancer Specialist | Radiation & Oncologist in jabalpur/IMRT IGRT LINAC in jabalpur,ONCOLOGY_CLINIC,,Labour Chowk,"Muskan health care, Photon Cancer Clinic, behind Indore Sev Bhandar, Labour Chowk, Nove Adaresh Colony, Yadav Colony, Jabalpur, New Adaresh Colony, Madhya Pradesh 482002",23.1677423,79.9128254,Kamla Nehru Nagar,095501 37497,drpkjain82@gmail.com,https://www.apnabusinesscard.com/Dr-Piyush-Jain
73413b97-2a3c-4f4e-b1de-22b9fc11dee0,Dr. Deepika Patel,GENERAL_CLINIC,,Nove Adaresh Colony,"Dwarika, Nove Adaresh Colony, parsar, Dhanvantari Nagar, Jabalpur, Madhya Pradesh 482002",23.1698169,79.9177753,Kamla Nehru Nagar,070244 66347,docdeepikapatel@gmail.com,https://jabalpurhelpline.com/dr-deepika-patel-chest-physician
0e1d77b6-59ea-436b-ae27-e24c48716134,Dr. Amitesh Dubey Brain And Spine Surgeon,ORTHOPEDIC_CLINIC,,Sneh Nagar Rd,"278/1, Sneh Nagar Rd, Labour Chowk, Nove Adaresh Colony, Sneh Nagar, Jabalpur, New Adaresh Colony, Madhya Pradesh 482002",23.1667991,79.9126361,Kamla Nehru Nagar,097529 89834,amiteshdubey1@gmail.com,https://www.apnabusinesscard.com/Dr-Amitesh-Dubey
d6e3617a-db9c-4039-be87-04c2edc215b2,Dr. Digant Pathak - Advanced Hernia & Gall Bladder Surgeon,SURGICAL_CENTER,,Care Multi Speciality Hospital Ukhari Chowk,"Care Multi Speciality Hospital Ukhari Chowk, Plot No 10, MR-4 Rd, Rameshwaram Colony, Jabalpur, Madhya Pradesh 482002",23.1779296,79.9104559,Kamla Nehru Nagar,098801 78980,,https://www.drdigantpathak.in/
5dc45c9b-b768-49ef-bb93-96b9d00a8123,Dr. Sanjay K Nema,GENERAL_CLINIC,,Sarvodaya Nagar,"pillar number 45-46, 9, Baldeobagh, near flyover, Sarvodaya Nagar, Jabalpur, Madhya Pradesh 482002",23.1791661,79.9257792,Kamla Nehru Nagar,062631 46668,,
e6a46c52-35b7-4774-b410-b0b3f4510c93,Jivanta Health Care Centre And Hospital,HOSPITAL,,Sneh Nagar Rd,"Sai Mandir Gali, 789, Sneh Nagar Rd, near Hanuman Mandir Gali, opposite Gautam Academy, Wright Town, Jabalpur, Madhya Pradesh 482002",23.1646832,79.9172819,Kamla Nehru Nagar,,,https://www.lybrate.com/jabalpur/clinic/medihealth-heart-clinic-wright-town
dd67e3af-7d8e-4c60-9448-fda98666fd1a,Care Multi Speciality Hospital Jabalpur,HOSPITAL,,Ukhari Chowk,"Ukhari Chowk, Durga Tower, Plot No 10, MR-4 Rd, Rameshwaram Colony, Jabalpur, New Adaresh Colony, Madhya Pradesh 482002",23.1779285,79.9104574,Kamla Nehru Nagar,092022 89880,usenquiry@carehospital.org.in,http://carehospital.org.in/
32ae56ee-bcb5-4c6d-8555-e157fb1f2ed6,Dr Mishra’s Health Care Centre,ENT_CLINIC,,Shatabdipuram Phase 1,"128 H, opposite Yashbharat, Shatabdipuram Phase 1, Jabalpur, New Adaresh Colony, Madhya Pradesh 482002",23.1778958,79.9133724,Kamla Nehru Nagar,093009 85995,,
80eb9ca3-6fdd-4d34-8722-a28f74abcb59,Dr. Rajiv Sharma,GENERAL_CLINIC,,Gulaua Chowk,"Gulaua Chowk, Major, BT Rd, Gulaua Chowk, Garha, Jabalpur, Madhya Pradesh 482002",23.1630885,79.9075464,Kamla Nehru Nagar,,,
8c682a42-7986-4d87-8974-ae64f660e0fa,Dr. S K Tiwari,GENERAL_CLINIC,,Jawahar Nagar,"Kanha Complex, Jawahar Nagar, Adhartal, Jabalpur, Madhya Pradesh 482004",23.2045,79.9492659,Kamla Nehru Nagar,083199 03395,,https://www.youtube.com/@DrSKTiwari28
9fe21699-448d-4ba0-a035-1d2332e76de1,KGN CLINIC,GENERAL_CLINIC,,Ahmad Nagar Katra Jabalpur Ahmad Nagar Katra,"Ahmad Nagar Katra Jabalpur Ahmad Nagar Katra, Jabalpur, Madhya Pradesh 482004",23.1956505,79.9490564,Kamla Nehru Nagar,096852 27077,,
c5f89797-f71e-4cd4-bf08-fb4e6420055c,Dr Harsh Rai Homeopathy Clinic: Best Homeopathic clinic /Best Homeopathic Doctor / Homeopathic Doctor in Jabalpur,HOMEOPATHY_CLINIC,,Shri Nath Ki Talleyya Rd,"Tallaiya Behind Anjuman School,, Shri Nath Ki Talleyya Rd, Ganjipura, Jabalpur, Madhya Pradesh 482002",23.1708709,79.9322959,Kamla Nehru Nagar,094258 00100,,https://sites.google.com/view/dr-harsh-rai/home
5f1c2da9-bf54-45ee-8df1-fb7b8b96071b,Jabalpur Chest & Allergy Centre ( Dr. Rishi Kant Aharwal ),ENT_CLINIC,,3rd floor,"3rd floor, 42, opposite of aadi plaza, Shatabdipuram Phase 1, Jabalpur, New Adaresh Colony, Madhya Pradesh 482002",23.1762925,79.9110592,Kamla Nehru Nagar,092443 81614,,https://www.jcacclinic.com/
48e2629a-9d96-4224-9c83-b2997c052000,DR T K SAKIYA,GENERAL_CLINIC,,Nove Adaresh Colony,"5W99+P2X, Nove Adaresh Colony, Patrakar Colony, Yadav Colony, Jabalpur, Madhya Pradesh 482002",23.169361,79.9176065,Kamla Nehru Nagar,,,
16971f1e-b12b-4d55-bd69-a6f9b102f162,Dr. Sanchay Chouksey (Endoscopic ENT & Head and Neck Surgeon),ENT_CLINIC,,Ukhri Rd,"Kiran ENT Care, Ukhri Rd, opposite Galaxy Hospital, Chowk, Jabalpur, New Adaresh Colony, Madhya Pradesh 482002",23.1784345,79.9118503,Kamla Nehru Nagar,094245 27467,kiranentcarejabalpur@gmail.com,http://jabalpurhelpline.com/dr-sanchay-chouksey-endoscopic-ent-surgeon
e187fb9b-186f-463e-8d4f-0e6017d43221,Royal Hospital,HOSPITAL,,Sneh Nagar Chowk,"1028, Sneh Nagar Chowk, Sneh Nagar, Jabalpur, Madhya Pradesh 482002",23.1661237,79.9103179,Kamla Nehru Nagar,,,
34a90df6-0a9b-470f-89c5-06366f4daa0d,Dr. Nandan Sharma (Child specialist),PEDIATRIC_CLINIC,,Kusha Bhau Thakre Nagar,"Kusha Bhau Thakre Nagar, Galaxy Hospital, Plot No. 10, Ukhri Rd, Chowk, Vijay Nagar, Jabalpur, New Adaresh Colony, Madhya Pradesh 482002",23.1784465,79.9120494,Kamla Nehru Nagar,073838 07444,nandan88medico@gmail.com,https://jabalpurhelpline.com/dr-nandan-sharma-child-specialist
0e0d756e-04ed-42ec-8e2b-ad130aa21165,"Dr R K Mishra Eye Hospital in Garha,Jabalpur",HOSPITAL,,Garha Rd,"347, R.K. Mishra Eye Hospital, Garha Rd, Kamla Nehru Nagar, Nove Adaresh Colony, Daya Nagar, Yadav Colony, Jabalpur, New Adaresh Colony, Madhya Pradesh 482002",23.1692262,79.9170172,Kamla Nehru Nagar,076124 05233,,http://www.rkmishraeyehospital.com/
7919fee2-cae1-45a7-811a-9000827975f4,Dr Sudin Nag General and Laproscopic surgeon,SURGICAL_CENTER,,SHATABDIPURAM,"HARBHOOMI CLINIC PLOT NO. 76T , SHATABDIPURAM, near Ukhri Road, CHOWK, Vijay Nagar, Jabalpur, Madhya Pradesh 482002",23.1769223,79.9127118,Kamla Nehru Nagar,080850 90558,drsudin.nag@gmail.com,https://jabalpurhelpline.com/dr-sudin-nag-general-and-laparoscopic-surgeon
951ced62-64f5-46fe-92ca-f60ccf322856,Dr. S. C. Jain,GENERAL_CLINIC,,Agrawal Colony,"5W98+3VH, Agrawal Colony, Jabalpur, New Adaresh Colony, Madhya Pradesh 482002",23.1676806,79.9172197,Kamla Nehru Nagar,094254 47715,,
6a395cd0-d7d5-4ad1-a13e-66d8c904848f,Dr. M. C. Dawar,GENERAL_CLINIC,,Mahanadda Rd,"House NO.1457/2, 12A, 482002, National Highway 30, Mahanadda Rd, Premnagar, Madan Mahal, Jabalpur, Madhya Pradesh 482001",23.1559949,79.9212107,Cherital,,,
78c74c3e-0621-47a0-97f2-c81ae7c0897b,Dr. Ramesh Asawa,GENERAL_CLINIC,,Cherital,"5WJG+77J, Cherital, Jabalpur, Madhya Pradesh 482002",23.1807043,79.9256495,Cherital,096176 64965,,
b76621a3-ce49-4c1e-bf5b-e5475b475ba3,"Dr. Trisha Chatterjee | General Physician | NSCB Medical College, Jabalpur",GENERAL_CLINIC,,Tilwara Rd,"Tilwara Rd, Doctors Colony, Medical College Colony, Jabalpur, Madhya Pradesh 482003",23.1506873,79.8822774,Cherital,094774 07812,,https://www.eka.care/doctor/dr-trisha-chatterjee-general-physician?utm_source=gmb&utm_medium=website&utm_campaign=032023
ce5f339f-5d29-4381-8557-10809e236b70,"Dr.Prabhat Tiwari (Diabetes, Thyroid & Hypertension)",GENERAL_CLINIC,,New Ram Nagar,"Shop No. 2 Phase 2, Gokuldham Society, infront of Prakhar Pharmacy, New Ram Nagar, Adhartal, Jabalpur, Madhya Pradesh 482004",23.205673,79.9391036,Cherital,080525 98412,,
188a11aa-abe3-4b36-93a7-7000bb52e9c1,Rai Medical,GENERAL_CLINIC,,Dindori,"112, near Bus Stand, Bichhiya, Dindori, Jabalpur, Madhya Pradesh 482002",23.1650844,79.9322145,Cherital,093294 41052,,
96c9fbca-3075-474a-966f-edaa595f55da,Dr. Susheel M.P.,GENERAL_CLINIC,,Sagra,"4VHC+RWW, Sagra, Jabalpur, Madhya Pradesh 482003",23.129604,79.8723306,Cherital,086068 26412,,
4c8bc0b3-d8e1-4669-b623-4764352536e3,"Dr. Rajesh Patel (Neurologist, Neurophysician) - Best Epilepsy | Headache Specialist | Paralysis Treatment in Jabalpur",NEUROLOGY_CLINIC,,Opp. SBI Marhatal,"7/7, Civic Center, Opp. SBI Marhatal, JDA Office Near Samdariya Mall, Madhya Pradesh 482002",23.169007,79.9339501,Cherital,0761 407 0060,dr.rajeshpatel71@gmail.com,http://jabalpurhelpline.com/dr-rajesh-patel-neuron-super-speciality-neurology-centre
e9f3e7d2-3ccc-43bc-b14d-6890ea1b1de7,Dr. Divya Mathur,GENERAL_CLINIC,,Patel Mohalla,"beside Hira Sweets, near Chanchlai Bai College, Patel Mohalla, Wright Town, Jabalpur, Madhya Pradesh 482002",23.1658831,79.9355065,Cherital,,,
b14a8444-78c8-4ab2-b2ee-c23e80ea6891,Dr Neeraj patel Bams patel clinic,GENERAL_CLINIC,,Shahi Naka Rd,"H.NO.1044, 1, Shahi Naka Rd, behind Pandey Market, Mohan Vihar Colony, Garha, Jabalpur, Madhya Pradesh 482003",23.1650687,79.8979191,Cherital,,,
6dbee6a1-ff8a-4d30-9f19-2e74b0d6f852,Dr. Vishakha Singh,GENERAL_CLINIC,,Adhartal Rd,"Adhartal Rd, in front of Sia TVS Showroom, Ravindra Nagar, Adhartal, Jabalpur, Madhya Pradesh 482004",23.1988567,79.9467849,Cherital,098064 73375,,
03331acd-29b0-42b0-9d7f-845f54b0ede2,𝐃𝐫. 𝐀𝐧𝐢𝐫𝐮𝐝𝐝𝐡 𝐒𝐡𝐫𝐢𝐯𝐚𝐬𝐭𝐚𝐯𝐚,GENERAL_CLINIC,,Russel Chowk,"Shop No. 1, Rajul Landmark, Russel Chowk, opp. jabalpur hospital, Napier Town, Jabalpur, Madhya Pradesh 482001",23.16254,79.9359081,Russel Chowk,073877 44062,shriani1991@gmail.com,https://www.apnabusinesscard.com/Dr-Aniruddh-Shrivastava-%28Neurologist%29
a50e46d6-8369-44b9-abb3-df64ba7b3c4f,Dr Jatin Dhirawani |Trauma & Joint Replacement Surgeon | Knee & Hip Replacement Surgeon | Best Othopaedic Surgeon in Jabalpur,ORTHOPEDIC_CLINIC,,Russel Chowk,"Hospital and Research Centre, Russel Chowk, Napier Town, Jabalpur, Madhya Pradesh 482002",23.1621138,79.936848,Russel Chowk,0761 402 6000,,
c79ba4a9-b73c-42bb-8b93-b08fa5f8c63f,Dr.D.S Bahrani,GENERAL_CLINIC,,Bhavartal Garden Rd,"Bhavartal Garden Rd, next to Standard Maruti Showroom, Napier Town, Jabalpur, Madhya Pradesh 482001",23.161616,79.935242,Russel Chowk,094251 55000,,
a2c27a70-9e72-4c1b-b3d1-e92a53dbf6e9,Dr Padmini Warkhede - Best Eye Specialist in Jabalpur | Cataract Surgeon | Best Eye Doctor in Jabalpur,EYE_CLINIC,,Russel Chowk,"Shop no.8, Surgicare clinic, Rajul landmark, Russel Chowk, in front of jabalpur hospital, Napier Town, Jabalpur, Madhya Pradesh 482001",23.1626684,79.9358358,Russel Chowk,094253 24493,,
bea4c3eb-a41b-4d04-9a04-bbde9dfed9a4,"Baharani HealthCare – Heart, Kidney & BP Specialist Hospital in Jabalpur",HOSPITAL,,Bhavartal Garden Rd,"Bhavartal Garden Rd, near Maruti car agency, Napier Town, Jabalpur, Madhya Pradesh 482001",23.1617495,79.9354794,Russel Chowk,092380 82690,,
53ba8dd1-8d43-4edf-a3e1-7eba88936a0f,Mohanty Chest Hospital,HOSPITAL,,Russel Chowk,"4th Floor, Sarwodaya Hospital, Russel Chowk, Napier Town, Jabalpur, Madhya Pradesh 482001",23.1623819,79.9356164,Russel Chowk,094258 70260,drapmohanty@gmail.com,https://www.apnabusinesscard.com/Mohanty-Chest-Hospital
6ec2dada-2356-4973-9895-747e1d06ab8c,Baharani Healthcare Multi-Specialist Hospital,HOSPITAL,,near Standard Maruti Showroom,"Baharani Kidney Care Center, near Standard Maruti Showroom, Napier Town, Jabalpur, Madhya Pradesh 482002",23.161837,79.935516,Russel Chowk,094075 52555,aabaharani@gmail.com,https://www.apnabusinesscard.com/Baharani-Kidney-Care-Center
e7f5f339-94f8-4d35-8a14-09dc5aa67499,"Dr Shailesh Nema (Asthma, TB, Allergy, Chest Clinic )",GENERAL_CLINIC,,Marhatal,"5W7M+C66, MP SH 22, Marhatal, Jabalpur, Madhya Pradesh 482002",23.1635461,79.9330003,Russel Chowk,093032 66587,shaileshnema@gmail.com,https://jabalpurhelpline.com/samarpan-clinic-dr-shailesh-nema
6ec574f4-b8ca-46a9-bb06-bcbff4467d65,Dr.Ashish Dube,GENERAL_CLINIC,,Russel Chowk,"Russel Chowk, Jyoti Cinema Road, opp. Domino's, Jabalpur, Madhya Pradesh 482001",23.164269,79.9362897,Russel Chowk,076124 02183,,
ba420240-041e-4ba1-9ffa-09b758d064e7,Dr Rajeev Saxena,GENERAL_CLINIC,,Khushi Plaza krishna hotel Rd,"Khushi Plaza krishna hotel Rd, Bhavartal Garden Rd, near 1, Napier Town, Jabalpur, Madhya Pradesh 482002",23.1633614,79.9326186,Russel Chowk,091315 89496,,
5fa8a587-394c-4a29-9ea5-ab3f2ea66823,Chandrabhan Ayurvedic Clinic and Store,AYURVEDA_CLINIC,,Russel Chowk,"Russel Chowk, near Dominoz pizza, beside Vardhman Hotel, Napier Town, Jabalpur, Madhya Pradesh 482001",23.1642441,79.9365851,Russel Chowk,097709 77061,,
f57297c6-d2a8-4509-a8d8-f17dc0c91741,Dr. Rajesh Agrawal (ENT Specialist),ENT_CLINIC,,Napier Town,"Sarvodaya Hospital, 864, Napier Town, Jabalpur, Madhya Pradesh 482001",23.1623779,79.9356859,Russel Chowk,070895 70896,sarvodayhospitaljbp@gmail.com,https://jabalpurhelpline.com/dr-rajesh-agrawal-ent-specialist
74d7c5fa-969d-4e4d-aa0a-85b2520c6506,"Dr Priyanshu Dixit- Orthopedic Doctor ACL, Knee & Hip Replacement Surgeon in Jabalpur",ORTHOPEDIC_CLINIC,,Dixit Pride Tayebali Chowk,"Ground Floor, Shop No. 19, Dixit Pride Tayebali Chowk, opposite to Lakshmi Vilas Bank, Jabalpur, Madhya Pradesh 482001",23.1659013,79.9389349,Russel Chowk,099239 33508,priyanshudixit01@gmail.com,https://sunclinicjbp.in/dr-priyanshu-dixit-best-orthopedic-doctor-jabalpur/
6e05529a-5377-4752-a91f-b4120e7c594e,Dr.ANSARI'S.CLINIC,GENERAL_CLINIC,,Gohalpur,"5WPP+7XH, Mominpura, TALLIYA, Gohalpur, Jabalpur, Madhya Pradesh 482002",23.185681,79.9374859,Miloniganj,,,
30c4ab30-07eb-4264-9f02-8e61c2a34a25,General Physician Clinic- Dr. P.C. Jain,GENERAL_CLINIC,,Patan Rd,"914, Patan Rd, Ganjipura, Jabalpur, Madhya Pradesh 482002",23.174635,79.9317803,Miloniganj,,,
917c4547-68c6-4c58-a678-48cefedeb713,Dr Vijay Mishra,GENERAL_CLINIC,,LIC colony,"5WC6+7W8, LIC colony, Yadav Colony, Jabalpur, New Adaresh Colony, Madhya Pradesh 482002",23.1706586,79.9123379,Miloniganj,,,
d8890fff-e4b9-408e-a60e-c512ab8797f4,Dr Naveen Sharma,GENERAL_CLINIC,,Home Science College Road,"Home Science College Road, Station Rd, Napier Town, Jabalpur, Madhya Pradesh 482002",23.1608484,79.9235057,Miloniganj,096443 90111,,http://www.bestcardiologistjabalpur.in/
19f7efd8-6899-46b4-8d6e-362865b44046,"Dr. Arvind Jain- (TB, Asthma, Allergy Specialist & Chest physician)",GENERAL_CLINIC,,Ukhri Rd,"17, Ukhri Rd, Baldeobagh, Sheetalpuri, Jabalpur, Madhya Pradesh 482002",23.1788337,79.9225824,Miloniganj,0761 410 4745,,
197cdc61-78f8-436d-83b9-0a97ddca540c,Dr.G.S.Sandhu,GENERAL_CLINIC,,Jeevan Lal Yadav Market,"Jeevan Lal Yadav Market, opposite Ranjhi Police Station main road, Ranjhi, Jabalpur, Madhya Pradesh 482005",23.20123,80.0012831,Miloniganj,094247 78355,help@drgssandhu.com,https://drgssandhu.com/about/
a6db7d3a-7cc2-476d-b29f-ea102f41e6c6,Dr. A.K Pandey,GENERAL_CLINIC,,Ghamapur,"5WFW+HQW, BeoharBagh, Ghamapur, Jabalpur, Madhya Pradesh 482001",23.1739791,79.9469576,Miloniganj,,,
5183c249-0a85-4218-9282-2a29ffa76f5f,Dr Amita Jain,GENERAL_CLINIC,,Sanjeevani Nagar,"Sanjeevani Nagar, Jabalpur, Madhya Pradesh 482003",23.1669014,79.8980023,Miloniganj,,,
2070b4b9-bee7-4b7a-aa80-7919c1eba483,Rani Durgawati Hospital( Elgin) Jabalpur,HOSPITAL,,South Civil Lines,"5W9X+2M7, W Central Railway Line, D.R.M Office, South Civil Lines, Jabalpur, Madhya Pradesh 482001",23.1675257,79.9491711,Rani Durgavati,076126 25622,elginhospitaljbp@gmail.com,http://www.elginhospital.com/
a77b45c9-a579-43a0-a19d-d16e60703dc4,Child Friendly Clinic Dr. Ayush Khare Dr. Mukesh Khare,AYURVEDA_CLINIC,,Ghamapur Rd,"8, Ghamapur Rd, BeoharBagh, Ghamapur, Jabalpur, Madhya Pradesh 482002",23.1741142,79.9472031,Rani Durgavati,093299 92455,,
be5eafca-17ad-46fd-8389-f3c914902735,Dr Rajeev Banzal (Shishu Clinic),GENERAL_CLINIC,,Ghamapur chowk,"Ghamapur chowk, Dr Radha Krishnan Chowk, opp. dubey surgical hospital, Madhya Pradesh 482001",23.1763658,79.9465385,Rani Durgavati,097550 55614,,
13bad292-4fa4-4377-b1ef-d3869307ce2f,Dr archana lodhi,GENERAL_CLINIC,,Chhoti Omti Rd,"Chhoti Omti Rd, Gurandi, Jabalpur, Madhya Pradesh 482002",23.1745059,79.9435961,Rani Durgavati,,,
04be6ed5-4651-4b24-aae7-edab248050b2,Mangal Deep Clinic,GENERAL_CLINIC,,Bhantaliya Road,"First Floor, Bhantaliya Road, Ghamapur Chowk, opposite Akansha Hospital, Jabalpur, Madhya Pradesh 482002",23.1774497,79.945811,Rani Durgavati,093004 34645,,
6f5a244a-35f3-42a9-864b-2d51d50b7a31,Dr. Anubhav Chourasiya,GENERAL_CLINIC,,Main Road,"Plot. 789, Main Road, Ashok Nagar, Ravindra Nagar, Adhartal, Jabalpur, Madhya Pradesh 482004",23.1977724,79.9452032,Rani Durgavati,083688 36540,dranubhavchourasiya@gmail.com,https://jabalpurhelpline.com/dr-anubhav-chourasiya
92985a6f-1821-406a-bfe0-e8abf40d735d,Dr. Ratnesh Namdeo (Newborn and Child Specialist),PEDIATRIC_CLINIC,,Main Road,"Vimal Nursing Home, Main Road, Anand Nagar, Adhartal, Jabalpur, Madhya Pradesh 482004",23.198275,79.9465904,Rani Durgavati,078981 60157,ratneshnamdeo8825@gmail.com,https://jabalpurhelpline.com/dr-ratnesh-namdeo-child-specialist
c15f9b0e-6cbf-49b4-9910-c7981590eefa,Dr. Sunil Gulati,GENERAL_CLINIC,,Main Rd,"101, Main Rd, near Dena Bank, Saif Nagar, Anand Nagar, Betla, Jabalpur, Madhya Pradesh 482004",23.1958678,79.9430865,Rani Durgavati,,,
75b8ed0f-ae38-4788-bf9f-2837db933c20,Kajal Maternity & Children Hospital-Pediatrician/Gynaecologist/Maternity Hospital/Child specialist/Nursing Home in Jabalpur,MATERNITY_HOSPITAL,,Adhartal dhani ki kutiya Infront of symbosis higher secondary school,"Adhartal dhani ki kutiya Infront of symbosis higher secondary school, Jabalpur, Madhya Pradesh 482004",23.1998414,79.947469,Rani Durgavati,0761 407 6802,,http://drkajalbhaya.com/
e38a216e-45f8-49b5-889f-658be6c8f6a6,"Dr. Subrato Biswas (Diabetes, Thyroid & Heart Specialist)",CARDIOLOGY_CLINIC,,in front of Anand Nagar,"Post Office, in front of Anand Nagar, Bhumi Vikash Bank Colony, Adhartal, Jabalpur, Madhya Pradesh 482004",23.196704,79.9429404,Rani Durgavati,076124 61623,,http://www.biswasclinicjabalpur.com/
d999c559-e166-4b73-afb1-fb0e945abf11,पलाश चर्म एवं स्त्री रोग क्लिनिक-Skin/Dermatologist/Gynaecologist/चर्म रोग विशेषज्ञ/स्त्री रोग/Infertility Doctor in Jabalpur,GYNECOLOGY_CLINIC,,thana,"Palash skin and maternity clinic, near adhartal, Adhartal, thana, Jabalpur, Madhya Pradesh 482004",23.2023229,79.9519531,Rani Durgavati,079877 63913,,https://palashskinandmaternityclinic.com/
efdf27c9-02c9-4123-aab7-73223d7ad7f7,Raksha Nidhi Nurshing Home Jabalpur,GENERAL_CLINIC,,Ravindra Nagar,"Ravindra Nagar, Adhartal, Jabalpur, Madhya Pradesh 482004",23.1990528,79.9469854,Rani Durgavati,0761 358 5514,,
7c8e0862-9c76-435c-8b7d-b5f6e646652d,Dos,GENERAL_CLINIC,,Christian Colony,"5XG2+FXJ, Christian Colony, Ghamapur, Jabalpur, Madhya Pradesh 482001",23.1762166,79.9523923,Rani Durgavati,,,
df21de54-d50f-4c6f-a2b1-6fcee657d3d6,Biswas Clinic,GENERAL_CLINIC,,in front of Anand Nagar,"Dr Biswas Clinic, post office, in front of Anand Nagar, Ashok Nagar, Bhumi Vikash Bank Colony, Adhartal, Jabalpur, Madhya Pradesh 482004",23.1966872,79.9429945,Rani Durgavati,076124 61623,,http://www.biswasclinicjabalpur.com/
cdc0dc0e-d0af-49c4-88fe-8ca8391d6115,Dr. P.C. Vishwakarma,GENERAL_CLINIC,,Lalmati,"5XJ7+VQF, Lalmati, Jabalpur, Madhya Pradesh 482011",23.1821754,79.9644315,Rani Durgavati,,,
35d52c9c-d493-49b8-a9ad-86657459407a,Pandey Hospital Jabalpur,HOSPITAL,,Ghamapur,"BeoharBagh, Ghamapur, Jabalpur, Madhya Pradesh 482001",23.1743798,79.9468969,Rani Durgavati,096690 84809,info@pandeyhospitals.com,http://www.pandeyhospitals.com/
7fae944e-52b4-4d19-bc9a-c61e16380241,Abhishek shrivas residency,GENERAL_CLINIC,,Lalmati,"5XP5+94W, Lalmati, Jabalpur, Madhya Pradesh 482002",23.185979,79.9578131,Rani Durgavati,,,
4279c84c-1794-4598-b9e3-2e0d761f6176,Medaz Hospital & Health Care Centre,HOSPITAL,,Main Rd,"1054 Opp Kamala Bhandar, Main Rd, Adhartal, Jabalpur, Madhya Pradesh 482004",23.1999534,79.9482987,Rani Durgavati,082230 00015,,
b2b031f7-9195-47e3-81be-e559b751d48c,Dr. Sumit Nahata | Child Specialist & Pediatrician in Jabalpur | Kids Doctor & Vaccination Clinic,PEDIATRIC_CLINIC,,Ravindra Nagar Rd,"plot number:136, Ravindra Nagar Rd, Ravindra Nagar, Adhartal, Jabalpur, Madhya Pradesh 482004",23.1995158,79.9453749,Rani Durgavati,,,
32c323f7-a370-4efc-bc91-4aca7d80ec42,Maxx Hospital and Trauma Centre(Dr Abhishek Jain) - Orthopaedic Hospital | Trauma Centre | fracture hospital,HOSPITAL,,High Court Road,"1/1, High Court Road, Beside Beoharbagh Petrol Pump, opp. Modern X-Ray Pathology Centre, BeoharBagh, Jabalpur, Madhya Pradesh 482001",23.1755175,79.9469071,Rani Durgavati,076489 98668,,http://www.maxxhospitals.com/
f9d6e113-6e43-4e4c-b6ae-049f78cbf5b6,St.Lukes Clinic,GENERAL_CLINIC,,Sadar Main Rd,"5W3X+QQF, Sadar Main Rd, beside fast forward, Sadar, Jabalpur, Madhya Pradesh 482001",23.1544384,79.9494358,Rani Durgavati,082696 30861,,
aa222b81-06d3-476f-b746-5c000aeb4e1e,Dr. Gagan Soni,GENERAL_CLINIC,,Ravindra Nagar Rd,"Ravindra Nagar Rd, in front of Siya TVS Showroom, Ravindra Nagar, Adhartal, Jabalpur, Madhya Pradesh 482004",23.1988657,79.9467788,Rani Durgavati,088390 83626,sonigagan1990@gmail.com,https://jabalpurhelpline.com/dr-gagan-soni
d236148a-4c75-4323-9d1b-5a3e4db4d33c,Shri Hari Homeopathy Clinic ( Dr Anil Yadav ),HOMEOPATHY_CLINIC,,Indraprastha Colony,"3092, opp. Dulhadev Mandir, near Post Office, Indraprastha Colony, Adhartal, Jabalpur, Madhya Pradesh 482004",23.2010692,79.9640226,Rani Durgavati,074899 14419,,
86704b29-db19-4e71-9f9e-2a0e39907c36,Dr. J.N. Gupta,GENERAL_CLINIC,,Rani Durgawati Chowk,"Rani Durgawati Chowk, Damoh Naka, Trimurti Nagar, Jabalpur, Madhya Pradesh 482002",23.1965359,79.9229536,Rani Durgavati,093004 71049,,
34f219da-aacf-40e2-9c12-b72b36f76bda,Nirmal Hospital | Best Multispecialty Hospital in Jabalpur,HOSPITAL,,Chowk,"3223, Chowk, opp. Allahabad Bank (Indian Bank, KanchGhar, Jabalpur, Madhya Pradesh 482001",23.1795244,79.9625371,Rani Durgavati,076126 27644,nursinghomenirmal@gmail.com,http://jabalpurhelpline.com/nirmal-hospital
63cda3b0-186f-4064-b8d6-c1c78bc1f022,Jeevan Jyoti Hospital,HOSPITAL,,Ashok Nagar,"Opp Dena Bank, Ashok Nagar, Anand Nagar, Adhartal, Jabalpur, Madhya Pradesh 482004",23.1970763,79.9425198,Rani Durgavati,098937 36568,,
7508e2f2-f541-41ee-a19f-3e090fb8a1b5,Dr. Mukesh .Panday,GENERAL_CLINIC,,Shanti Nagar Rd,"5WRH+H78, Shanti Nagar Rd, Damoh Naka, Shanti Nagar, Jabalpur, Madhya Pradesh 482002",23.191404,79.9281891,Damohnaka,098270 93208,,
1488aaab-b1f0-44fb-b663-25e10047f863,Baderia Metro Prime Hospital - Jabalpur,HOSPITAL,,Transport Nagar,"Bus stand, kuchaini parisar, Damoh Naka, Nr Kchetriya, Transport Nagar, Jabalpur, Madhya Pradesh 482002",23.1865908,79.9281764,Damohnaka,095753 00267,,https://www.metrohospitaljbp.org/
fbc63cc5-2ec9-49ab-a26a-cb9e1329a13a,Dr Yadav's Homoeopathy Clinic Jabalpur,HOMEOPATHY_CLINIC,,Trimurti Nagar,"Trimurti Nagar, Dr Yadav homoeopathy clinic Double Road Between Ryan School, to, near Shanti Nagar Road, Damoh Naka, Jabalpur, Madhya Pradesh 482002",23.1923932,79.9252075,Damohnaka,098936 84843,,
8bc3ef68-225c-43cd-87d3-5ff120600ded,DR. R. S. YADAV,GENERAL_CLINIC,,Shop No 683 Transport Nagar Road Gali No 17,"Shop No 683 Transport Nagar Road Gali No 17, Damoh Naka, Jabalpur, Madhya Pradesh 482002",23.1898603,79.9298621,Damohnaka,098272 68579,,
31253e05-d57e-4f10-8405-07aa61c755d8,Patel Wellness Center,ENT_CLINIC,,Shanti Nagar Rd,"623, Shanti Nagar Rd, Damoh Naka, Shanti Nagar, Jabalpur, Madhya Pradesh 482002",23.1900391,79.9293743,Damohnaka,094253 84028,,
a4949b64-bad4-4612-9438-eff4c7f81c46,Maurya Poly Clinic,GENERAL_CLINIC,,Shiv Nagar,"Damoh Naka, Shiv Nagar, Jabalpur, Madhya Pradesh 482002",23.185405,79.92294,Damohnaka,076126 48460,,
499486cc-5d68-43fa-ac81-493c98272176,Shrivastav Clinic,GENERAL_CLINIC,,Trimurti Nagar,"5WWF+C77, Trimurti Nagar, Damoh Naka, near Ambey Fast Food, Jabalpur, Madhya Pradesh 482002",23.1960356,79.9231732,Damohnaka,099073 41992,,
aeb69fbe-01c9-4e38-8e2c-609c39a69e72,"Government Unani Dispensary Gohalpur, Jabalpur AYUSH MADHYA PRADESH",AYURVEDA_CLINIC,,Ansar Nagar,"12, Damoh Naka, Ansar Nagar, Sarvodaya Nagar, Jabalpur, Vehicle Fac. Jabalpur, Madhya Pradesh 482002",23.1909509,79.9381517,Damohnaka,,,
696a8ff9-9170-421d-bd11-d3ccfd25e039,Advance Hospital,HOSPITAL,,Advance Endoscopic and Surgical Center Deendayal Chowk,"Advance Endoscopic and Surgical Center Deendayal Chowk, behind Indian Coffee House, Vijay Nagar, Jabalpur, Madhya Pradesh 482002",23.1926172,79.9136131,Damohnaka,094253 23924,gdtirthani@gmail.com,https://www.apnabusinesscard.com/Advance-Hospital
74adf5c4-0095-47a8-b804-72806a9f6e0b,DR KHAN CLINIC,GENERAL_CLINIC,,Deendayal bus stand road,"Asha medical store, Deendayal bus stand road, Beside bada peepal durga mandir transformar, C/o, Main Rd, Damoh Naka, Jabalpur, Madhya Pradesh 482002",23.1872645,79.9261366,Damohnaka,076101 02102,,https://md-total-care-clinic.launchmy.site/
03fdfc26-e33e-4af1-9232-a01dd7d5cd02,Dr. Dewani's Clinic,GENERAL_CLINIC,,Dhanwantri Nagar,"196, Dhanwantri Nagar, Sarvodaya Nagar, Jabalpur, Madhya Pradesh 482002",23.1836243,79.9247164,Damohnaka,,,
a978363b-bbfb-41d5-a02f-0eb2f560548b,Shiv Sagar Hospital Vijaynagar (Dr. Swapnil Jain),HOSPITAL,,Vijay Nagar,"125, near BSNL Office, Vijay Nagar, Jabalpur, Raksha, Madhya Pradesh 482002",23.1909028,79.9141978,Damohnaka,093991 24585,swapniljain212@gmail.com,http://jabalpurhelpline.com/dr-swapnil-jain-md-medicine
3ee642a4-a59e-4786-9b9b-f972f5a1477d,Dr. Rajesh Kaushle,GENERAL_CLINIC,,Kirnapur Balaghat,"Headpost Kariyandand, Kirnapur Balaghat, Jabalpur, Madhya Pradesh 482002",23.1852714,79.9293371,Damohnaka,088152 15667,,
6227ffea-3659-4275-a734-6ba2b446d72d,"Dr Mahesh Sharma, MBBS, DM, MD,I Best Gastrologist and Liver Specialistl",GASTROENTEROLOGY_CLINIC,,near Damoh Nacha Chowk,"Room No 11, Baderiya Metro Prime Hospital, near Damoh Nacha Chowk, Transport Nagar, Jabalpur, Madhya Pradesh 482002",23.1865906,79.9287583,Damohnaka,090398 03441,,
2ed3a42e-97bc-4244-bab0-597d6567833d,Dr Pounikar Clinic,GENERAL_CLINIC,,Vikas Nagar,"5WQ7+9PJ, Vikas Nagar, Jabalpur, Raksha, Madhya Pradesh 482002",23.1884538,79.9142766,Damohnaka,094251 60144,,
4b71e5d3-cfb7-4476-b0fe-6da437b18000,Samadhan Hospital,HOSPITAL,,Damoh - Jabalpur Rd,"1, 26, Damoh - Jabalpur Rd, Sarvodaya Nagar, Jabalpur, Madhya Pradesh 482002",23.186777,79.9268596,Damohnaka,,,
04edf14f-6e95-43c9-8e36-ce3b3b046be8,Dr. Shalini Gupta,GENERAL_CLINIC,,Shanti Nagar Rd,"264/1, Gali No. 11, Shanti Nagar Rd, near Jain Mandir, Damoh Naka, Jabalpur, Madhya Pradesh 482002",23.1890465,79.9287886,Medical Road,076973 24508,drshaliniguptajbp@gmail.com,http://jabalpurhelpline.com/dr-shalini-gupta-gynaecologist
16afa405-dd30-4c1e-8ef1-bcec968ba249,DR. Sushil Kumar Patle,GENERAL_CLINIC,,Main road,"bank of Baroda, Main road, Lic ke pass, Adhartal, Jabalpur, Madhya Pradesh 482004",23.1879237,79.9275835,Medical Road,099815 98207,,
f2db5ed9-7c9c-4976-bdff-4cb0d4b249c6,Dr Rajeev Savant,GENERAL_CLINIC,,Inside City Hospital,"10, Ground floor, Inside City Hospital, Nagrath Chowk, South civil lines, Jabalpur, Madhya Pradesh 482002",23.1872626,79.9284805,Medical Road,095166 41223,,
7822f6d5-cdfe-483b-aa5b-42c632543549,Pachori clinic,GENERAL_CLINIC,,Transport Nagar,"5WPH+CC2, Transport Nagar, Jabalpur, Madhya Pradesh 482002",23.1860206,79.9285198,Medical Road,,,
799961d4-8e1a-490f-8325-7a86f162892c,Vijyashree City Clinic & Medical Store,PHARMACY,,Between SBI Chowk,"Between SBI Chowk, to, Ghadi Chowk, Jabalpur, Madhya Pradesh 482002",23.190514,79.9095786,Kachnar City,077710 00773,vijyashreeindia@gmail.com,https://vamch.edu.in/
e6a94a01-d835-474c-9659-efc0cd566e32,"Dr ashok vidyarthi evening clinic, Durga medical",GENERAL_CLINIC,,Kachnar Rd,"Kachnar plaza, Kachnar Rd, beside petz era, Yashwar Nagar, Kanchan Vihar, Vijay Nagar, Jabalpur, Madhya Pradesh 482002",23.187959,79.9028013,Kachnar City,094251 59702,,
72d434ab-7393-48e5-9d09-6a2abb7eff1c,Madhavbaug Clinic Vijaynagar Ahinsa Chowk infront of Shalby Hospital JABALPUR,HOSPITAL,,Vijay Nagar,"Vijay Nagar, Jabalpur, Raksha, Madhya Pradesh 482002",23.1855618,79.9095579,Kachnar City,0761 492 7779,info@madhavbaug.org,https://madhavbaug.org/clinic/vijaynagar-jabalpur/?utm_source=gmb&utm_medium=organic&utm_campaign=vijaynagar_jabalpur
a6320296-7fdf-4602-9306-7035bb8a6bf6,Dr. O.P Raichandani,GENERAL_CLINIC,,Deen Dayal chowk,"G11, Deen Dayal chowk, behind Indian coffee house, scheme 5, Vijay Nagar, Jabalpur, Raksha, Madhya Pradesh 482002",23.192738,79.91465,Kachnar City,098272 80492,,
bcfc6b62-44b1-4189-9f14-d22552bc5d7c,Shri Sai Hospital,HOSPITAL,,MR-4 Rd,"250, MR-4 Rd, Vikas Nagar, Jabalpur, Raksha, Madhya Pradesh 482002",23.190691,79.913434,Kachnar City,093293 74077,,
56e1919a-5e44-47e0-937d-f392fef153dc,Mahaveer Health Care &Diagnostic Centre,DIAGNOSTIC_CENTER,,Ghadi Chowk,"Ghadi Chowk, 14/348 Agrasen ward, Kanchan Vihar, Vijay Nagar, Jabalpur, Madhya Pradesh 482002",23.1923573,79.9061237,Kachnar City,,,
341f55a4-6daf-45f8-a084-f5d95eef03d3,Morning Clinic,GENERAL_CLINIC,,Vijay Nagar,"866, Vijay Nagar, Jabalpur, Raksha, Madhya Pradesh 482002",23.1890783,79.9068113,Kachnar City,0761 401 9083,,
9dcb0496-8967-461f-b11c-b9e1427d0ba7,"Dr Vijay Pratap Singh (newborn, child specialist & Vaccination Centre)",PEDIATRIC_CLINIC,,Ekta Chowk,"Ekta Chowk, zero degree road, beside Vision Jabalpur building, Vijay Nagar, Jabalpur, Madhya Pradesh 482001",23.1826132,79.9017149,Kachnar City,070494 26450,drvpsingh227@gmail.com,https://www.apnabusinesscard.com/Dr-Vijay-Pratap-Singh-%28Child-Specialist%29
3e1032f9-ce52-496f-ae42-49486c6c3cac,"Dr. Diksha Asati- Pearl Clinic paediatrician in Jabalpur , Kids Doctor in Jabalpur, Child doctor in jabalpur",PEDIATRIC_CLINIC,,Ahinsa Chowk,"Pearl Clinic, Ahinsa Chowk, Vijay Nagar, Jabalpur, Raksha, Madhya Pradesh 482002",23.1869785,79.9062077,Kachnar City,070494 51111,asati.diksha@gamil.com,https://jabalpurhelpline.com/dr-diksha-asati-child-critical-care-specialist
3c8bd4ed-9629-4c2c-a04a-cc37ffd362ab,Dr Sushant Kumar child care clinic and vaccination centre,PEDIATRIC_CLINIC,,Vijay Nagar,"994, near Survey of India, Vijay Nagar, Jabalpur, Raksha, Madhya Pradesh 482002",23.1890196,79.906284,Kachnar City,081032 09489,sushant.k81@gmail.com,https://jabalpurhelpline.com/dr-sushant-kumar-child-specialist
c77fcc2d-cbb6-49aa-ad78-2220cec9e6d2,Dr. Rahul Asati,GENERAL_CLINIC,,Pearl Clinic 1355 Kachnar City Road,"Pearl Clinic 1355 Kachnar City Road, MR-4 Rd, near Nachiketa School, Vijay Nagar, Jabalpur, Madhya Pradesh 482002",23.186507,79.9064357,Kachnar City,099811 91111,asatirahul12@gmail.com,https://jabalpurhelpline.com/dr-rahul-asati-chest-physician
e8ea8f61-539a-4fdd-8f10-b024890264a8,Dr. Rohit Chaturvedi - Best Orthopaedic Surgeon in Jabalpur,ORTHOPEDIC_CLINIC,,Vijay Nagar,"Medizone MultiSpeciality Hospital, Vijay Nagar, Jabalpur, Raksha, Madhya Pradesh 482002",23.190493,79.9126712,Kachnar City,074711 76364,,https://drrohitchaturvedi.blogspot.com/?m=1
b83bde0d-eed4-47bb-890b-83685cdfaf53,"Dr. Shobhan Pounikar (Diabetes, Thyroid & Critical Care Specialist)",GENERAL_CLINIC,,Krishi Upaj Mandi Market,"Shop No. Y-2, Krishi Upaj Mandi Market, In Front of Vikas Nagar Near, S B I Bank Square, Vijay Nagar, Jabalpur, Madhya Pradesh 482002",23.1881233,79.9142542,Kachnar City,,drpounikarclinic@gmail.com,https://jabalpurhelpline.com/dr-shobhan-pounikar-md-medicine
47fff028-89bd-468f-a53c-b2327946fc5a,Kanha Chest and Women's Clinic,GYNECOLOGY_CLINIC,,Ekta Chowk,"Apna Rasan k pass, Ekta Chowk, Vijay Nagar, Jabalpur, Raksha, Madhya Pradesh 482004",23.1835476,79.9053032,Kachnar City,087700 68109,kanhaclinicjbp@gmail.com,https://jabalpurhelpline.com/dr-kirti-patel-gynecologist
9ed76c18-8fc2-4453-aabd-46311a021172,"Dr Manish Kumbhare (Diabetes, Thyroid, Heart & Critical Care Specialist)",CARDIOLOGY_CLINIC,,Rameshwaram Colony,"Rameshwaram Colony, MR-4 Rd, Vijay Nagar, Jabalpur, Madhya Pradesh 482002",23.1814451,79.9093217,Kachnar City,099811 14495,manishkumbhare18@gmail.com,http://jabalpurhelpline.com/dr-manish-kumbhare-md-medicine
79284ea7-63fc-47e4-acb6-cd7b1cee60c6,Dr CHARU PATHAK,GENERAL_CLINIC,,Vijay Nagar,"Shop No.1, Vijay Nagar, Jabalpur, Raksha, Madhya Pradesh 482002",23.1859342,79.9084389,Kachnar City,070110 25115,,http://jabalpurhelpline.com/dr-charu-pathak-gynaecologist
c5b15bcd-2d7e-4d14-b8a2-f97bcc8b4894,Dr.Ali Clinic,GENERAL_CLINIC,,Vijay Nagar,"Vijay Nagar, Jabalpur, Raksha, Madhya Pradesh 482002",23.1874121,79.9051118,Kachnar City,098264 50721,,
57574adf-2cf9-4c43-88b8-842b61888807,Dr. Srishti Tripathi,GENERAL_CLINIC,,Kachnar City Road,"Mahaveer Medical Premises, Kachnar City Road, Ahinsa Chowk, opp. Shalby Hospital, Vijay Nagar, Jabalpur, Madhya Pradesh 482002",23.1859082,79.9085415,Kachnar City,082694 80241,drsristhi108@gmail.com,http://jabalpurhelpline.com/dr-srishti-tripathi-dermatologist
8c0036fa-bc59-4a3f-9907-6ed89f5957d7,Matram orthopedics & gynec centre-Lady Doctor/Pregnancy care/Joint Replacement/Maternity/Orthopedic in Jabalpur,MATERNITY_HOSPITAL,,Kanchan Vihar,"1923/5, Kanchan Vihar, Vijay Nagar, Jabalpur, Raksha, Madhya Pradesh 482002",23.1904921,79.9069796,Kachnar City,094245 88839,,
d24ff477-39e6-4724-ab7d-abb0f104e58e,Dr R K Khare,GENERAL_CLINIC,,Vijay Nagar,"5WQ6+P86, Vijay Nagar, Jabalpur, Raksha, Madhya Pradesh 482002",23.1892905,79.9107506,Kachnar City,,,
e743fe71-29aa-45c3-be7e-85eb235a9a62,DiabetEASE clinic (Dr.Anushri Jamdar),GENERAL_CLINIC,,Wright Town,"Triveni healthcare, near Pandit Ravishankar Shukla Stadium, Wright Town, Jabalpur, Madhya Pradesh 482002",23.1661801,79.9271453,Kachnar City,075660 03344,info@thcjbp.com,http://thcjbp.com/
895a4fe6-984f-482b-bcd9-60b3617f1c63,Dr. ASTHA SHARMA,GENERAL_CLINIC,,near Ghadi Chowk,"Plot No. 994, near Ghadi Chowk, Vijay Nagar, Jabalpur, Raksha, Madhya Pradesh 482002",23.1890076,79.9062937,Kachnar City,088158 70802,sharmaastha56@gmail.com,https://jabalpurhelpline.com/dr-astha-sharma-gynaecologist
4e28999d-b5ab-4f11-bdf0-171319d0d086,Dr. C.S.Shukla,GENERAL_CLINIC,,ITI Road,"5WV6+WCF, ITI Road, beside Swastik Multispeciality Hospital, Jabalpur, Madhya Pradesh 482002",23.1948202,79.9110387,Kachnar City,,,
493cb9c4-1880-4058-ac6f-e84751b4980a,DR. Pradeep Agrawal,GENERAL_CLINIC,,New Shastri Nagar,"482003, New Shastri Nagar, Shastri Nagar, Jabalpur, Madhya Pradesh 482003",23.1408294,79.8755008,Shastri Nagar,094251 57884,,
201934d2-dc44-4db0-a2f0-faec505fc2e2,"Dr. Atishay Jain (Diabetes, Blood Pressure, Thyroid, Asthma & Heart Specialist)",CARDIOLOGY_CLINIC,,Bajnamath Chowk,"New Sai Medical, Bajnamath Chowk, Tilwara road, Shastri Nagar, Jabalpur, Madhya Pradesh 482003",23.1410601,79.8783225,Shastri Nagar,099714 92343,dratishay19rocks@gmail.com,http://jabalpurhelpline.com/dr-atishay-jain-dnb-medicine
f260d86e-1a38-43ee-a3f1-3870747a8eaa,DR.R.K.KABIRE M.D.(E.H.),GENERAL_CLINIC,,Shastri Nagar,"4VW8+JVR, Shastri Nagar, Jabalpur, Madhya Pradesh 482003",23.1462287,79.8677801,Shastri Nagar,,,
a0e631a4-81b6-44ce-a7f1-b1a1b327fe6d,"Dr. Vidya,",GENERAL_CLINIC,,Bajnamath Rd,"sai baba medical, Bajnamath Rd, near medical college, New Shastri Nagar, Shastri Nagar, Jabalpur, Madhya Pradesh 482003",23.1411072,79.8783734,Shastri Nagar,096853 98701,,
583d1c94-ed64-4ded-8967-b8d2c42e9f70,Rishi Dubey,GENERAL_CLINIC,,Shastri Nagar,"4VW9+HQP, Shastri Nagar, Jabalpur, Madhya Pradesh 482003",23.1464625,79.8694531,Shastri Nagar,,,
84111bd4-0135-4309-afe4-f4b0aa312068,Jaiswal medical stores,PHARMACY,,Jaiswal medical Stores new shashtri Nagar,"Jaiswal medical Stores new shashtri Nagar, vinod gotiya road, road, gotiya, New Shastri Nagar, Jabalpur, Madhya Pradesh 482001",23.1405848,79.8776434,Shastri Nagar,088717 48089,dineshmathur000@gmail.com,https://jabalpurhelpline.com/dr-dinesh-mathur-general-physician
57071a8e-9414-49ee-af72-690b54aaca76,Maa narmada lung and health care clinic-Dr. Brahma prakash,GENERAL_CLINIC,,Bajnamath Chowk,"Besides Central Bank ATM, Patel medicose premises, Bajnamath Chowk, Shastri Nagar, Jabalpur, Madhya Pradesh 482003",23.1411368,79.8785815,Shastri Nagar,,,
dcac8776-fe54-4183-b711-152577500c9d,Dr. Dheeraj Tiwari (Homoeopathic Physician),HOMEOPATHY_CLINIC,,Yadav Market,"Shop No. 5, Yadav Market, Avani Vihar Road, Bajnamath Chowk, near Maharshi School, Shastri Nagar, Jabalpur, Madhya Pradesh 482003",23.1419026,79.8772563,Shastri Nagar,086027 86889,dtdrdheeraj@gmail.com,http://jabalpurhelpline.com/dr-dheeraj-tiwari-homoeopathic-physician
a80651f9-b1c8-4d1e-839f-cdb4d55019db,Doctors colony,GENERAL_CLINIC,,Shastri Nagar,"4VWF+2PX, Shastri Nagar, Jabalpur, Madhya Pradesh 482003",23.1451114,79.8743478,Shastri Nagar,,,
0cedb8e4-1b29-43e4-b8af-9b2410f94408,Medical,GENERAL_CLINIC,,JDA Colony,"subhaash chashme, 84/A, JDA Colony, Medical Garha, Jabalpur, Madhya Pradesh 482003",23.1485488,79.8822147,Shastri Nagar,,,
c51ed5ae-acb4-40d1-b732-7e1d010167f9,Dr. Maneesh Joleya- General Surgeon In Jabalpur,SURGICAL_CENTER,,Dr. Colony,"NSCB Medical College Hospital R 14, Dr. Colony, Garha, Jabalpur, Madhya Pradesh 482003",23.1499818,79.8785439,Shastri Nagar,,archana.ravi@remedoapp.com,https://drmaneeshjoleya.getmy.clinic/?utm_source=gmb&utm_medium=web&utm_campaign=tu
d953e748-cf29-42e4-8681-7bf0199809af,Dr Parwez Qureshi (Orthopaedic / Joint Replacement/ Sports injury Specialist),ORTHOPEDIC_CLINIC,,541 Shastri Nagar colony ( Medical Near radha krishna mandir,"541 Shastri Nagar colony ( Medical Near radha krishna mandir, Jabalpur, Madhya Pradesh 482003",23.1445108,79.8766432,Shastri Nagar,089891 74786,,https://www.drparwezqureshi.in/
6e59ce72-4010-4572-8174-c71e7d6d14a2,Dr Ajita Singh Parihar eye specialist,EYE_CLINIC,,KanchGhar,"Parihar polyclinic, opposite bhagwan Datt school, KanchGhar, Jabalpur, Madhya Pradesh 482001",23.1762335,79.9618802,Shastri Nagar,079874 42900,pariharaditya1@gmail.com,https://jabalpurhelpline.com/dr-ajita-singh-parihar-eye-specialist
0fe25cf6-d69e-4da4-9bd8-3d01eed9351b,Dr. Rakhi bajpai,GENERAL_CLINIC,,chowk,"chowk, railways station, KanchGhar, Jabalpur, Madhya Pradesh 482001",23.1766388,79.9615749,Shastri Nagar,087701 86650,contact@saiivf.com,http://saiivf.com/
e06f4c10-7d30-4592-b5d1-1ee7faf4c9b8,Sanjeevan Hospital & Research Centre,HOSPITAL,,Ram Nagar,"Bus Stand, Ram Nagar, Anand Nagar, Adhartal, Jabalpur, Madhya Pradesh 482004",23.2093011,79.9385252,Shastri Nagar,099939 66662,,http://www.sanjeevanhospitaljbp.com/
e5afb5d5-08d4-475b-8fb0-4d296fbb9d36,Apnimedicine,GENERAL_CLINIC,,Doctors Colony,"near apex hospital Medical College, Doctors Colony, Medical College Colony, Jabalpur, Madhya Pradesh 482001",23.1476831,79.8817302,Shastri Nagar,,,
778a362e-ac99-4b55-a4d6-85465d92bc2b,Dr MK Maheshwari Skin Care Clinic,DERMATOLOGY_CLINIC,,Manmohan Nagar,"behind Gayatri Mandir, Manmohan Nagar, Transport Nagar, Jabalpur, Madhya Pradesh 482002",23.1934029,79.9196563,Shastri Nagar,099810 98176,drmohit25819@gmail.com,http://www.skincareclinicjabalpur.com/
870a47ff-93c1-4227-99b3-632ed96d264c,RADHE SHYAM CLINIC,GENERAL_CLINIC,,Chowk,"Bajnamath, Chowk, Shastri Nagar Rd, Jabalpur, Madhya Pradesh 482003",23.1405071,79.8780317,Shastri Nagar,093036 09013,,
969b4248-5a8d-4fa6-aee8-9a33659ad8f9,Surya Clinic,GENERAL_CLINIC,,Shastri Nagar,"4VVH+VJQ, Shastri Nagar, Jabalpur, Madhya Pradesh 482003",23.1447132,79.879109,Shastri Nagar,097556 64491,,
20de129f-2350-4320-92df-d74fbe72c067,DR Govind JHARIYA....RADHE SHYAM CLINIC,GENERAL_CLINIC,,Radhe shyam Clinic... new shastri nagar.. bajnamath,"Radhe shyam Clinic... new shastri nagar.. bajnamath, chowk, Tilwara road, Jabalpur, Madhya Pradesh 482003",23.1411368,79.8785815,Shastri Nagar,093036 09013,,
f58ec138-3ef2-47c6-9d81-abb28017c8fe,Super Speciality Hospital,HOSPITAL,,Doctors Colony,"Doctors Colony, Medical College Colony, Jabalpur, Madhya Pradesh 482003",23.1491066,79.8779124,Shastri Nagar,,,
37ec4d78-9c5e-4f78-9952-0820043e54d6,Apex Hospital,HOSPITAL,,Medical Garha,"4VWJ+WXF, Medical Garha, Jabalpur, Madhya Pradesh 482003",23.1473164,79.8824275,Shastri Nagar,,,
b33ad666-99ce-4b6b-a283-adc06c83cc5b,Bajnamath choraha,GENERAL_CLINIC,,New Shastri Nagar,"4VRH+98M, New Shastri Nagar, Shastri Nagar, Jabalpur, Madhya Pradesh 482003",23.1409729,79.8782937,Shastri Nagar,,,
bd28685a-efcd-477c-bbca-a081bef10804,Pandit Narmada Prasad Shastri,GENERAL_CLINIC,,New Shastri Nagar,"4VRG+5H3, New Shastri Nagar, Shastri Nagar, Jabalpur, Madhya Pradesh 482003",23.1403864,79.8764178,Shastri Nagar,,,
5e653943-5138-4719-a647-413c4980ff74,Aman Baitry Services,GENERAL_CLINIC,,Medical Road Medical,"4VXJ+X7X, Medical Road Medical, Jabalpur, Madhya Pradesh 482003",23.1489612,79.8819847,Shastri Nagar,099933 03236,hospitalnscbmcjbp@gmail.com,http://www.nscbmc.ac.in/
36afc8b4-920a-4f9e-9383-4b0bd576db61,Charak Ayurveda Panchkarma Chikitsa Kendra,AYURVEDA_CLINIC,,Main Rd,"3,4 Samdariya Complex No. 1, In front Of PNB Bank, Near Axis Bank(Parijat Building, Main Rd, Cherital, Jabalpur, Madhya Pradesh 482002",23.1813951,79.9266977,Shastri Nagar,099934 08558,,http://www.charakayurvedmantra.com/
01b84a4a-82ec-4174-a953-38c6b8d7823e,Dr. Vivek Deewan,GENERAL_CLINIC,,Kothwali Bazar,"Shop No. 136, Opp. Ashok Medical, Kothwali Bazar, Hanumantal Ward, Jabalpur, Madhya Pradesh 482002",23.1798083,79.9341917,Hanuman Tal,,,
c7bf609d-e772-470e-98ef-bc45070a4cff,Dr aaisha khan,GENERAL_CLINIC,,hanumantal,"789, near mashjid sabji farosha, bhantaliya, hanumantal, Jabalpur, Madhya Pradesh 482002",23.1793596,79.939384,Hanuman Tal,079740 39997,,
92b001fc-c1d8-44ad-809f-9069582f238d,SIDDHI VINAYAK HOMOEO CARE CLINIC,HOMEOPATHY_CLINIC,,Ghora Nakkas Road,"Besides of Sahu Electricals, Ghora Nakkas Road, Hanumantal Ward, Jabalpur, Madhya Pradesh 482002",23.1829906,79.9372337,Hanuman Tal,078690 09594,,
52a6b54a-1f5f-4009-86f3-0025ebcc1d66,Dr M C Choubey Clinic,GENERAL_CLINIC,,Kotwali,"beside Agarwal Dharamshala, Sarafa, Kotwali, Jabalpur, Madhya Pradesh 482002",23.1787112,79.9334763,Hanuman Tal,088890 10222,,
cf140b99-f7a7-4444-afbb-d9ac2f54dc6c,Dr.Aifaj husen physiotherapy and rehab center,PHYSIOTHERAPY_CENTER,,Hanumantal Ward,"19, Hanumantal Ward, Jabalpur, Madhya Pradesh 482002",23.1819454,79.9394395,Hanuman Tal,078794 59645,,
2cce8d26-93af-450a-aff3-595596c7481e,DR PRAVEEN NAJPANDE CLINIC,GENERAL_CLINIC,,Shop No 01 Badhai Mohalla Road Badhai Mohalla,"Shop No 01 Badhai Mohalla Road Badhai Mohalla, Madhya Pradesh 482002",23.1779522,79.9414589,Hanuman Tal,094246 57133,,
98045313-4fdd-45cb-91ed-d1ea2f5af023,Dr. G L Chattri (Child Specialist),PEDIATRIC_CLINIC,,Kotwali Bazar,"1530/1, Chirayu Child Care, Kotwali Bazar, beside Raja Rasgulla, Tamarhai Chowk, Jabalpur, Madhya Pradesh 482002",23.1807352,79.9346392,Hanuman Tal,091317 19809,chirayuchildcarejbp@gmail.com,http://jabalpurhelpline.com/dr-g-l-chattri-child-specialist
c9a12360-828d-4c45-8226-0c6fde030239,"Dr. Rohit Nayak, RMP",GENERAL_CLINIC,,Darhai Rd,"159/166, Darhai Rd, Sarafa Ward, Hanumantal Ward, Jabalpur, Madhya Pradesh 482002",23.1777269,79.9341047,Hanuman Tal,093000 64399,,
8598887d-08d5-48fe-b35c-cd66a9478e43,Dr. A. K. Tomer,GENERAL_CLINIC,,Ghamapur,"Laxmi Complex, BeoharBagh, Ghamapur, Jabalpur, Madhya Pradesh 482001",23.1739831,79.9469772,Hanuman Tal,076128 23401,,
b2e7ddde-982e-4fdc-abcf-1b4977a40080,Maya Day Care Clinic,GENERAL_CLINIC,,Dixitpura Rd,"Near Choti Devan ki Madiya, Dixitpura Rd, Jabalpur, Madhya Pradesh 482002",23.1800364,79.9274411,Hanuman Tal,095222 69029,,
db2baa67-f813-4e5a-aa12-f690380425df,Dr Bhimandas,GENERAL_CLINIC,,Bharipur Rd,"Dr Ashok Bilwani, Bharipur Rd, near Geeta Bhawan, Choti Omti, Jabalpur, Madhya Pradesh 482002",23.1740087,79.9414213,Hanuman Tal,094251 53440,,
eba55315-3fe2-473b-b796-2da8b67325a8,Dr raja indurkhya,GENERAL_CLINIC,,Andherdeo Rd,"690, Andherdeo Rd, Andherdeo, Ganjipura, Jabalpur, Madhya Pradesh 482002",23.1740626,79.9337407,Hanuman Tal,076126 10102,,
b97e6bdc-a530-40f4-8f2b-c393061dd846,MAHARAJA MEDICS,GENERAL_CLINIC,,Ganjipura,"KAMANIYA GATE, Ganjipura, Jabalpur, Madhya Pradesh 482002",23.1767308,79.9326403,Hanuman Tal,,,
abd6569d-2e20-4b25-a311-e35a917a0214,Vijaya Memorial Clinic,GENERAL_CLINIC,,Fuhara Rd,"Fuhara Rd, Gupta Colony road, purani charhai, Jabalpur, Madhya Pradesh 482002",23.1756562,79.9301579,Hanuman Tal,0761 401 2604,,
06f7ce2b-3325-4414-93df-ae088f9239b7,Seth Mannulal Jagannathdas Trust Hospital,HOSPITAL,,Sarafa Road,"14/14, Sarafa Road, 5, Dixitpura Rd, Uprainganj, Jabalpur, Madhya Pradesh 482002",23.1793729,79.9315748,Hanuman Tal,076126 50632,,
e4c96850-b51b-463e-818e-e87d5c4b6777,Doctors House,GENERAL_CLINIC,,Unknown,,23.1765071,79.9309843,Hanuman Tal,,,
d068d0a7-861f-4034-be46-96293382abd7,MS Hospital and Trauma Centre Best Orthopedic hospital in Jabalpur | Best gastroenterologist doctor in Jabalpur,HOSPITAL,,Char Khamba Rd,"22, Char Khamba Rd, Ansar Nagar, behorabagh, Jabalpur, Madhya Pradesh 482002",23.18857,79.939786,Hanuman Tal,076129 91466,,
a9c8fce6-aa12-4f61-a9e3-c5666af3049b,Dr Firdous Ansari clinic,GENERAL_CLINIC,,5WQQ+P55 Dr Firdous Ansari clinic,"5WQQ+P55 Dr Firdous Ansari clinic, Mominpura talaiyya, Ansar Nagar, Gohalpur, Jabalpur, Madhya Pradesh 482002",23.1892597,79.9379787,Hanuman Tal,,,
00159fab-2e33-42b8-8364-a5220ca1e0cc,Gangasagar rd,GENERAL_CLINIC,,Shukla Nagar,"5W58+392, Shukla Nagar, Ranipur, Jabalpur, Madhya Pradesh 482002",23.1576462,79.9159037,Gangasagar,,,
188f53be-c328-4984-b8cc-8b13f55c8ef4,Dr. Romesh Chawlani,GENERAL_CLINIC,,Gangasagar Road,"1100/2, Gangasagar Road, Amanpur, in front of reliance fresh, Madan Mahal, Jabalpur, Madhya Pradesh 482002",23.1573344,79.9162387,Gangasagar,070243 20909,dr_romesh4u@yahoo.co.in,https://www.apnabusinesscard.com/Gastro-and-Liver-Care-Hospital
a3ba9f04-fad6-4021-b67f-52965cab87f6,Khanna Pain Clinic | Hope ICU Hospital Jabalpur | Pain clinic in Jabalpur,HOSPITAL,,WRIGHT TOWN,"1505, WRIGHT TOWN,NEAR CHANCHALA BAI COLLEGE Jabalpur Area, Madhya Pradesh 482002",23.1663051,79.9266178,Gangasagar,098261 66423,,
f41196c2-92ba-4ddc-8854-5f8724cdbb19,Paclicure llp clinic & pharmacy,PHARMACY,,Chandan Colony,"5V7W+F6R, Chandan Colony, Ganga Nagar, Jabalpur, Madhya Pradesh 482003",23.1637476,79.8955242,Gangasagar,,,
9d766134-427c-435c-87b7-d93548bc795a,Dr. D K Jadhav,GENERAL_CLINIC,,Shukla Nagar,"5W58+456, Shukla Nagar, Ranipur, Jabalpur, Madhya Pradesh 482002",23.157795,79.9153796,Gangasagar,,,
fbf699e6-45ab-4b9c-b20a-f255006a4688,Dubey Clinic,GENERAL_CLINIC,,Station Road,"5XH5+2WH, Station Road, KanchGhar, Ghamapur, Jabalpur, Madhya Pradesh 482001",23.1775619,79.959859,Ghamapur,093031 10921,,
d270b335-385d-4b08-9b34-aa8f1410705b,Dr Mukesh Khare,GENERAL_CLINIC,,Ghamapur,"5WFW+MX2, Besides Petrol Pump, BeoharBagh, Ghamapur, Jabalpur, Madhya Pradesh 482001",23.1741499,79.94739,Ghamapur,076126 21868,,
cfcf8833-91a8-476a-896f-3815c5ac5d06,Dr. M. M. Subbarao,GENERAL_CLINIC,,Ghamapur,"5XH4+RFJ, Opp. SHEETLA MAI MANDIR, Ghamapur, Jabalpur, Madhya Pradesh 482001",23.1795899,79.956154,Ghamapur,088272 45914,,
192c73c3-a3a9-48cf-b058-04ccf93bf68d,Dr gopal prashnani,GENERAL_CLINIC,,36 kingsway ashok marg sadar bazar,"36 kingsway ashok marg sadar bazar, Gurandi, Jabalpur, Madhya Pradesh 482001",23.17564,79.9467067,Ghamapur,093001 03928,,
a69b0b8c-4a77-4e06-a011-00809181ad73,Dr.Pankaj A.Martin,GENERAL_CLINIC,,Shitla Mai Ward,"5XH3+9VG, Shitla Mai Ward, Ghamapur Rd, Jabalpur, Madhya Pradesh 482001",23.1784499,79.954702,Ghamapur,,,
36050570-33d2-4735-96ac-eec99927af96,Call doy,GENERAL_CLINIC,,Ghamapur,"444/2, BeoharBagh, Ghamapur, Jabalpur, Madhya Pradesh 482001",23.1737406,79.9475366,Ghamapur,,,
453ab356-7d4a-4b2a-aea4-2a8cbc29ffa9,"Healthcare homeopathic clinic, Dr. G. S. vishwakarma",HOMEOPATHY_CLINIC,,Rd,"Railway, Rd, near Bima Hospital, Police Lines, Ghamapur, Jabalpur, Madhya Pradesh 482001",23.175956,79.958065,Ghamapur,062631 54359,,
89d8ed8c-0b16-4b3a-ade6-0d54cd064353,Dr Braj Kishor Mishra homeopathic clinic,HOMEOPATHY_CLINIC,,Christian Colony,"Sidh baba preem teant house, Christian Colony, Ghamapur, Jabalpur, Madhya Pradesh 482001",23.1765672,79.9521709,Ghamapur,,,
778c44f5-3674-4e6c-b323-ff1e7d5962d3,Dr. Prateek Kumar Singh,GENERAL_CLINIC,,Main Road,"Main Road, opp. Siya TVS Showroom, Ravindra Nagar, Adhartal, Jabalpur, Madhya Pradesh 482004",23.1986158,79.9464188,Ghamapur,098262 43655,dr.prateekkumarsingh@gmail.com,https://boneandjointdocjbp.com/
f32c5af1-23ae-4d13-aaf9-86e8b29e194b,Om Sai Ram Clinic,GENERAL_CLINIC,,Ghamapur,"Om Sai Ram Clinic, Ghamapur, Jabalpur, Madhya Pradesh 482002",23.1759511,79.9438787,Ghamapur,097130 89328,,
fb3befee-605d-4a62-8ecd-e4e305aca36f,Dr. Jitendra Pershadi,GENERAL_CLINIC,,Ghamapur Rd,"5XH3+J4J, Ghamapur Rd, Lalmati, Jabalpur, Madhya Pradesh 482001",23.1790854,79.9527614,Ghamapur,,,
fea0c68b-5d4b-41f0-93c9-b39f7785d5aa,Dr. Komal Jain,GENERAL_CLINIC,,Ghamapur,"KJ Memorial Hospital, in front of Singhai Petrol Pump, BeoharBagh, Ghamapur, Jabalpur, Madhya Pradesh 482001",23.1742959,79.9467135,Ghamapur,,kjmemorial@hotmail.com,https://kjmemorialhospital.com/
102d6b54-c9b0-47b0-bde3-1cdcc301f960,Anil Duby Hospital,HOSPITAL,,Christian Colony,"5XG2+6R9, Christian Colony, Ghamapur, Jabalpur, Madhya Pradesh 482001",23.1755315,79.952105,Ghamapur,,,
88fdadf8-56f2-4301-b0ae-94c37ee33e3a,Prachi Bhatnagar Hospital And Research Center,HOSPITAL,,Shitalamai Ward West,"5XH3+5QW, Shitalamai Ward West, Ghamapur, Jabalpur, Madhya Pradesh 482001",23.1779794,79.9544687,Ghamapur,,,
5085c32f-8d2c-43ef-8da3-5c3446c89fb7,Lodhi Clinic,GENERAL_CLINIC,,Ghamapur,"Lodhi Clinic, Bai Ka Bageecha, Ghamapur, Jabalpur, Madhya Pradesh 482001",23.1771356,79.9491333,Ghamapur,094254 69311,,
0115492e-ef88-4b9b-be19-0ae1b6b3b27d,Dr. Neeraj Sachdeva/ SACHDEVA PATHOLOGY Lab,PATHOLOGY_LAB,,Ghamapur,"Shop No 1, Anandi Complex, next to Prestige Hyundai Auto, BeoharBagh, Ghamapur, Jabalpur, Madhya Pradesh 482001",23.1754979,79.9465939,Ghamapur,,,
4c121f15-4b98-4d82-81b5-f1c0506db514,Aakanksha Hospital,HOSPITAL,,Raddi Chowk,"Raddi Chowk, Ghamapur, Jabalpur, Madhya Pradesh 482002",23.1779559,79.9460249,Ghamapur,,,
c546f24c-1988-4353-adc0-1887c501130f,Child Freindly Clinic,PEDIATRIC_CLINIC,,Ghamapur Rd,"5WFW+PW3, Ghamapur Rd, BeoharBagh, Ghamapur, Jabalpur, Madhya Pradesh 482001",23.1742729,79.9473107,Ghamapur,076126 21868,,
79deef8c-0015-46a0-a0a0-2c19156ef205,Cosmasure Skin Hair Lasers and Fat Reduction Clinic,DERMATOLOGY_CLINIC,,Beohar Raghuvir Sinha Rd,"Beohar Raghuvir Sinha Rd, BeoharBagh, Ghamapur, Jabalpur, Madhya Pradesh 482001",23.1744318,79.9468324,Ghamapur,089623 28743,cosmasureclinic2@gmail.com,http://www.cosmasure.com/
06eb1e7c-19ee-4897-ba3d-ba5147851018,Nishant Nursing Home,NURSING_HOME,,Ghamapur Chowk,"5WGW+PRR, Ghamapur Chowk, Jabalpur, Madhya Pradesh 482001",23.176854,79.9470149,Ghamapur,076126 21905,,
4b360de3-1f40-420f-954c-6611f9a4a6fe,Singh's Homoeopathic clinic,HOMEOPATHY_CLINIC,,Siddha Baba Ward,"386, near shankarji mandir East, Siddha Baba Ward, Ghamapur, Jabalpur, Madhya Pradesh 482002",23.1862664,79.9567825,Ghamapur,,,
7e344a5f-d8ed-4cf9-93a2-139665074837,supriya tamrakar psychologist,PSYCHIATRY_CLINIC,,Christian Colony,"Christian Colony, Ghamapur, Jabalpur, Madhya Pradesh 482001",23.1755315,79.9521051,Ghamapur,089626 25595,,https://www.instagram.com/clam_space?igsh=MTI5dWlsanFveGRxYw==
4008cdbb-825e-4516-920e-a68e8c1a8478,Katanga Clinic,GENERAL_CLINIC,,Crossing,"Rabra Complex, Katanga, Crossing, Jabalpur, Madhya Pradesh 482001",23.1502881,79.9344554,Katanga,094253 56874,,
dbf44caa-948b-4b61-8e50-5d479a8034ba,Vighnesh Homeopathic Clinic,HOMEOPATHY_CLINIC,,Katanga,"Tiraha, Katanga, Jabalpur, Madhya Pradesh 482001",23.1499651,79.9341382,Katanga,091236 12248,,
5f11c0bc-554f-4f28-aedf-553e3fd35cb5,Aalind Heart Centre,CARDIOLOGY_CLINIC,,Gorakhpur,"POLICE STATION, 2ND FLOOR ,ADISHANKAR HOSPITAL BETWEEN ANGADH MAHAVEER MANDIR AND GORAKHPUR, Gorakhpur, Jabalpur, Madhya Pradesh 482001",23.1505065,79.9271125,Katanga,099849 34759,aalindheartcentre@gmail.com,https://www.apnabusinesscard.com/Aalind-Heart-Centre
2e272e3b-f27f-4c6f-aa78-9cedabbbf776,Dr. Khushboo Asrani,GENERAL_CLINIC,,Rampur Crossing Grenade Chowk,"Asrani clinic, Rampur Crossing Grenade Chowk, Gwarighat Road, Madhya Pradesh 482008",23.1405697,79.9257372,Katanga,094032 24516,khubchandanikhushi@gmail.com,http://jabalpurhelpline.com/dr-khushboo-asrani-child-neurologist
bf7d371b-7ef5-48d7-8140-0d1154bd091d,Dr N.K Bansal,GENERAL_CLINIC,,South Civil Lines,"5W3V+H2R, Malhotra Compound, South Civil Lines, Jabalpur, Madhya Pradesh 482001",23.1539772,79.9425122,Katanga,093013 11481,drnkbcardio@gmail.com,https://jabalpurhelpline.com/dr-naresh-kumar-bansal-the-heart-clinic
419139b5-0b39-43da-8816-6281da5b7d8b,Dr. Vishal Kalia,GENERAL_CLINIC,,Narmada Rd,"Mahaveer Mandir, 25, Narmada Rd, opp. Angarh, Gorakhpur, Jabalpur, Madhya Pradesh 482001",23.1524791,79.9273504,Katanga,094251 55296,vish7474@gmail.com,http://jabalpurhelpline.com/dr-vishal-kalia-laparoscopic-surgeon
dbcf1afe-da3e-453a-99dc-8f457f5bf15d,TN SHUKLA EYE CLINIC,EYE_CLINIC,,Gorakhpur,"2nd. floor Pushpa plaza Katanga crossing, Gorakhpur, Jabalpur, Madhya Pradesh 482001",23.1517645,79.9357104,Katanga,083495 49029,,http://www.tnshuklaeyehospital.com/
b5d8b52f-88b5-4f4a-9c19-f3de0836153a,Suvidha Hospital,HOSPITAL,,Nagpur Rd,"230, Nagpur Rd, Choti line phatak, Jabalpur, Madhya Pradesh 482001",23.1547353,79.9267632,Katanga,,,https://about.me/hospital43b/edit/spotlight
3388e7c4-ee76-4e16-8607-329462c5a378,"Dr. Neerja dubey, gynaecologist",GYNECOLOGY_CLINIC,,Katanga,"5W3Q+5FX, Katanga, Jabalpur, Madhya Pradesh 482001",23.1526431,79.938771,Katanga,,,
627d323a-b431-41e7-b355-7a6640c20d99,Ajay Bhandari Associates LLP (Disha Multispecialty Healthcare),GENERAL_CLINIC,,Bhandari Hospital Road,"Bhandari Hospital Road, Plot No. 660 & 661, 4th Bridge Rd, Nehru Railway Colony, Napier Town, Jabalpur, Madhya Pradesh 482001",23.1544321,79.9368799,Katanga,0761 470 0099,aballp19@gmail.com,http://www.dishahealthcare.com/
ea55d9c0-bf5d-424a-bdeb-d01fbf71a162,Dr Renu Bilwani,GENERAL_CLINIC,,GRC Chowk,"Dr Renu Bilwani, GRC Chowk, MCI Colony, Rampur, Jabalpur, Madhya Pradesh 482001",23.1471228,79.9318201,Katanga,094251 53441,,
60c9dd37-4251-4fb3-b781-ed512d9fc0d1,Dr Atul Lalwani and SONA MEDICINE CENTRE,ENT_CLINIC,,Ratan Colony,"katanga tiraha, 482001, Ratan Colony, Gorakhpur, Jabalpur, Madhya Pradesh 482001",23.1493698,79.9314673,Katanga,092039 17895,,
45de7a9c-1cec-4882-b3a5-e54b1ee0d211,Dr. Kelly's Clinic,GENERAL_CLINIC,,Gorakhpur,"5W3M+G73, Gorakhpur, Jabalpur, Madhya Pradesh 482001",23.1537531,79.9331639,Katanga,,,
b2b99047-27db-41fb-8aab-9b0d78d3f38c,"Dr. Chhaya Shah (Child Specialist & Vaccination Centre),Jabalpur",PEDIATRIC_CLINIC,,Pushpa Kunj Colony,"16 , Pushpa Kunj Colony, behind Sharda Cineplex, Gorakhpur, Jabalpur, Madhya Pradesh 482001",23.1515722,79.9287509,Katanga,086023 61117,,
ef8d394d-9e80-41d8-ae89-19e434496006,Bhandari Hospital,HOSPITAL,,Howbag Railway Colony,"RB-II 431/3, NH30, Howbag Railway Colony, Nehru Railway Colony, Gorakhpur, Jabalpur, Madhya Pradesh 482001",23.1543864,79.9374704,Katanga,076124 00258,bhandarihospitaljabalpur@gmail.com,http://www.bhandarihealthcare.com/
fac7be18-d177-4ea5-a063-2afd20d24ade,mannsay clinic,GENERAL_CLINIC,,APR Colony,"117, APR Colony, Katanga, Jabalpur, Madhya Pradesh 482001",23.1488058,79.9387752,Katanga,099811 51522,info.mannsay@gmail.com,http://www.mannsay.com/
0aa78df4-9572-4557-a136-dfc62b6fb087,Dr. Sushil Kalley- Diabetologist in Jabalpur,GENERAL_CLINIC,,Gurdwara,"Gurdwara, Shop, Feel Good Clinic Gorakhpur, Street Number 1, Jabalpur, Madhya Pradesh 482001",23.1550414,79.9329964,Katanga,,archana.ravi@remedoapp.com,https://drsushilkalley.getmy.clinic/?utm_source=gmb&utm_medium=web&utm_campaign=tu
44ac0cea-e6c8-4aa0-961b-8024037ce142,Dr Nisha skin clinic jbp mp,DERMATOLOGY_CLINIC,,Narmada Rd,"2nd floor, rabra complex, Katanga tiraha, Narmada Rd, Jabalpur, Madhya Pradesh 482001",23.150224,79.934815,Katanga,082349 03629,,http://www.drnishahealthinstitute.com/
ebd86035-6147-4a8b-a50c-20586ff28141,Dr. Atul Lalwani (Child Specialist & Vaccination Centre),PEDIATRIC_CLINIC,,Gorakhpur,"near Honda Petrol Pump, Gorakhpur, Jabalpur, Madhya Pradesh 482001",23.1493884,79.9314805,Katanga,,,
de86c6b6-dbbc-448d-860f-b1b91e1ad170,DR. MEERA SANGHI,GENERAL_CLINIC,,Wright Town,"1283, Wright Town, Jabalpur, Madhya Pradesh 482002",23.1666375,79.9284945,Katanga,,,
74a2a59c-dd28-4a25-9599-f0547c9ea110,DR. KAVERI SHAW PATEL,GENERAL_CLINIC,,Narmada Rd,"Golden Women Care Hospital, 1444, Narmada Rd, near Hawa bagh churchKatanga, MCI Colony, Katanga, Jabalpur, Madhya Pradesh 482001",23.1445801,79.9275315,Katanga,087704 99175,,https://jabalpurhelpline.com/dr-kaveri-shaw-patel-gynaecologist
168e4454-1ba9-4b83-beae-db1f0c5b7742,Dr. Jayant Tankhiwale,GENERAL_CLINIC,,Madan Mahal,"Khandelwal Complex, Madan Mahal, Jabalpur, Madhya Pradesh 482001",23.1552276,79.9262905,Katanga,094251 61278,,
e416286c-8a1e-48c9-ad05-81aeb1bba4ba,Gorakhpur Health Home,GENERAL_CLINIC,,Gorakhpur Main Rd,"5W3J+3VV, Gorakhpur Main Rd, Gorakhpur, Jabalpur, Madhya Pradesh 482001",23.1527347,79.9321819,Katanga,094251 54386,,
b74cdf7e-0d80-4a60-b1e0-85b6fbf55d47,Feel Good Clinic,GENERAL_CLINIC,,Gorakhpur Rd,"5W4M+259, Gorakhpur Rd, Gorakhpur, Jabalpur, Madhya Pradesh 482001",23.1550414,79.9329964,Katanga,099933 21817,,
d634b546-7554-4f61-aca1-c2b3f215777b,Sai Multi-speciality hospital Sanjeevani Nagar garha jabalpur,HOSPITAL,,Main Road Sanjeevani Nagar,"Main Road Sanjeevani Nagar, Garha, Jabalpur, Madhya Pradesh 482003",23.1655975,79.9015011,Sanjeevani Nagar,,saimshospital22@gmail.com,https://www.apnabusinesscard.com/Sai-Multi-Speciality-Hospital
ea177204-8a25-480e-b843-d762304a4da1,Sheel Medicos,PHARMACY,,Sanjeevani Nagar,"5V8X+5QR, Sanjeevani Nagar, Jabalpur, Madhya Pradesh 482003",23.165491,79.89939,Sanjeevani Nagar,094253 84280,,
4cc87817-07c7-4ddc-9cfa-9ca93ec091cd,Devshree hospital,HOSPITAL,,Mohan Vihar Colony,"near Reliance smart point, Mohan Vihar Colony, Sanjeevani Nagar, Jabalpur, Madhya Pradesh 482002",23.1652932,79.9014796,Sanjeevani Nagar,097552 04878,,
0cefbc82-9cea-4355-b5dc-1f6357abf893,Dr.Vikas Dubey,GENERAL_CLINIC,,Sanjeevani Nagar,"170, Sanjeevani Nagar, Jabalpur, Madhya Pradesh 482002",23.1664817,79.9047335,Sanjeevani Nagar,098270 66922,,
9354de9e-2e3d-49ec-83ab-b87c3ce701bd,Budholia Hospital,HOSPITAL,,Main Road Sanjivni Nagar,"5W82+68V, 249, Main Road Sanjivni Nagar, Garha road, Garha Rd, near Madhuvan Bar, Sanjeevani Nagar, Jabalpur, Madhya Pradesh 482002",23.1655824,79.9015016,Sanjeevani Nagar,076124 23865,,
f2b1e84f-4583-486f-92eb-30ca66ed03de,Dr. Anil Karpetee (Orthopaedic Trauma & Joint Replacement Surgeon),ORTHOPEDIC_CLINIC,,Shahi Naka Road In front of Shanti Masale,"Paclicure Polyclinic, Shahi Naka Road In front of Shanti Masale, Main road Sanjeevani Nagar, Garha, Jabalpur, Madhya Pradesh 482003",23.163618,79.8956657,Sanjeevani Nagar,088177 20421,anilkarpeti47@gmail.com,http://jabalpurhelpline.com/dr-anil-karpetee-orthopedic-surgeon
0546ae39-7544-4a49-9d09-56b2fbd64255,Dr Suchitra clinic,GENERAL_CLINIC,,BT Rd,"BT Rd, Tiraha, Garha, Jabalpur, Madhya Pradesh 482002",23.1607673,79.9061687,Sanjeevani Nagar,0761 400 3635,,https://sites.google.com/view/womb-clinic/home?authuser=0
b16fdb9a-cfe1-4a9c-9a66-001147ce060f,Dr. Avyakt Agrawal,GENERAL_CLINIC,,Junior HIG 20. Near Dhanwantri Nagar Chowk Pulse medical care Dhanvantari Nagar,"Junior HIG 20. Near Dhanwantri Nagar Chowk Pulse medical care Dhanvantari Nagar, Garha Purva road, Mahadev Parisar, Jabalpur, Madhya Pradesh 482003",23.1561289,79.8755673,Sanjeevani Nagar,090090 39964,dravyactagrawal@gmail.com,https://jabalpurhelpline.com/dr-avyakt-agrawal-child-specialist
092cc80a-7e0f-48ae-85d6-2c4a1ab20239,Samarth Shri Multispeciality Hospital,MULTISPECIALTY_HOSPITAL,,Panchsheel colony,"Panchsheel colony, Bansi Tower, Ukhri Rd, Chowk, Jabalpur, New Adaresh Colony, Madhya Pradesh 482002",23.178385,79.9114574,Sanjeevani Nagar,0761 350 0153,,
ec74088a-8bd5-481e-9e00-e119ff876db1,Dr. Ruby Rajak Sanjeevani homoeopathic clinic,HOMEOPATHY_CLINIC,,Yadav Colony Elza School Road,"1617/1, Yadav Colony Elza School Road, near Khan Buero Office, Labour Chowk, Jabalpur, Madhya Pradesh 482002",23.1705178,79.9116012,Sanjeevani Nagar,095848 42106,rubyrajak0202@gmail.com,https://apnabusinesscard.com/Dr-Ruby-Rajak-%28BHMS%29
724be31c-fe8f-42b8-80ea-09924e23315b,"Dr. Pratiksha Piplewar (Best Nephrologist) (Kidney Stone, Urinary Infection & Hypertension Specialist)",NEPHROLOGY_CLINIC,,Sneh Nagar Rd,"Gate no 4, Aadya Ortho And Kidney Care clinic, Sneh Nagar Rd, beside Gautam IAS Academy, Sneh Nagar, Jabalpur, Madhya Pradesh 482002",23.1648045,79.9171274,Sanjeevani Nagar,094249 10827,,
b782cee8-29b9-47b9-8055-83f4c40beacc,Narayan Health Clinic,GENERAL_CLINIC,,Ukhri Rd,"305/4, Ukhri Rd, behind Baldeobagh, near power house, SBI colony, Janki Nagar, Jabalpur, New Adaresh Colony, Madhya Pradesh 482002",23.1790897,79.9151871,Sanjeevani Nagar,0761 314 5706,,
9b5d63af-876a-41b7-a858-9c0eb718ab0c,Life care icu,GENERAL_CLINIC,,main road sanjivni nagar,"249, main road sanjivni nagar, Garha, Jabalpur, Madhya Pradesh 482002",23.1655251,79.9015289,Sanjeevani Nagar,0761 403 8666,,
18d33149-49bc-44a2-b5c2-e7cc01dc858c,"Dr. Sanjeev Banerjee Fracture, Accident & Orthopaedic Hospital",HOSPITAL,,Garha Rd,"Garha Rd, Nove Adaresh Colony, Square, Yadav Colony, Jabalpur, Madhya Pradesh 482002",23.1691704,79.9175123,Sanjeevani Nagar,,,https://www.drsanjeevbanerjee.com/
7b684b3f-1017-47ee-85a9-aed667ec639d,Lt Col (Dr.) RK Pandey (Retd) | General Physician | Alankrita Medical,GENERAL_CLINIC,,Mandla - Jabalpur Rd,"Alankrita medical, Mandla - Jabalpur Rd, Tilhari, Jamtara, Madhya Pradesh 482021",23.1045177,79.9783715,Tilhari,089591 09808,,
b91ae500-6297-40df-8d32-61d37da0a1ca,"Shri Hari Clinic ,Dr Numidha Choudhary",GENERAL_CLINIC,,Banglow no. 1 rahul vihar tilhari,"Banglow no. 1 rahul vihar tilhari, Madla road, Jabalpur, Madhya Pradesh 482020",23.120764,79.9714608,Tilhari,079874 63369,,
dfa9b2ec-bdd1-40bb-99c8-d2702b439d4a,Dr. Sunil Kumar Rai Child specialist,PEDIATRIC_CLINIC,,Main Road,"Rishi Child and Polyclinic, Main Road, beside Patanjali Store, opp. SBI ATM, Bilhari, Jabalpur, Madhya Pradesh 482020",23.1307554,79.9643886,Tilhari,074150 65601,sunilrai.cool@gmail.com,http://jabalpurhelpline.com/maj-dr-sunil-rai-child-specialist
5770bb84-2136-4ecf-ab3e-b2b0029a5edc,Nest Children's Clinic,PEDIATRIC_CLINIC,,Mandla - Jabalpur Rd,"shop no.107 Mohit skyline, Mandla - Jabalpur Rd, above Nukkad, Tilhari, Madhya Pradesh 482020",23.1252181,79.9685717,Tilhari,090094 74777,,
9e74cd5c-8432-4f09-a2e2-94a78d8dbea2,R&R MULTISPECIALITY HEALTHCARE,MULTISPECIALTY_HOSPITAL,,MANGLESHWARI PINK CITY,"R&R MULTISPECIALITY HEALTHCARE, Near PS Academy, MANGLESHWARI PINK CITY, Kajarwara Rd, DMART, beside RAJUL CITY PH-II, Bilhari, Jabalpur, Madhya Pradesh 482020",23.1291206,79.9708628,Tilhari,,rksingh.sleep@gmail.com,https://www.rrmultihealthcare.com/
1e3fdcf8-43a6-4bab-8a80-ab4f1d49c7fb,CutiPlus By Dr. Anamika Mishra,GENERAL_CLINIC,,Jabalpur,"1st Floor, Mohit Skyline, near Vijan Mahal Hotel, Jabalpur, Tilhari, Madhya Pradesh 482002",23.1251417,79.9686553,Tilhari,083059 79743,,https://cutiplus.in/
7e142e1a-6961-4031-a7d2-67490d679dd1,Jabalpur Dental Clinic,DENTAL_CLINIC,,Sant Jalaram Nagar,"C7, Sant Jalaram Nagar, Tilhari, Madhya Pradesh 482020",23.1249813,79.9685077,Tilhari,093035 59922,,
24688a52-68c8-49a9-b289-62336335bf82,Parmarth Orthopaedic and Gynaecology Clinic,ORTHOPEDIC_CLINIC,,Gopalpuram,"Gopalpuram, Bilhari, Jabalpur, Madhya Pradesh 482020",23.1284142,79.9650355,Tilhari,088396 69668,,
f1b129e9-b34d-4bb5-90c9-0114b88b4e3a,Metropolis Lab मेट्रोपॉलिस Near D-Mart Tilhari jabalpur,PATHOLOGY_LAB,,Bilhari,"near Kunj Medicose, Bilhari, Jabalpur, Madhya Pradesh 482020",23.1327136,79.9641318,Tilhari,,,https://www.metropolisindia.com/
446cab3d-27da-40c7-a99f-c8e83f81ebaa,Dr Nivedita Seehra- Best Child Doctor | Pediatrician | Neonatologist | Child Specialist | Vaccination | Jabalpur,PEDIATRIC_CLINIC,,near Hotel Viajn Mahal,"shop no-107, Firts Floor, Nest Clinic, Mohit Skyline, above Nukkad food Point, near Hotel Viajn Mahal, Tilhari, Madhya Pradesh 482020",23.1250676,79.9701493,Tilhari,090094 74777,,https://www.justdial.com/Jabalpur/Dr-Nivedita-Seehra-Above-Nukkad-Food-Point-Near-Hotel-Viajn-Mahal-Bilhari-Jabalpur/9999PX761-X761-220829225224-G6E7_BZDET
e8e23112-d27a-43ca-ae81-b0a61d58a86c,DrLAL पैथोलॉजी कॉलेक्शन सेंटर बिलहरी तिलहरी जबलपुर,GENERAL_CLINIC,,Mandla - Jabalpur Rd,"Mandla - Jabalpur Rd, near by Indian Coffee House, Tilhari, Pipariya, Madhya Pradesh 482020",23.1222401,79.9701717,Tilhari,062639 84388,,
eb1c5a09-aa2d-48c0-96c2-01f8c2053bbd,"Dr. Vishwanath Pratap Singh-best joint replacement surgeon l best ACL ,sports injury surgeon l best orthopaedic in jabalpur",ORTHOPEDIC_CLINIC,,Main Road,"Rishi child and Polyclinic, Main Road, Bilhari, Jabalpur, Madhya Pradesh 482020",23.1306563,79.9644206,Tilhari,098911 89727,singhvishwanathpratap057@gmail.com,http://www.drvishwanathpratapsingh.in/
e2208463-2313-42b0-a807-0f6e989bee9b,"Dr. M.K. Shukla, MD",GENERAL_CLINIC,,Pink city,"Khatri Complex, Pink city, Kajarwara Rd, near Rajul Exotica, Bilhari, Jabalpur, Madhya Pradesh 482020",23.1282667,79.9733122,Tilhari,094253 88407,,
9503d715-b3c0-4fc3-af85-beafd6162423,Physiotherapy Care,PHYSIOTHERAPY_CENTER,,Rajul Township,"Shop no. 102, Rajul Township, Mandla - Jabalpur Rd, Tilhari, Jabalpur, Madhya Pradesh 482002",23.1175813,79.9735956,Tilhari,078973 26282,,
f2baa767-68ef-44f2-bdcb-45524eb22384,"Grover clinic, mandla road, tilhari, jabalpur",GENERAL_CLINIC,,Mandla - Jabalpur Rd,"shop no.1, Shubham residency, Mandla - Jabalpur Rd, Tilhari, Madhya Pradesh 482021",23.1146175,79.9747137,Tilhari,091712 51532,,
61e73954-e682-4196-b8dd-e603b705cd6d,Alankrita medical,GENERAL_CLINIC,,Mandla - Jabalpur Rd,"Mandla - Jabalpur Rd, Tilhari, Jamtara, Madhya Pradesh 482021",23.1047184,79.9783386,Tilhari,,,
527be015-36d5-4f41-839d-e8191762edeb,Amitansha Dental Clinic (MDS),DENTAL_CLINIC,,Rajul Township,"Shop no. 2 J, Rajul Township, Hookens St, Rajul City, Tilhari, Jabalpur, Madhya Pradesh 482020",23.1187315,79.9747647,Tilhari,079871 05591,,
f2b0dcc8-c793-4bc4-9838-4408bbcd3d6a,Rishi Child Clinic,PEDIATRIC_CLINIC,,Mandla - Jabalpur Rd,"Mandla - Jabalpur Rd, near Petrol Pump, APR Colony, Bilhari, Jabalpur, Madhya Pradesh 482020",23.1311399,79.9645837,Tilhari,089892 02393,,http://drsunilrai.com/
654aa7e3-1d67-4994-93d1-f4729c54fc82,DR Rajkumar Mehra physiotherapist (Home Visit),PHYSIOTHERAPY_CENTER,,Unknown,,,,Tilhari,090099 17836,,https://www.youtube.com/@DrRajkumarmehraphysio
cb3778ee-05e7-425d-ba18-1d8fad502bfb,Dr. Ankit Pandey,GENERAL_CLINIC,,near Gau Mata Chowk,"Dr. Ankit Pandey, Infront of Johari Hospital and hindu milan mandir, near Gau Mata Chowk, Wright Town, Jabalpur, Madhya Pradesh 482002",23.1623738,79.9251811,Tilhari,099810 49900,roxygenbeautyclinic@gmail.com,https://dermatologistinjabalpur.in/
c3c5af3a-7b56-40ba-92c7-11d3f933543d,"Dr. Priyanka Singh - Best Gynecologist/PCOD treatment/Normal/LSCS delivery/infertility specialist/laparoscopic surgeon,",GYNECOLOGY_CLINIC,,Mandla - Jabalpur Rd,"4XJ7+FR4, Mandla - Jabalpur Rd, near Petrol Pump, APR Colony, Bilhari, Jabalpur, Madhya Pradesh 482020",23.131188,79.964563,Tilhari,076205 10738,priyanka.dn.singh@gmail.com,https://www.drpriyankasinghivf.in/
e6a3b86d-24dc-4485-b7ae-fd796136b120,Pandey Eye Clinic (Dr. Indu Pandey),EYE_CLINIC,,Sabji Market,"789, Varun Towers, Street Number 1, Sabji Market, Sadar, Cantt, Jabalpur, Madhya Pradesh 482001",23.1513603,79.9441663,Tilhari,098261 19510,indupandeyjbp@gmail.com,http://jabalpurhelpline.com/dr-indu-pandey-eye-specialist
6a61b7aa-9f2b-4cc1-8517-9530502bfe42,"Dr Nitin Wadhwa , Orthopaedic and Robotic Joint replacements Surgeon",ORTHOPEDIC_CLINIC,,Unknown,,23.1756951,79.9687529,Tilhari,083788 44111,nitinnwadhwa@gmail.com,https://apnabusinesscard.com/Dr-Nitin-Wadhwa
ce6a9eea-0fae-4c5c-9531-4125e4c5410d,Movenest Physiotherapy - Dr.Abhilasha Pandey,PHYSIOTHERAPY_CENTER,,Rajul Township,"Entry Gate, Rajul Township, House No. 44, Chaggar Farm Rd, near Shiv Temple, Tilhari, Jabalpur, Madhya Pradesh 482021",23.1211018,79.9780287,Tilhari,,,https://www.instagram.com/movenestphysiotherapy/
e56669a5-cbaa-45d0-8aab-11c443a6603c,Dr Jitendra Jamdar Best Orthopaedic Doctor in Jabalpur Madhya Pradesh,ORTHOPEDIC_CLINIC,,Unknown,,23.1756951,79.9687529,Tilhari,075660 03341,info@thcjbp.com,https://thcjbp.com/
77c75e6a-7a8c-4a6c-b488-26f0bbee5285,Mourya Dr sahab ayurvedic,AYURVEDA_CLINIC,,Anuradha Colony,"4XMH+QM, Anuradha Colony, Bilhari, Jabalpur, Madhya Pradesh 482021",23.1344601,79.9791631,Tilhari,,,
29c39ab3-9b15-438e-a069-d308e08fbf8c,Dr Ajay Wadhwa,GENERAL_CLINIC,,Sadar Bazar,"5W2W+Q79, Street Number 2, Sadar Bazar, Sadar, Jabalpur, Madhya Pradesh 482001",23.1519153,79.9457279,Tilhari,,,
dc1d4282-541e-4963-82cf-c4540ba4cfe0,Dr. Rajni shuhane,GENERAL_CLINIC,,Mandla - Jabalpur Rd,"4XM7+2PR, New, Mandla - Jabalpur Rd, opposite Central Bank, Bilhari, Jabalpur, Madhya Pradesh 482020",23.13263,79.9642323,Tilhari,,,
d4f60567-b5aa-4245-ac93-980a24ab7081,Sankalp physiotherapy clinic & rehabilitation centre BILHARI jabalpur,PHYSIOTHERAPY_CENTER,,Mandla - Jabalpur Rd,"the square in the street, Near, Mandla - Jabalpur Rd, opposite Pathak Petrol Pump, Bilhari, Jabalpur, Madhya Pradesh 482020",23.1295715,79.9638766,Tilhari,077806 36134,,
1480e9f0-6665-4262-89b3-6397ee20b161,Dr. Shrish Shrivastava (Child Specialist),PEDIATRIC_CLINIC,,Kisani mohalla,"Kisani mohalla, Barela, Madhya Pradesh 482021",23.095799,80.0463465,Barela,094254 72960,,https://jabalpurhelpline.com/dr-shrish-shrivastava-child-specialist
44dc474f-a7b0-4d09-b200-f1f1556e1af4,ratna medikoj barela jbp,GENERAL_CLINIC,,33W3+QP4,"33W3+QP4, Barela, Madhya Pradesh 483001",23.0968887,80.0543374,Barela,093294 61646,,
72de49dc-9602-469c-9c0d-41d45fba88f0,Dr Kiran Peepra Matratva clinic and Sonography centre,IMAGING_CENTER,,32WX+6C6,"32WX+6C6, Barela, Madhya Pradesh 483001",23.0955924,80.048502,Barela,088396 69668,,
802fe15c-2f65-4cb1-b120-9543215ea1b2,dr. deepak kumar jhariya,GENERAL_CLINIC,,Mandla - Jabalpur Rd,"SHRIRAM HOSPITAL NIDHI CLINIC, Mandla - Jabalpur Rd, near POLICE STATION, Barela, Jabalpur, Madhya Pradesh 483001",23.0964905,80.0517987,Barela,,,
37554383-b10f-43f1-8c70-99a4c3a8a70f,Dr. Deepak Jhariya | Endocrinologist | Shriram hospital nidhi clinic,HOSPITAL,,Mandla - Jabalpur Rd,"Shriram hospital nidhi clinic, Mandla - Jabalpur Rd, Barela, Madhya Pradesh 483001",23.0964929,80.0517805,Barela,099269 04514,,
2736f78f-735b-4ac6-99ad-c30a1f573a77,YOGESHWAR PRAKRATIK CHIKITSHA KENDRA BARELA योगेश्वर प्राकृतिक चिकित्सा केन्द्र बरेला जबलपुर,GENERAL_CLINIC,,Barela,"Barela, Madhya Pradesh 483001",23.0930764,80.0522042,Barela,062603 15628,,
3e6feed6-59cf-4d76-aca0-a5ea9a570c56,SHRIDHAR HOMOEOPATHY (Dr. Vinod sharma),HOMEOPATHY_CLINIC,,Main road,"Infront of police station, Main road, Barela, Madhya Pradesh 483001",23.0962435,80.0519985,Barela,093297 48552,,
964685b2-ef68-402a-ad8f-be93fddc814d,SHRIRAM HOSPITAL AND NIDHI CLINIC,HOSPITAL,,NH12A,"NH12A, Barela, Madhya Pradesh 483001",23.0965071,80.0517856,Barela,,,
f29f49c9-abee-4d07-a9a8-1a9ecac4a7f7,Prabhat Lasgari,GENERAL_CLINIC,,Panagar,"6, Panagar, Jabalpur, Madhya Pradesh 483220",23.2840254,79.9920947,Panagar,093030 56771,,
c2658707-d020-4cd0-9cb7-37bf03b12a61,Thakur Clinic,GENERAL_CLINIC,,Panagar Police Station Ke Pass Panagar,"Police Station, Panagar Police Station Ke Pass Panagar, Ke Pass, Jabalpur, Madhya Pradesh 483220",23.2874834,79.9949704,Panagar,098263 64033,,
63c5594f-8692-424c-8867-4ffec5142cb5,Dr. A.K. Yadav,GENERAL_CLINIC,,Ganga Maiya Rd,"Shop No 630062, Ganga Maiya Rd, Ranjhi, Manmohan Nagar, Jabalpur, Madhya Pradesh 482005",23.2085361,79.9998598,Panagar,093020 01517,,
5fc2594a-03d3-4716-a95d-2ddf92a99d39,Dr.S.K.Mishra,GENERAL_CLINIC,,Panagar,"7XMV+QRQ, Panagar, Jabalpur, Madhya Pradesh 483220",23.2844567,79.9946095,Panagar,093034 77730,,
3ee1f8f0-f59a-486a-ba49-c5dec4c32125,"Dental Health Clinic , Dr Ravi Prakash Tiwari",DENTAL_CLINIC,,Rajul Township,"Rajul Township, Bhatauli, Jabalpur, Madhya Pradesh 482021",23.1173625,79.9735469,Panagar,097138 53079,,
f0e40d83-00c2-43a8-b004-cbb4a78208a4,"Government Ayurveda Dispensary Bhedaghat, Jabalpur Madhya Pradesh (AYUSH )",AYURVEDA_CLINIC,,4RJ3+5MV,"4RJ3+5MV, Bhedaghat, Madhya Pradesh 483053",23.1304883,79.8041559,Bhedaghat,,,
b2c0e0c4-0f85-4a9d-8553-3f0146147005,Dr Dinesh Vishwakarma,GENERAL_CLINIC,,Station Rd,"Station Rd, near Durga temple, Bhedaghat, Jabalpur, Madhya Pradesh 483053",23.1582007,79.8004426,Bhedaghat,,,
50e92bf2-c634-4e59-86a5-97d55030acd7,Shree Shubham Hospital and Research Center - Best Multispeciality Hospital | Trauma Center in Jabalpur,MULTISPECIALTY_HOSPITAL,,Nagpur Rd,"360, Square, Nagpur Rd, near Dashmesh Dwar, Premnagar, Hathital, Jabalpur, Madhya Pradesh 482002",23.1562098,79.9176407,Bhedaghat,0761 405 1253,,http://www.shreeshubhamhospital.com/
88cc75b8-d75b-4949-9a81-96dd5d89df02,Dr Archana Thakur,GENERAL_CLINIC,,Sneh Nagar Rd,"Sai Mandir Gali, 789, Sneh Nagar Rd, near Hanuman Mandir Gali, opposite Gautam Academy, Wright Town, Jabalpur, Madhya Pradesh 482002",23.1647621,79.9168527,Bhedaghat,0761 407 0333,medihealthclinicjbp@gmail.com,https://jabalpurhelpline.com/dr-archana-thakur-gynecologist
bc70090f-d059-44fa-8789-7d0e2cecd817,New life Multispeciality Hospital,MULTISPECIALTY_HOSPITAL,,Shiv Nagar,"JDA Complex, s-15, Shiv Nagar, Road Main Rad, Damoh Naka, Jabalpur, Madhya Pradesh 482001",23.1561497,79.9192264,Bhedaghat,093034 33893,,
f9df2595-eb2b-49d6-9a41-8e252b55105a,Dr. Natraj Bhattacharya,GENERAL_CLINIC,,Ganga Nagar,"Dr. Natraj Bhattacharya Clinic 78, Ganga Nagar, Garha Rd, Madan Mahal, Jabalpur, Madhya Pradesh 482002",23.168075,79.9153564,Bhedaghat,,archana.ravi@remedoapp.com,https://drnatrajbhattacharya.getmy.clinic/?utm_source=gmb&utm_medium=web&utm_campaign=tu
f9317a96-a156-453f-81cb-b6177c55bb6d,Dr Meshram Dawakhana,GENERAL_CLINIC,,Amanpur,"Infront of reliance or Blinkit store, Madan Mahal, Amanpur, Jabalpur, Madhya Pradesh 482002",23.157598,79.91595,Bhedaghat,094243 21544,sjmeshram73@gmail.com,https://apnabusinesscard.com/Dr-Meshram-Dawakhana
0448621b-2589-4bda-b856-3f7e635c5049,Clinic,GENERAL_CLINIC,,Chowk,"Narmada Mod, Chowk, Station Rd, near State Bank, Bhedaghat, Jabalpur, Madhya Pradesh 483053",23.1551517,79.8024314,Bhedaghat,070858 18589,,
3b39dc9e-9a51-402a-8b11-538ce29bde0c,"Roma Chatterjee Hospital, Jabalpur",HOSPITAL,,Nove Adaresh Colony,"1355, Nove Adaresh Colony, Daya Nagar, Yadav Colony, Jabalpur, New Adaresh Colony, Madhya Pradesh 482002",23.1686549,79.915577,Bhedaghat,,,https://www.drsanjeevbanerjee.com/
9f3cf27c-5a34-44ab-8b5b-422757105159,Dr. Makhan Lal Jangir,GENERAL_CLINIC,,Kalimath Rd,"1, Kalimath Rd, Sudhama Nagar, Madan Mahal, Jabalpur, Madhya Pradesh 482002",23.1618372,79.9139564,Bhedaghat,078988 56886,,
51e26a6d-1902-4398-80cf-e5c9faca1739,Muskan Health care -Gynecologists Centre In Jabalpur| Lady Doctor In Jabalpur,GYNECOLOGY_CLINIC,,Jai Nagar Rd,"Sev Bhandar Ke Peeche, 198, Jai Nagar Rd, near Labour Chowk, Labour Chowk, Nove Adaresh Colony, Yadav Colony, Indore, Jabalpur, Madhya Pradesh 482002",23.167424,79.9134326,Bhedaghat,095849 33806,muskanhealthcarejbp@gmail.com,https://www.apnabusinesscard.com/Muskan-Health-Care
4b69f905-1a6b-40b6-95de-b7613b564119,Muskan health care,GENERAL_CLINIC,,Jai Nagar Rd,"F 22-23, Vimalsheel Heights, Jai Nagar Rd, Yadav Colony, Jabalpur, Madhya Pradesh 482002",23.1677422,79.912825,Bhedaghat,0761 350 0527,muskanhealthcarejbp@gmail.com,https://apnabusinesscard.com/Muskan-Health-Care
b0b82f2e-ef79-4ea0-92cf-8b4c0c7df799,Health up clinic pk medicos,PHARMACY,,Labour Chowk,"Shop no.10, vimalsheel heights, Labour Chowk, Nove Adaresh Colony, Yadav Colony, Jabalpur, New Adaresh Colony, Madhya Pradesh 482002",23.1676989,79.9124313,Bhedaghat,073895 40910,,
561010c9-1496-4548-b640-b2816c0313b0,Dr. Abhishek Gaikwad,GENERAL_CLINIC,,Ukhri Road,"Health Care Clinic, Vishwakarma Medicose, Opp. Ukhri Police Station,, Ukhri Road,, Jabalpur, Madhya Pradesh 482002",23.1795575,79.9182054,Bhedaghat,079888 73085,abhiworld1985@gmail.com,http://jabalpurhelpline.com/dr-abhishek-gaikwad-cardiologist
b632eba4-985f-432d-a4c8-243baf312a37,Harshey Hospital,HOSPITAL,,labor chowk jabalpur,"408, labor chowk jabalpur, Garha Rd, Kamla Nehru Nagar, Jabalpur, Madhya Pradesh 482002",23.1672353,79.9129688,Bhedaghat,0761 401 7285,,
2f74be11-af55-4d24-9706-68a31fb1737f,Gastro & Liver Care Hospital,HOSPITAL,,Amanpur Road,"1102, Madan Mahal, Amanpur Road, Madhya Pradesh 482021",23.1574202,79.9162929,Bhedaghat,062633 55890,dr_romesh4u@yahoo.co.in,https://www.apnabusinesscard.com/Gastro-and-Liver-Care-Hospital
042cfdfa-5b6f-4b69-ba1c-08294ade389b,Dr. Pallavi Baghel Thakur,GENERAL_CLINIC,,Kalimath Rd,"Dr. Pallavi Baghel Thakur 995 Amanpur, Kalimath Rd, near Reliance Fresh, Garha, Narsinghward, Jabalpur, Madhya Pradesh 482001",23.1581988,79.9151855,Bhedaghat,097540 43717,swati.remedo@gmail.com,https://drpallavibaghelthakur.getmy.clinic/?utm_source=gmb&utm_medium=web&utm_campaign=tu
33c74c00-4fb1-464e-a995-0a9dcf9a08c6,Health care clinic & Pathology Jabalpur chhotaphuhara,PATHOLOGY_LAB,,Main Rd,"Main Rd, Chhota Fuhara, Suji Mohalla, Gohalpur, Jabalpur, Madhya Pradesh 482002",23.1835642,79.9328522,Gohalpur,083579 52043,,
396fba5b-0177-4f9d-a072-0cd99af3b030,Gohalpur Clinic (Khan Clinic),GENERAL_CLINIC,,Amkhera Rd,"Amkhera Rd, Nai Basti Gopalpur, Adhartal, Jabalpur, Madhya Pradesh 482002",23.1996312,79.9357543,Gohalpur,,,
bd53df84-1875-4e56-a5c8-fa1f41023aea,Khare Polyclinic,POLYCLINIC,,Gohalpur,"5WMV+87X, Gohalpur, Jabalpur, Madhya Pradesh 482002",23.1833552,79.943238,Gohalpur,098261 53368,,
01c4cc3d-2445-4569-ae50-df8bc292af20,Medical,GENERAL_CLINIC,,Ansar Nagar,"897, Ansar Nagar, Gohalpur, Jabalpur, Vehicle Fac. Jabalpur, Madhya Pradesh 482002",23.191674,79.9401018,Gohalpur,,,
ba00f20d-fab0-47f0-8282-1b0c41c9f35d,Sama choudhry,GENERAL_CLINIC,,Ansar Nagar,"P131, Ansar Nagar, Gohalpur, Jabalpur, Vehicle Fac. Jabalpur, Madhya Pradesh 482002",23.1913068,79.9402185,Gohalpur,,,
5dc35e4f-c400-4470-a21b-25e9156df864,Dr. Ansari Clinic,GENERAL_CLINIC,,Ravindra Nagar Rd,"482004, Ravindra Nagar Rd, Ravindra Nagar, Adhartal, Jabalpur, Madhya Pradesh 482004",23.1993223,79.9455558,Gohalpur,076124 61483,,
8d36afa0-b8bb-4a22-beec-cbdcdd2c3827,Dr. Maqsooda Ansari Memorial Hospital,HOSPITAL,,Raddi Chowki,"Raddi Chowki, Ansari Memorial Hospital, 1393 Dr. Maqsooda, 37, High Court road, Noori Nagar, Adhartal, Jabalpur, Vehicle Fac. Jabalpur, Madhya Pradesh 482002",23.192687,79.9402977,Gohalpur,094247 04961,,
87eee774-b886-4db4-938b-528311c672aa,Dawakhana Hakeem Dilbar Miyaji,GENERAL_CLINIC,,Azad Ward,"Motinala, Bariya Tale, Azad Ward, Gohalpur, Jabalpur, Madhya Pradesh 482002",23.1853243,79.9383242,Gohalpur,079749 50686,,
b16a406e-c313-41d8-8804-ab734e47617f,Shri Sai Clinic,GENERAL_CLINIC,,Jabalpur,"Sindhi Camp, Adhartal, Jabalpur, Vehicle Fac. Jabalpur, Madhya Pradesh 482002",23.1833891,79.9450973,Gohalpur,090394 94198,,
10781ddc-e2c2-47af-8f13-e14ea7e72144,𝗦𝗨𝗣𝗘𝗥 𝗠𝗘𝗗𝗜𝗖𝗔𝗟 & 𝗣𝗘𝗧 𝗦𝗛𝗢𝗣,GENERAL_CLINIC,,Momin Eidgah Market,"Momin Eidgah Market,shop no.16, Gohalpur, Jabalpur, Madhya Pradesh 482002",23.190621,79.935523,Gohalpur,070005 44564,,
60884524-5ac2-4a36-9cbc-70f01680caaf,DR MOHSIN ANSARI'S MS ORTHO CLINIC,ORTHOPEDIC_CLINIC,,Bahorabagh Chowk,"Bahorabagh Chowk, Ansar Nagar, Gohalpur, Jabalpur, Madhya Pradesh 482002",23.1911247,79.9407648,Gohalpur,091792 32333,,
70556e4a-5cae-4a60-9b14-5878b32cf414,Galaxy Poly Clinic,GENERAL_CLINIC,,New Anand Nagar Rd,"Infort of Badal kabab, New Anand Nagar Rd, Anand Nagar, Raza chowk, Jabalpur, Madhya Pradesh 482004",23.1932308,79.9460864,Gohalpur,089828 31084,,
32c0b755-247f-4d88-b359-a3a8cae51e0a,Dr. Promod Pandey Dawakhana,GENERAL_CLINIC,,Amkhera Rd,"5WWP+H4W, Amkhera Rd, Ahmad Nagar, Gohalpur, Jabalpur, Madhya Pradesh 482002",23.1964769,79.9353322,Gohalpur,098274 54826,,
8b3f0bbd-f552-49a5-b3c5-447b34ddad72,Aarogyam Care pathology,PATHOLOGY_LAB,,Suji Mohalla,"Chhota Fuhar, Suji Mohalla, Gohalpur, Jabalpur, Madhya Pradesh 482002",23.1834365,79.9329736,Gohalpur,094249 28142,,https://mybillbook.in/store/aarogayam_care_patho
8166c6b1-f43c-4b25-b384-fefbc61770a3,TRUE CARE HOSPITAL,HOSPITAL,,786 Abdul Hammed Chowk,"786 Abdul Hammed Chowk, Raddi choki, near patrol pump, Jabalpur, Madhya Pradesh 482004",23.194847,79.940161,Gohalpur,0761 407 2225,,http://truecare.org/
6f0111c8-44e1-4c23-a574-1fd6bf5a2e59,Dr Tajdar choudhary Sunrise bone and fracture clinic,ORTHOPEDIC_CLINIC,,Madar Tekri Rd,"Dr Tajdar Choudhary house mandi, Madar Tekri Rd, Jabalpur, Madhya Pradesh 482002",23.1858965,79.9409242,Gohalpur,070008 35573,,
21616ddd-68c2-4b51-80d6-ea575efad67a,K.G.N LAKWA UNIT HOSPITAL - Epilepsy Jabalpur/Stroke Specialist Jabalpur/Headache Specialist/Alzheimer Specialist In Jabalpur,HOSPITAL,,AHameed Ward,"AHameed Ward, Raddhi Chowk, 398, Razzaq Mankiller, Adhartal, Jabalpur, Madhya Pradesh 482004",23.1941912,79.9430293,Gohalpur,093021 26066,,
4b027ac5-79c2-403c-b6db-ad554f3da855,Rahmani Shifa Khana,GENERAL_CLINIC,,Anand Nagar,"Sarfabad, Anand Nagar, Adhartal Jabalpur, Anand Nagar, Adhartal, Jabalpur, Madhya Pradesh 482002",23.1927591,79.9454052,Gohalpur,078690 97272,,
390dbe8d-ba54-40ac-9bdf-d0177a8f9b5b,Aadil Dental Care,DENTAL_CLINIC,,Char Khamba Rd,"1 Motinala, Char Khamba Rd, Gohalpur, Jabalpur, Madhya Pradesh 482002",23.1865759,79.9388793,Gohalpur,091111 17988,,
eb31ad83-f28d-439a-9adb-c778410aab16,Naaz Polyclinic,POLYCLINIC,,Raddi Chowk,"5WVR+76X, Raddi Chowk, Jabalpur, Madhya Pradesh 482002",23.1932489,79.940614,Gohalpur,098276 76846,,
65b085a1-9769-4647-978d-d1099e6a7c0c,nirog dham shree (Dr.R.K.Khera),GENERAL_CLINIC,,GOPAL VIHAR NEAR MAHESH BHAVAN,"5WJH+VPC, GOPAL VIHAR NEAR MAHESH BHAVAN ,GOPAL SADAN, Uprainganj, Jabalpur, Madhya Pradesh 482002",23.1821901,79.9292581,Gohalpur,099778 40056,,https://nirogdhamayurveda.com/
2d78a3a3-90b8-42f2-9f86-f34f8e6d3282,"Dr Brajesh Dadarya , Knee & Shoulder Surgeon , Arthroscopy & Ligament Injury Specialist",ENT_CLINIC,,Wright Town,"COSMOS GIRLS HOSTEL, near Arun dairy, behind Kothari Hospital, Wright Town, Jabalpur, Madhya Pradesh 482002",23.1639326,79.9223227,Wright Town,0761 403 9414,,http://www.arthromedclinic.com/
bebc16a2-003a-4f03-a777-bc1d93867119,Dr. Amit Richhariya – Best Orthopedic Surgeon | Joint Replacement | Knee Replacement | Hip Replacement | Surgeon | Jabalpur,ORTHOPEDIC_CLINIC,,Napier Town,"Richhariya Ortho & Gynec Centre, near Old Post Office, opp. Rameshwar Nilay, Napier Town, Jabalpur, Madhya Pradesh 482002",23.1597463,79.932553,Wright Town,094245 88839,,http://www.dramitrichhariya.com/
ef3c9df0-c86d-401a-a71c-afbb8292e80f,Dr. Jeetendra Singh Lodhi (Best Orthopedic Surgeon)),ORTHOPEDIC_CLINIC,,Chandrika Vihar,"Shop No.7, Chandrika Vihar, Apartment, Home Science College Rd, near Ashish Hospital, Wright Town, Jabalpur, Madhya Pradesh 482002",23.1608275,79.9234443,Wright Town,098737 27519,,http://www.drjitendralodhi.com/
a9998a48-dc19-4b28-ae9d-2964d527b042,Dr Vikas Sawla - Best Orthopedic Doctor in Jabalpur - Best Knee Replacement surgeon in Jabalpur,ORTHOPEDIC_CLINIC,,Gaumata Chowk,"blood bank, Gaumata Chowk, besides, near johri hospital, Wright Town, Jabalpur, Madhya Pradesh 482002",23.1654368,79.9261312,Wright Town,091068 04465,,
ed7b6331-607c-4e20-9790-315b8c7eb651,Dr Amit Jaikumar Jain Coat wale - Joint Replacement | knee & Hip Replacement Surgeon | Orthopaedic Surgeon in Jabalpur,ORTHOPEDIC_CLINIC,,Gol Bazar Rd,"128, Gol Bazar Rd, beside omega children hospital, Wright Town, Jabalpur, Madhya Pradesh 482002",23.1713787,79.9268701,Wright Town,079998 51125,,http://dramitkumarjain.co.in/
bf18c055-e669-4cf5-b3d0-17e9928e5d8c,Dr Ankur Bansal | Best orthopedic Surgeon in Jabalpur | Spine surgeon | Knee & Hip Replacement Surgeon |Surgeon |Jabalpur,ORTHOPEDIC_CLINIC,,Napier Town,"police station, 1503, near Madan Mahal, Napier Town, Jabalpur, Madhya Pradesh 482002",23.1612364,79.9219272,Wright Town,093992 13796,drankurbansaljbp@gmail.com,https://jabalpurhelpline.com/dr-ankur-bansal-orthopedic-surgeon
410c7522-57e5-4052-b679-4d10f1334868,"Dr. Vishwas Sharma (Orthopedic, Trauma & Joint Replacement Surgeon)",ORTHOPEDIC_CLINIC,,Home Science College Rd,"Right, Home Science College Rd, next to Aditya Hospital, Napier Town, Jabalpur, Madhya Pradesh 482001",23.1604761,79.9287212,Wright Town,097139 53314,drvishwassjbp@gmail.com,https://apnabusinesscard.com/Dr-Vishwas-Sharma
2cb03d35-c8d0-4e19-ac78-0c56b9fefbf8,Dr. Skand Bahre,GENERAL_CLINIC,,Wright Town,"99/1, Near Prem Mandir, in front of Dr. Solanki, Wright Town, Jabalpur, Madhya Pradesh 482002",23.1623788,79.9232856,Wright Town,088171 26832,drskandortho@gmail.com,http://jabalpurhelpline.com/dr-skand-bahre-orthopedic-surgeon
5fd5609b-2645-4746-a2f3-7e5dcdb283ad,Dr. Adam Teja,GENERAL_CLINIC,,Dr Barat Rd,"Orthopaedic Super Speciality Clinic, Dr Barat Rd, Napier Town, Jabalpur, Madhya Pradesh 482001",23.1612929,79.9390355,Wright Town,079998 19108,adammahendrateja@gmail.com,https://jabalpurhelpline.com/dr-adam-teja-joint-replacement-and-orthroscopic-surgeon
141a8a71-0691-4531-aef1-9edeefdaddd7,Kothari Hospital,HOSPITAL,,Madan Mahal Railway Station Rd,"Gate No. 4, Chauraha, Madan Mahal Railway Station Rd, Wright Town, Jabalpur, Madhya Pradesh 482002",23.1641079,79.9223527,Wright Town,098272 26710,,
f30365d3-4293-41df-90cf-9d9338226a9c,Dr Nitin Wadhwa | Orthopaedic & Joint Replacement Surgeon,ORTHOPEDIC_CLINIC,,Madan Mahal,"Shop no 48, near gulati petrolpump, Madan Mahal, Jabalpur, Madhya Pradesh 482001",23.1535802,79.9119906,Wright Town,,,
43a192c1-4ab5-4c62-b71c-34632de044c9,Orthopedic Clinic,ORTHOPEDIC_CLINIC,,Main Road,"Main Road, near Canara Bank, Saif Nagar, Anand Nagar, Adhartal, Jabalpur, Vehicle Fac. Jabalpur, Madhya Pradesh 482004",23.1959166,79.9431302,Wright Town,093037 49234,,
ef52d5e8-06ff-4873-8f9f-6d63e955c62c,Dr Aman Agrahari Gupta|Best joint replacement surgeon in jabalpur |sports injury specialist|arthroscopy surgeon|,ORTHOPEDIC_CLINIC,,Vijay Nagar,"Shalby hospital, Vijay Nagar, Jabalpur, Raksha, Madhya Pradesh 482002",23.1845773,79.9087606,Wright Town,087709 25296,amanagrahari11458@gmail.com,https://dramanagrahari.vercel.app/
2bf92460-e1c8-4b12-9fe5-901082ffbdfd,Dr. Amitesh Chaturvedi ( Ortho Surgeon),ORTHOPEDIC_CLINIC,,Ukhri Rd,"Galaxy super speciality hospital, Ukhri Rd, Chowk, Jabalpur, New Adaresh Colony, Madhya Pradesh 482002",23.178166,79.9122451,Wright Town,075818 45801,,
3d30aa5f-6014-464a-8dcd-5a09af85d091,Dr. Taqi Raza / Dr. Shamikh Raza,GENERAL_CLINIC,,South Civil Lines besides Sindhi dharamshala,"Near Tayyab Ali Petrol Pump Ghanta Ghar, South Civil Lines besides Sindhi dharamshala, behind Dr. Taqi raza, Jabalpur, Madhya Pradesh 482001",23.1676179,79.940007,Wright Town,076126 25088,,
b7f3fc97-21ac-4aaa-ab8d-0fbf4b22ac8e,"Dr Ashok Vidyarthi. Bone Craft Clinic - Best Doctor for Fracture Treatment ,Arthritis , Club Foot in Jabalpur",ORTHOPEDIC_CLINIC,,Medical Garha,"Medical Garha, Jabalpur, Madhya Pradesh 482003",23.14974,79.8832001,Wright Town,094251 59702,swati.remedo@gmail.com,https://drashokvidyarthi.getmy.clinic/?utm_source=gmb&utm_medium=web&utm_campaign=tu
61f692f9-f2a7-4277-bc53-3731dfef85fe,Dr.Sharad Nema,GENERAL_CLINIC,,Road,"House No -84, Reyan School, Road, beside Aghori Baba Mandir Road, Trimurti Nagar, Jabalpur, Madhya Pradesh 482002",23.1925341,79.9246202,Wright Town,,,
fa3977cd-07d8-494c-9153-1a057eafb190,NIRVANA BONE & JOINT CLINIC,ORTHOPEDIC_CLINIC,,Chandrika Vihar,"Chandrika Vihar, Address Shop No.7 Apartment, Home Science College Rd, near Ashish Hospital, Wright Town, Jabalpur, Madhya Pradesh 482002",23.1607612,79.9235467,Wright Town,098737 27519,,
3d1961e8-406b-4a7a-b386-85e8d3144c02,Dr. Sunil Patel (Orthopedic and Joint Replacement Surgeon),ORTHOPEDIC_CLINIC,,Deen dayal Chowk,"Patel Fracture & Orthopedic Clinic, Deen dayal Chowk, Green City Rd, in front of ISBT, Karmeta, Jabalpur, Madhya Pradesh 482002",23.1948307,79.9167277,Wright Town,094253 24712,drsunilp46@gmail.com,https://jabalpurhelpline.com/dr-sunil-patel-fracture-and-orthopaedics-clinic
56cf5802-c19d-41fd-93e9-633f04f8f5cd,Dr Sudhir Tiwari Bone Joints Fracture Sports Medicine Centre,ORTHOPEDIC_CLINIC,,Wright Town,"Dr Sudhir Tiwari - Orthopaedic Surgeon & Sport Medicine Specialist, Bone Joints Fracture Sports Medicine Centre, 2121, VIP Gate, near Manas Bhavan, Wright Town, Jabalpur, Madhya Pradesh 482002",23.1648861,79.9290526,Wright Town,,,
688b4575-095b-4903-b61a-daf1b9ad85f1,Dr. Rajesh Turkar (Joint Replacement & Trauma Surgeon),ORTHOPEDIC_CLINIC,,Madan Mahal Railway Station Rd,"Near Gate, Aadya Ortho & Kidney Care Clinic, Ground Floor, Himgiri Apartment 3, No, Madan Mahal Railway Station Rd, beside Grover Hospital, Wright Town, Jabalpur, Madhya Pradesh 482002",23.1657831,79.9230228,Wright Town,090749 95244,helpjabalpur@gmail.com,http://jabalpurhelpline.com/dr-rajesh-turkar-orthopaedic-surgeon
9ee41dab-0035-4898-834f-0d31e5d70963,Dr. Ashish Sirsikar- Orthopaedist In Jabalpur,ORTHOPEDIC_CLINIC,,Pounikar Clinic Krishi Upaj Mandi Market,"Pounikar Clinic Krishi Upaj Mandi Market, near Sbi Square, Vijay Nagar, Jabalpur, Madhya Pradesh 482002",23.1891943,79.9148786,Wright Town,,swati.remedo@gmail.com,https://drashishsirsikar.getmy.clinic/?utm_source=gmb&utm_medium=web&utm_campaign=tu
f581a455-eecf-4bfd-8efa-c08b7fb2d4d3,Dr. Deepak Mishra (Joint Replacement & Sport Injury Specialist),ORTHOPEDIC_CLINIC,,Narmada Rd,"Shop No. 39, Narmada Rd, in front of Maharishi School, Ratan Colony, Gorakhpur, Jabalpur, Madhya Pradesh 482001",23.14617,79.9267793,Wright Town,078797 57147,deepak4194@gmail.com,https://jabalpurhelpline.com/dr-deepak-mishra-orthopedic-surgeon
461c4612-2c2f-405a-be75-950a318c2d1e,"Department of Orthopaedics, NSCB Medical College Jabalpur",ORTHOPEDIC_CLINIC,,New Bhedaghat Road,"New Bhedaghat Road, Doctors Colony, Medical College Colony, Jabalpur, Madhya Pradesh 482003",23.148769,79.8791577,Wright Town,076126 73644,hospitalnscbmcjbp@gmail.com,http://www.nscbmc.ac.in/
3ae9a93e-2628-4b45-a9b0-a5ccb0aa0a07,AMRIT CITY MULTI-SPECIALITY HOSPITAL,HOSPITAL,,Ukhri Road,"Ukhri Road, TIRAHA, beside AMRIT CLINIC, Janki Nagar, Jabalpur, New Adaresh Colony, Madhya Pradesh 482002",23.1784076,79.9118847,Wright Town,092036 34601,,https://www.instagram.com/amritcity.hospital/
ecd740d7-5f31-4df3-aec9-4ac3e51450d3,Dr. Rakesh Tirkey (Center for Joint Replacement and Arthroscopy),ORTHOPEDIC_CLINIC,,Dhanvantari Nagar,"HIG 132, opposite Community Hall, Dhanvantari Nagar, Jabalpur, Madhya Pradesh 482003",23.1601181,79.8743387,Wright Town,070003 10464,,
25acfbf4-143c-40cf-a84a-e99365fa7c25,Dr. Rahul Shukla (orthopedic Surgeon) - Shraddha Joint and Sports Clinic,ORTHOPEDIC_CLINIC,,Home Science College Rd,"1509, Home Science College Rd, near Momentum Coaching, near Madan Mahal Thana, Napier Town, Jabalpur, Madhya Pradesh 482002",23.16121,79.9221379,Napier Town,097131 54247,,
2ddf4f4c-53c0-49b0-8dde-d5ac71a4d64c,Dr. PARWEZ QURESHI (Best Orthopedic surgeon)Ortho Cure Clinic,ORTHOPEDIC_CLINIC,,Ukhri Rd,"Narayan Health Clinic, Ukhri Rd, Janki Nagar, Jabalpur, New Adaresh Colony, Madhya Pradesh 482002",23.1790549,79.9151941,Napier Town,089891 74786,,
c03d3999-8287-4c5b-97eb-4099c90e517a,Dr Utsav Katakwar,GENERAL_CLINIC,,64 Saket nagar,"64 Saket nagar, behind HP Petrol Pump, Vijay Nagar, Jabalpur, Madhya Pradesh 482003",23.1804855,79.9114316,Napier Town,094796 85408,utsavkatakwar@gmail.com,https://jabalpurhelpline.com/dr-utsav-katakwar-orthopaedic-surgeon
1d18edd4-1160-4127-bece-4a5dacb920b4,Orthopaedic surgeon,ORTHOPEDIC_CLINIC,,wright town,"number 4, Madan Mah, Navjeevan clinic, House number 2435, wright town, near gate, Jabalpur, Madhya Pradesh 482001",23.1696404,79.9196403,Napier Town,,,
a96043f9-283a-444f-b1c3-8f0691fa0239,Dr Gaurav Kochhar M.P.T. (Physiotherapy / Orthopaedics),PHYSIOTHERAPY_CENTER,,2226 Wright town,"2226 Wright town, near Prem Mandir Road, Prabhat pul, Jabalpur, Madhya Pradesh 482002",23.1621028,79.9251152,Napier Town,0761 400 5168,tpcrc@yahoo.com,https://jabalpurhelpline.com/dr-gaurav-kochhar-orthopedic-physiotherapist
481a6b4c-d7d1-4736-a1d4-4b40680c7fb3,Dr H.S.VARMA,GENERAL_CLINIC,,Nagpur Rd,"Khandelwal Complex, 1, Nagpur Rd, near gulzar Hotel, Cheevani Phamad Nagar, Jabalpur, Madhya Pradesh 482001",23.155,79.926141,Napier Town,076124 25400,,
c7378073-55f1-4c16-9b5f-1e9ff9e5664e,"Dr Rohit Bhandari - Knee and Hip Replacement - Orthopaedic Surgeon, Jabalpur",ORTHOPEDIC_CLINIC,,Nehru Railway Colony,"OPD No. 1, RB-II, 431/3, NH30, Nehru Railway Colony, Gorakhpur, Jabalpur, Madhya Pradesh 482001",23.154389,79.9374501,Napier Town,0761 404 7703,bhandarihospitaljabalpur@gmail.com,http://www.drrohitbhandari.com/
83cc0dfa-19cf-4a3d-ad7d-0dba70698a87,Dr. Akshay Kumar Trivedi,GENERAL_CLINIC,,Garha Rd,"1269, saket nursing home, Garha Rd, Nove Adaresh Colony, Daya Nagar, Yadav Colony, Jabalpur, New Adaresh Colony, Madhya Pradesh 482002",23.1690327,79.9165295,Napier Town,093027 89333,,https://jabalpurhelpline.com/dr-akshay-kumar-trivedi-orthopedic-surgeon
738a17f7-523b-440f-b405-24dae783a668,sahu SURGICAL orthopedic appliances,ORTHOPEDIC_CLINIC,,Wright Town,"5W7J+V7X, Wright Town, Jabalpur, Madhya Pradesh 482002",23.1647263,79.9307344,Napier Town,098261 26996,,
b8099c41-c4b6-4fee-8e42-1518b6a9467a,Dr.Asheesh Tandon Neuro Specialist,NEUROLOGY_CLINIC,,MLB School Road,"Beside Aditya Super Speciality Hospital, MLB School Road, Opp. Little Kingdom School, Napier Town, Jabalpur, Madhya Pradesh 482001",23.160653,79.9286439,Napier Town,088275 29995,,http://advanceneurosurgery.com/
4ce7f62c-6adc-4fa5-b19e-632c1e32f8c2,Anant Institute Of Medical Sciences,GENERAL_CLINIC,,Madan Mahal Railway Station Rd,"No:3, Madan Mahal Railway Station Rd, Madan Mahal, Jabalpur, Madhya Pradesh 482002",23.1612968,79.920198,Madan Mahal,076124 11962,,
a3e327fd-c129-4f04-a39b-d58d54a3076d,JaBalPur Bone and Joint cLinic,ORTHOPEDIC_CLINIC,,South Civil Lines,"Pillar No. 44, Samdariya Complex, 1, Flyover, opp. PNB Bank, Cherital JBJC, South Civil Lines, Jabalpur, Madhya Pradesh 482001",23.1615453,79.9472424,Madan Mahal,094251 57665,,
830348fc-a5f9-4e7c-9be8-7931d300abcf,Advance Ortho Care,ORTHOPEDIC_CLINIC,,Ratan Colony,"Shop no. 2, Ratan Colony, Gorakhpur, Jabalpur, Madhya Pradesh 482001",23.146215,79.9267711,Gorakhpur,098935 63176,,
0a2dc27e-40f7-4e07-ba50-2603c74cc921,Prof Dr K K Pandey Spine Clinic Jabalpur,ORTHOPEDIC_CLINIC,,MP Housing Board Colony,"near Rhodium Gim chuarasia pan corner, near medical college, Damohnaka, MP Housing Board Colony, Dhanvantari Nagar, Jabalpur, Madhya Pradesh 482003",23.1566181,79.8737393,Adhartal,078988 70604,,http://drkkpandeyspinesurgery.com/
2270e5f7-5388-45a6-bc34-be472e5d0d02,Dr Abhishek Anand Orthopedic Surgeon,ORTHOPEDIC_CLINIC,,Prestige Town,"570, Indira Gandhi Marg, Prestige Town, South Civil Lines, Jabalpur, Madhya Pradesh 482001",23.1595326,79.9569904,Adhartal,076129 70153,,
d8060f3b-ebda-445f-9c08-a90a428daa6f,Apollo JBP Hospitals,HOSPITAL,,Patan Rd,"Global Square, Patan Rd, Karmeta, Jabalpur, Madhya Pradesh 482002",23.2000799,79.8841179,Adhartal,075661 23666,,https://apollojbphospitals.com/
8fe54323-0c01-40ae-aca6-4d3ddcb162b2,Dr. T. J. Sengupta Physiotherapy & Rehabilitation Centre,PHYSIOTHERAPY_CENTER,,Main Rd,"Shop No. 2, Opp. Vimal Nurshing Home, Main Rd, Adhartal, Jabalpur, Madhya Pradesh 482004",23.1982063,79.9465835,Adhartal,090749 95244,tjsengupta@gmail.com,http://jabalpurhelpline.com/physiotherapy-and-rehabilitation-centre-dr-t-j-sengupta
29e84ee3-0891-445f-af72-4fa82dda5d76,Dr. Kushal N. Surana,GENERAL_CLINIC,,Ahinsa Chowk,"Shalby Multy Speciality Hospital, Ahinsa Chowk, Vijay Nagar, Jabalpur, Raksha, Madhya Pradesh 482002",23.185061,79.9096473,Vijay Nagar,070208 63730,drkushalnsurana@gmail.com,https://jabalpurhelpline.com/dr-kushal-surana-orthopedic-surgeon
4b17905c-ea3c-45c1-91d5-11e3eb736543,"Dr. Amit Richariya Clinic (MS, IJRF) Senior orthopedic and joint replacement surgeon",ORTHOPEDIC_CLINIC,,Ghadi Chowk,"Ghadi Chowk, Kanchan Vihar, Vijay Nagar, Raksha, Madhya Pradesh 482002",23.1905792,79.9068157,Vijay Nagar,,,
22c4fc44-cf99-428b-a28a-8873c7363827,Matrum Richhariya Ortho gynaecology centre,ORTHOPEDIC_CLINIC,,Kanchan Vihar,"14/260, Kanchan Vihar, Vijay Nagar, Jabalpur, Raksha, Madhya Pradesh 482002",23.1913662,79.9075764,Vijay Nagar,,,
58505e37-6f7d-4ac9-bd92-8ac00786a905,Medizone Multi-Speciality Hospital & Trauma Centre - Best Hospital in Vijay Nagar - Hospital in Vijay Nagar,HOSPITAL,,SBI Chowk,"3036, Near, SBI Chowk, behind PF Office, Vijay Nagar, Jabalpur, Raksha, Madhya Pradesh 482002",23.1905001,79.9126717,Vijay Nagar,076176 17080,medizonehospitaljbp@gmail.com,https://medizonehospitaljbp.com/
624f6343-0f04-4876-a19f-d7f066056c99,Get Well polyclinic Ranjhi,POLYCLINIC,,JDA Colony,"Rawan Park, beside New Ashok Medical, Ranjhi, JDA Colony, Jabalpur, Madhya Pradesh 482005",23.2061814,80.0053738,Ranjhi,,,
a9b301c5-95d9-4982-8ee2-d3f2ac01a59c,Sangharsh physiotherapy,PHYSIOTHERAPY_CENTER,,Canara Bank Near Gurudwara Mastana Chowk,"Canara Bank Near Gurudwara Mastana Chowk, Ranjhi Mohaniya Rd, Madhya Pradesh 482005",23.2010907,80.0012152,Ranjhi,093034 40591,,
3bbdc5ba-f485-44d3-9203-c30bc389fe30,DR S KHATRI RANJHI,GENERAL_CLINIC,,Unnamed Road,"6234+G5M, Unnamed Road, Bengali Colony, Jabalpur, Madhya Pradesh 482005",23.2038465,80.0054245,Ranjhi,,,
e209825a-415f-4339-b63a-2c15f9e82313,Dr SANJAY SHRIVASTAVA CLINIC,GENERAL_CLINIC,,JDA Market,"JDA Market, Sanjay Nagar, Ranjhi - Bada Patthar Rd, Bada Patthar Area, Manegaon, Jabalpur, Madhya Pradesh 482005",23.2086226,80.0025423,Ranjhi,093008 82834,,
cc8e58b1-0a79-4ce3-af83-82776fdb5bfc,The best ortho Physiotherapy and wellness centre,PHYSIOTHERAPY_CENTER,,Janki Nagar,"badi ukhari, behind hp petrol pump, Janki Nagar, Jabalpur, Madhya Pradesh 482002",23.1805391,79.9103849,Ranjhi,097705 59042,,
4d90f910-a13c-4ac4-b2dc-41a26e05cd82,Soni Physiotherapy Centre & Home Healthcare Services: Physiotherapist in Jabalpur,PHYSIOTHERAPY_CENTER,,Ekta Chowk,"Manora tower, Ekta Chowk, Vijay Nagar, Jabalpur, Madhya Pradesh 482002",23.1829699,79.909784,Ranjhi,095842 12143,drarvindsonijbp@gmail.com,https://jabalpurhelpline.com/dr-soni-physiotherapy-clinic
9d365c6e-01dd-45a7-a20e-4810a03db587,Nadi Vaidya Shukla,GENERAL_CLINIC,,near Ghadi Chowk,"Naadi Vaidya Shukla, C/o, 14/320, near Ghadi Chowk, Vijay Nagar, Jabalpur, Madhya Pradesh 482002",23.19141,79.907616,Ranjhi,093002 65347,,
738369ba-a584-46f8-b371-f9c44bdcfeaa,Sumanglam Orthopaedic Clinic and Diagnostic Centre,DIAGNOSTIC_CENTER,,Shiv Naga JDA Market,"S-15, Shiv Naga JDA Market, Damoh Road,, Jabalpur, Madhya Pradesh 482002",23.1881215,79.9233862,Garha,,nishintgupta@gmail.com,http://jabalpurhelpline.com/sumangalam-orthopaedic-clinic-dr-nishint-gupta
cecef207-9afc-401e-9c1d-e785fba31426,Dr Jitendra mishra Ortho clinic,ORTHOPEDIC_CLINIC,,Medical Garha,"New sagar medicoz, infant of Netaji Subhash Chandra medical college, Medical Garha, Jabalpur, Madhya Pradesh 482003",23.1490584,79.882646,Garha,077239 41251,,
c1694929-9241-4f84-845f-ba519f1d2c90,Dr. NISHINT GUPTA | SUMANGALAM ORTHOPAEDIC & PATHALOGY CENTRE,ORTHOPEDIC_CLINIC,,SHIV NAGAR,"15 - S, SHIV NAGAR, beside ALLAHABAD BANK, Damoh Naka, Jabalpur, Madhya Pradesh 482002",23.1872673,79.9251233,Garha,,,
bd32037a-2d93-47db-ad16-692294669bbd,"Physio 1, physiotherapy clinic",PHYSIOTHERAPY_CENTER,,Gulmohar garden street,"infront of gsi office, 501, Gulmohar garden street, Sanjeevani Nagar, Jabalpur, Madhya Pradesh 482001",23.1675934,79.8992783,Tilwara,099819 96660,,https://www.instagram.com/dr.rounak_physio1?igsh=MTIyemxiODFjbWVlbQ==&utm_source=qr
36529cf4-5fc9-43cd-ac19-ecb9896331cf,Mangalam Hospital - Best Multi-speciality Hospital in Jabalpur,HOSPITAL,,Katangi Rd,"Mangalam Hospital, Katangi Rd, near Bharat Petroleum, Mother Teresa Nagar, Karmeta, Jabalpur, Madhya Pradesh 482002",23.20535,79.9040608,Karmeta,,,
b63eae0d-a3ef-46cd-83db-47ba3004a406,SHRI MANGLAM HEALTHCARE,GENERAL_CLINIC,,South Civil Lines,"967, South Civil Lines, Pachpedi, South Civil Lines, Jabalpur, Madhya Pradesh 482001",23.1575212,79.9694397,Karmeta,,,
b6296609-f056-4817-b7d2-10c368c90293,Shri Mangalam Heath Care(Dr Abhay Shrivastava),GENERAL_CLINIC,,South Civil Lines,"967/20, opp. Navyuj College, South Civil Lines, Pachpedi, South Civil Lines, Jabalpur, Madhya Pradesh 482001",23.1575212,79.9694397,Civil Lines,093001 04144,,
8ca830fa-fe49-4301-9393-e4a192936abf,LivFit physiotherapy & rehabilitation center,PHYSIOTHERAPY_CENTER,,Gwarighat Main Rd,"Gwarighat Main Rd, near Jain mandir, Gwarighat, Jabalpur, Madhya Pradesh 482008",23.1082125,79.9260001,Gwarighat,088392 08942,,
59cb36d6-0c60-43ba-8018-850dd53ca99b,Golchha Ortho Care (Dr Vivek Golchha),ORTHOPEDIC_CLINIC,,Narmada Rd,"Ideal Estate, 1921/25, Narmada Rd, opposite Sai Temple, Adarsh Nagar, Rampur, Jabalpur, Madhya Pradesh 482008",23.1294841,79.9281421,Gwarighat,089894 18989,,
2e45fdc0-81a0-452d-91a5-16955b3e30fb,Haddi Chikitshak,GENERAL_CLINIC,,Gwarighat Road,"4WCG+2C6, Polpather, Gwarighat Road, near Sbi ATM, Jabalpur, Madhya Pradesh 482008",23.1200438,79.9260041,Gwarighat,097132 55823,,
3d2b8220-39a2-4497-93ff-3c4a0691336a,Orthopedic surgeon,ORTHOPEDIC_CLINIC,,Shakti Nagar,"752, Sainik Society, Shakti Nagar, Jabalpur, Madhya Pradesh 482001",23.144623,79.9047527,Shakti Nagar,,,
bd00532e-d6a5-4b0e-88ff-337f6b33b4bd,"Dr Pandey Ortho,Spine And Gynae Clinic",ORTHOPEDIC_CLINIC,,Dhanwantri Nagar,"HIG- 27, Dhanwantri Nagar, Jabalpur, Madhya Pradesh 482003",23.1564529,79.8737292,Shakti Nagar,078988 70604,,
72ae0376-c888-4565-a63d-75ae254d999b,Hyderabad Omega Hospitals,HOSPITAL,,Chowk,"5W7V+5VR, Chowk, South Civil Lines, Nagrath, Jabalpur, Madhya Pradesh 482001",23.1629761,79.9446454,Gol Bazar,,,https://www.omegahospitals.com/omega-hospital-jabalpur
5a2f8090-3e37-4880-823e-f51e8d8ce733,Dr. Shareef Shah,GENERAL_CLINIC,,Ghamapur Rd,"Shah Clinic, Anandi Complex, Ghamapur Rd, Chowk, Jabalpur, Madhya Pradesh 482001",23.175331,79.9466672,Russel Chowk,094075 85886,shareefshah004@gmail.com,https://jabalpurhelpline.com/dr-shareef-shah-orthopedic-surgeon
0830867b-d587-4e2f-835b-1fc0280353e3,COURAGE PHYSIOTHERAPY AND REHABILITATION CENTER 🩺,PHYSIOTHERAPY_CENTER,,Gopal Bag Rd,"Shop no.19, Gopal arcade, Gopal Bag Rd, Damoh Naka, P N B Colony, Jabalpur, Madhya Pradesh 482002",23.1831398,79.9284333,Damohnaka,088395 05250,press@google.com,https://www.google.com/search?client=ms-android-oneplus-terr1-rso2&sca_esv=802b6819413957cd&sxsrf=ADLYWIKVvxntYYZSUd_ZyOalNPn-CDW7RA:1726505375684&kgmid=/g/11vpzc8xkz&q=Courage%20physiotherapy%20and%20rehabilitation%20centre&shndl=30&shem=lsde&source=sh/x/loc/act/m1/2&kgs=9cd1abe33100289e
417eb2f9-b5d7-4832-90f2-96a2509e56dc,APNA_PHYSIOTHERAPY,PHYSIOTHERAPY_CENTER,,Shanti Nagar,"Abedkar Tiraha, beside Govind bakery, Damoh Naka, Shanti Nagar, Jabalpur, Madhya Pradesh 482002",23.1925575,79.9257656,Damohnaka,089897 49291,,http://apnaphysiotherapy.com/
cce845ea-a4ec-4722-aeda-736add96b2e5,Arogyam Hospital,HOSPITAL,,Dhanwantary Nagar Main Rd,"Plot no. 146, Dhanwantary Nagar Main Rd, beside Rhodium Gym, Damohnaka, MP Housing Board Colony, Dhanvantari Nagar, Jabalpur, Madhya Pradesh 482003",23.1565975,79.8737234,Damohnaka,088399 36437,whisperhearinggod@xuleto.asador,https://linktr.ee/aarogyamhospital
a4153e93-be88-4811-9206-748229fc61e4,Dr. Satish Panika physiotherapy care,PHYSIOTHERAPY_CENTER,,Dhanvantari Nagar square,"Dhanvantari Nagar square, west, Bhedaghat Main Rd, Jabalpur, Madhya Pradesh 482003",23.1560054,79.8739773,Damohnaka,099933 66761,,https://dr-satish-panika.grexa.site/
969929b1-40e7-4d52-bf2b-cc1d50500747,Dr. Pawan Baghel,GENERAL_CLINIC,,Doctors Colony,"NSCB Medical College, Doctors Colony, Medical College Colony, Jabalpur, Madhya Pradesh 482003",23.1486729,79.8810887,Medical Road,087708 08818,,
28e52dff-c976-4555-9b82-8a21b294f311,"New shastri nagar,Bajnamath chowk nagpur road Jabalpur",GENERAL_CLINIC,,Chowk,"4VQG+WP8, Bajnamath, Chowk, Shastri Nagar Rd, New Shastri Nagar, Shastri Nagar, Jabalpur, Madhya Pradesh 482003",23.1411368,79.8785815,Shastri Nagar,093036 09013,,
64b5e36b-8865-44c6-8523-97346a8e9040,ORTHO SPECIALITY CLINIC,ORTHOPEDIC_CLINIC,,H.no. 541 shastri nagar colony,"H.no. 541 shastri nagar colony, near Radha krishna mandir, Madhya Pradesh 482003",23.1444672,79.8765415,Shastri Nagar,,,
03f7b5f5-3bfe-4ca8-a3af-3c9d503f307c,Aryan Prosthetics and Orthotics Clinic,ORTHOPEDIC_CLINIC,,Madan Mahal To Ganga Sagar Road & Shukla Nagar Road,"Madan Mahal To Ganga Sagar Road & Shukla Nagar Road, Ekta Chowk, beside mini Icecream Factory, Ranipur, Jabalpur, Madhya Pradesh 482002",23.1605598,79.9094854,Gangasagar,098263 43911,rajaryan9113@gmail.com,https://www.apnabusinesscard.com/Aryan-Prosthetics-and-Orthotics-Clinic
05c661fa-d697-4fb9-a5a7-51b82a984449,Dr. Vinay singh,GENERAL_CLINIC,,Christian Colony,"5XG2+6R9, Christian Colony, Ghamapur, Jabalpur, Madhya Pradesh 482001",23.1755315,79.9521051,Ghamapur,,,
e1dd5723-5dd8-4a9a-a081-7351ecce3046,Sankalp Physiotherapy Care,PHYSIOTHERAPY_CENTER,,Ghamapur,"Anandi Complex, Ghamapur, Jabalpur, Madhya Pradesh 482001",23.1754706,79.9465864,Ghamapur,093034 51262,,
dc8bfb40-e4ad-4ede-97a1-0a3d09a04a6d,galaxy superspeciality hospital,SUPERSPECIALTY_HOSPITAL,,Ukhri Rd,"Galaxy super specialty hospital, Ukhri Rd, chowk, Jabalpur, New Adaresh Colony, Madhya Pradesh 482002",23.1782181,79.9121666,Barela,0761 401 7010,,
636779dc-e5c4-4448-883a-d40cb0f6fc31,Pulse Neuropsychiatry Clinic - Dr. Monal Singh (M.D. Psychiatry),NEUROLOGY_CLINIC,NEUROLOGY_CLINIC,,Purwa Rd,"Pulse medical care, Junior HIG 20, Purwa Rd, MP Housing Board Colony, Garha, Dhanvantari Nagar, Jabalpur, Madhya Pradesh 482002",23.1560901,79.8760343,Gohalpur,092385 86244,
fd764e6e-1da8-406a-a6bb-1f39f3f5f787,"Dr. Divya Mathur Shrivastava | Child Specialist, Intensivist, Pediatric Cardiologist | Aaga Chowk",PEDIATRIC_CLINIC,,Life Medicity Hospital,"Life Medicity Hospital, Aaga Chowk, Madhya Pradesh 482002",23.1762893,79.9245958,Wright Town,098971 84321,divyamathur91@gmail.com,https://kidshealthwithdrdivya.com/
7ad57205-b293-4557-9517-7e16768359b1,Dr. Preeti Sharma,GENERAL_CLINIC,,Wright Town,"Ojas Chambers, near Prem Mandir, Wright Town, Jabalpur, Madhya Pradesh 482002",23.1638396,79.9251308,Wright Town,090397 43700,,http://tendercarepedia.com/
37ba1a3e-7be4-4942-8615-04bf5e241707,Dr Arpit Sohane| Pediatrician and Neonatologist,PEDIATRIC_CLINIC,,Chandrika Vihar Apartment,"Shop no.6, Chandrika Vihar Apartment, Home Science College Rd, near Ashish Hospital, Napier Town, Jabalpur, Madhya Pradesh 482002",23.1607755,79.9234301,Wright Town,091834 64051,,
c8a98cf3-52c0-4b46-ba83-55c909445838,Dr. Ajay Saraf (Child Specialist),PEDIATRIC_CLINIC,,Gol Bazar,"Gol Bazar, Shahid Smarak, Wright Town, Jabalpur, Madhya Pradesh 482002",23.1706808,79.9286669,Wright Town,094796 60572,ajaysaraf75@gmail.com,https://jabalpurhelpline.com/dr-ajay-saraf-child-specialist
6fddc6c3-6e96-4e61-8802-ac2be730049b,Harshey Child Clinic,PEDIATRIC_CLINIC,,Wright Town,"MLB school, Wright Town, Jabalpur, Madhya Pradesh 482002",23.1627849,79.9282335,Wright Town,,,
6f629296-4f38-46c9-a700-0899715d265d,Dr. Pradeep Dubey (Developmental Pediatrician),PEDIATRIC_CLINIC,,Wright Town,"2243, Near Prem Mandir Jabalpur, Wright Town, Jabalpur, Madhya Pradesh 482002",23.1634692,79.9245608,Wright Town,098261 23949,dr.pradeepdubey@gmail.com,http://jabalpurhelpline.com/aadiguru-child-neurology-centre-dr-pradeep-dubey
8b19689d-6b9b-4ebf-af64-f7a098e258fd,Dr Rajneesh Nema Chirayu Child Clinic,PEDIATRIC_CLINIC,,Napier Town,"2nd Floor, Reliable, Build, opposite Aditya Hospital, Napier Town, Jabalpur, Madhya Pradesh 482001",23.1606981,79.9288755,Wright Town,089669 40466,drnemacccjbp@gmail.com,https://jabalpurhelpline.com/dr-rajneesh-nema-chirayu-child-clinic
e7ea8f9c-3b67-462f-9927-daca06675a13,Professor Dr Vikesh Agrawal,GENERAL_CLINIC,,Spectrum Health Care HDFC Bank Road,"Spectrum Health Care HDFC Bank Road, Sant Nirankari Satsang Road, Gole Bazar, Jabalpur, Madhya Pradesh 482002",23.1682036,79.9256554,Wright Town,0761 492 5995,,
908e1b60-44b5-4ddc-8d38-5061228b36de,Dr. Payal Keswani (BalGopal Children's Neuro Clinic),PEDIATRIC_CLINIC,,Gole Bazar,"Dr Pawan Sthapak, 1063, near Jan Jyoti Hospital, Gole Bazar, Wright Town, Jabalpur, Madhya Pradesh 482002",23.1710034,79.9259756,Wright Town,089895 90477,balgopalchildrensneuroclinic@gmail.com,https://jabalpurhelpline.com/dr-payal-keswani-child-neurologist
965a398a-033c-4018-b2b0-12cfb0e1091b,CHIRAYU INTENSIVE CARE HOSPITAL & RESEARCH CENTRE,HOSPITAL,,Wright Town,"SAKET BHAWAN, 1123, Wright Town, Jabalpur, Madhya Pradesh 482002",23.1659662,79.9226834,Wright Town,093021 29420,,https://jabalpurhelpline.com/chirayu-intensive-card-hospital-and-research-centre
a1a80d7a-cb23-4960-8cf2-85721d9337be,Dr. Abhishek Tiwari (Paediatric Surgeon),PEDIATRIC_CLINIC,,Prem Mandir Rd,"Niramaya Health care, Prem Mandir Rd, opp. Delhi MRI Center, Chowk, Wright Town, Jabalpur, Madhya Pradesh 482002",23.1638684,79.9248274,Wright Town,084354 10735,abhiti81@rediffmail.com,https://www.apnabusinesscard.com/Dr-Abhishek-Tiwari
0e02ce38-2145-4ece-aa94-29d1224ef8a9,Dr. Keerti Kumar Jain- Paediatrics In Jabalpur,PEDIATRIC_CLINIC,,Gole Bazar,"Chiranjeev Children Hospital 987, opp. DN Jain College, near Jamdar Hospital, Gole Bazar, Jabalpur, Madhya Pradesh 482002",23.1693328,79.927009,Wright Town,076126 11476,archana.ravi@remedoapp.com,https://drkeertikumarjain.getmy.clinic/?utm_source=gmb&utm_medium=web&utm_campaign=tu
768a9615-7c85-459c-b0d9-55bf4649a468,Dr Sonica Agrawal,GENERAL_CLINIC,,Nagpur Road Infront of Hotel Gulzar,"Nagpur Road Infront of Hotel Gulzar, Agrawal Eye Care Centre Building, Madhya Pradesh 482001",23.15491,79.9246976,Wright Town,,drsonicagrawal@gmail.com,https://www.apnabusinesscard.com/Dr-Sonica-Agrawal
d351ea46-d996-421a-994d-eafc861d537a,Omega Childrens Hospital & Critical Care,HOSPITAL,,Gole Bazar,"659, near Maha Kaushal School, Gole Bazar, Wright Town, Jabalpur, Madhya Pradesh 482002",23.1714765,79.9270414,Wright Town,0761 421 8218,,
e00a0a51-5e79-4ed5-8699-bef29960723b,Dr. Neetu Yadav (Newborn & Child Specialist),PEDIATRIC_CLINIC,,MR-4 Rd,"1st Floor, Shriram Tower, MR-4 Rd, Ekta Chowk, Vijay Nagar, Jabalpur, Madhya Pradesh 482002",23.1846433,79.909649,Wright Town,075668 88801,drneetu.prashant@gmail.com,http://jabalpurhelpline.com/dr-neetu-yadav-child-specialist
c049a7ee-8f94-40a1-9d19-d021ca2c90d0,Dr Aradhana Mishra,GENERAL_CLINIC,,Ukhri Rd,"Ukhri Rd, near Yash Bharat, Shatabdipuram Phase 1, Jabalpur, New Adaresh Colony, Madhya Pradesh 482002",23.1784429,79.9121537,Wright Town,,draradhnamjbp@gmail.com,https://jabalpurhelpline.com/dr-aradhana-mishra-child-specialist
878c027a-5841-47c9-9946-0023df09f296,Aayushman Children Hospital,HOSPITAL,,Napier Town,"Napier Town, Jabalpur, Madhya Pradesh 482002",23.1641559,79.935889,Wright Town,076124 95235,,
3c6a3a30-435d-4d93-b241-397c22f979b9,Jethi Children's Hospital & Vaccination Centre,HOSPITAL,,Samiksha Town Phase 3rd,"5XG4+FHR, Samiksha Town Phase 3rd, South Civil Lines, Jabalpur, Madhya Pradesh 482001",23.1762379,79.956394,Wright Town,076126 29687,,
012354dd-06c1-45be-b8e8-fb26c92b4081,Dr. Yogesh Pehlajani,GENERAL_CLINIC,,Mahi Medical Main road,"Doctor house, Mahi Medical Main road, Ravindra Nagar, Adhartal, Jabalpur, Madhya Pradesh 482004",23.1986168,79.9464337,Wright Town,093024 87506,yogeshpehlajani@gmail.com,https://jabalpurhelpline.com/dr-yogesh-pehlajani-child-specialist
e32d6ef0-487d-4959-a6ce-e9e1b7a7e5d4,Chiranjeev Children's Hospital,HOSPITAL,,Gole Bazar,"near DN Jain College, Gole Bazar, Wright Town, Jabalpur, Madhya Pradesh 482002",23.1692394,79.9296728,Wright Town,076126 11476,,
07af1d3e-64c8-4041-a4ca-4d6ecc3f3c21,Doctor,GENERAL_CLINIC,,Wright Town,"Shop no 1,2, classic apartment, near Chanchala Bai College, near hira sweets, Wright Town, Jabalpur, Madhya Pradesh 482002",23.1673552,79.9255774,Wright Town,,divyamathur91@gmail.com,https://kidshealthwithdrdivya.com/
a59bf72b-e7f9-49a8-a307-f5903b7dd91c,Pediatric Dermatology,PEDIATRIC_CLINIC,,Skin Hair and Cosmetic Clinic Dr Kuldeep Bhardwaj MD,"Skin Hair and Cosmetic Clinic Dr Kuldeep Bhardwaj MD, Wright Town, Jabalpur, Madhya Pradesh 482002",23.1623576,79.9250083,Wright Town,,,
207f79fa-0a80-40ba-af85-4255ce885ab3,New Shishu Clinic Dr Mohammad Arshi Khan,GENERAL_CLINIC,,New Bahorabag Market,"Shop no 10, New Bahorabag Market, Hazrat Tipu Sultan Rd, in front of Hanifiya Masjid, Gohalpur, Jabalpur, Madhya Pradesh 482002",23.1891047,79.9404803,Wright Town,072250 43946,,https://book-appointment.healthplix.com/dr-dr-mohammad-arshi-khan-consultant-pediatrics-and-allergy-bahorabag-jabalpur
6ea5135e-edeb-47c8-bc69-7e746ed0b5dd,"Dr. Nency Sahu (Child Specialist, Newborn & Vaccination Centre)",PEDIATRIC_CLINIC,,Gulaua Chowk,"Sona Complex, Gulaua Chowk, Pani ki Tanki ke Samne, Railway Crossing, near Garha, Jabalpur, Madhya Pradesh 482002",23.1630917,79.9075126,Wright Town,097704 79145,sahunency.20@gmail.com,https://jabalpurhelpline.com/dr-nency-sahu-child-specialist
fef54b68-d288-4c9b-92a1-e23a9668e8ca,Star child care,PEDIATRIC_CLINIC,,Wright Town,"1573, Wright Town, Jabalpur, Madhya Pradesh 482002",23.1682882,79.9237253,Wright Town,,,
7682bbe9-a4fd-47da-8a00-ff25775ac8d8,Dr. Khurana's Pediatric Therapy Center,PEDIATRIC_CLINIC,,Napier Town,"Ashiyana Duplex, 247, near Naveen Vidya Bhavan, Napier Town, Jabalpur, Madhya Pradesh 482002",23.1595068,79.9346116,Wright Town,091113 57629,,
beb21802-935a-499d-b24b-dadf5bf83e95,Spandan Clinic,GENERAL_CLINIC,,Napier Town,"5W6J+3WM, Napier Town, Jabalpur, Madhya Pradesh 482001",23.1602199,79.9322944,Wright Town,091798 50369,,https://sites.google.com/view/spandanheartclinic/home
315bf315-2327-4c5e-9e0b-665b1d1c11f8,Dr Mohammad Arshi Khan,GENERAL_CLINIC,,in front of City hospital,"in front of City hospital, near 2nd Bridge, South Civil Lines, Jabalpur, Madhya Pradesh 482001",23.1630845,79.944043,Wright Town,0761 411 2500,,
5db19cd9-65a4-4a44-929b-9548eea0dfe3,Chirayu Children Clinic,PEDIATRIC_CLINIC,,Naya Mohalla,"H.N 01026, bangali masjid, Naya Mohalla, Jabalpur, Madhya Pradesh 482001",23.1607254,79.9291386,Wright Town,,,
7904804e-e907-40b7-8e4b-000ac1dd93d8,Jabalpur Gastro & Pediatric centre,PEDIATRIC_CLINIC,,Wright Town,"near vishal mega mart, Wright Town, Jabalpur, Madhya Pradesh 482002",23.1675647,79.9260632,Wright Town,,,
a2702a13-a4ac-46de-b18b-ce16b6933183,Dr. Shilpi Dadarya- Child Dentist,DENTAL_CLINIC,,Wright Town,"COSMOS GIRLS HOSTEL, near Arun dairy, behind Kothari Hospital, Wright Town, Jabalpur, Madhya Pradesh 482002",23.1644934,79.9225042,Wright Town,077488 24696,ask@childdentalclinic.com,http://www.childdentalclinic.com/
b32972df-94e9-48e3-80ff-af0d1e0e138d,Health Care Centre,ENT_CLINIC,,Ranital,"971, Besides Hanuman Mandir, ICICI-Atm, Ranital, Jabalpur, Madhya Pradesh 482002",23.1685784,79.924066,Wright Town,076124 00670,,
6df47c0b-f653-472a-9045-7e54124813a1,DR Himanshu Acharya Pediatric Surgeon,PEDIATRIC_CLINIC,,Napier Town,"Napier Town, Platinum plaza, near sudarshan motors, Jabalpur, Madhya Pradesh 482001",23.160177,79.932335,Napier Town,,himacharya@yahoo.co.in,https://jabalpurhelpline.com/dr-himanshu-acharya-pediatric-and-neonatal-surgeon
d052e9fe-3738-4917-96ce-e9aa90f55628,Napier Town Dental Hub (Dr Gulshan Jain MDS),DENTAL_CLINIC,,Jabalpur Hospital to Shastri Bridge Rd,"Dutt Plaza, Jabalpur Hospital to Shastri Bridge Rd, near Bhavartal Garden Road, in front of Sudarshan Hero, Napier Town, Jabalpur, Madhya Pradesh 482001",23.1603031,79.9320305,Napier Town,062676 46264,,https://httpsbusinessgooglecomvnapier-town-dental-hub-orthodo.localo.site/?utm_source=google_profile&utm_campaign=localo&utm_medium=mainlink
de426f04-c573-4352-8026-d7e52b00cf9d,Muskan Child Care,PEDIATRIC_CLINIC,,State Bank Colony,"State Bank Colony, Gorakhpur, Jabalpur, Madhya Pradesh 482001",23.1515102,79.9269805,Napier Town,077240 01460,,
e5479c31-3a5c-44ad-989f-ffad9d3b324b,"Dr. Urvashi Sharma (cataract, Contact Lens, Glaucoma, paediatric ophthalmology)",EYE_CLINIC,,near Aditya Hospital,"Doctor House, Shastri Bridge, near Aditya Hospital, Jabalpur, Madhya Pradesh 482001",23.1604115,79.9286757,Napier Town,097139 53314,urvashi73sharma@gmail.com,https://jabalpurhelpline.com/lotus-clinic-dr-urvashi-sharma-eye-specialist
d1558995-49b2-4498-ad8a-d4e6ab12cf91,𝗗𝗿 𝗡𝗲𝗲𝗿𝗮𝗷 𝗝𝗮𝗶𝗻,GENERAL_CLINIC,,Punjabi Hindi association chowk,"Punjabi Hindi association chowk, Home Science College Rd, Napier Town, Jabalpur, Madhya Pradesh 482002",23.1601092,79.9248267,Napier Town,088899 59990,neeraj.jain.raja@gmail.com,http://jabalpurhelpline.com/dr-neeraj-jain-nephrologist
f4af0819-5baf-451a-aa96-ac5122db4a2c,Shree Heart Clinic,CARDIOLOGY_CLINIC,,MLB Rd,"MLB Rd, beside Aditya Hospital, opp. Little Kingdom School, Napier Town, Jabalpur, Madhya Pradesh 482001",23.1608852,79.9287498,Napier Town,094794 27010,,http://www.drhpschandel.com/
45e41709-7b69-467c-a4a4-3a35184386f1,Dr. Alpana Chawla (Child Specialist & Vaccination Centre),PEDIATRIC_CLINIC,,Rampur,"27, Nayagaon Society, Rampur, near Jalpari, Madhya Pradesh 482008",23.1341162,79.9126868,Napier Town,098930 53493,alpanachawla1962@gmail.com,http://jabalpurhelpline.com/dr-alpana-chawla-child-specialist
315583bc-42b1-43d2-90ea-0cbabd2ffd86,Splendid Smiles Dental Clinic,DENTAL_CLINIC,,Model Road,"Model Road, Shastri Bridge, Napier Town, Jabalpur, Madhya Pradesh 482001",23.1607559,79.9306172,Napier Town,097538 89900,,
881d9c65-be37-4962-8e2e-9497b608f070,TWACHA SKIN CLINIC - DR. NIHIT AGRAWAL | BEST DERMATOLOGY CLINIC| BEST DERMATOLOGIST JABALPUR |,DERMATOLOGY_CLINIC,,Napier Town,"D2, Madan Mahal, Health Camp, 1370, opp. Best Super Multi-speciality Hospital, Napier Town, Jabalpur, Madhya Pradesh 482001",23.1623629,79.9251791,Napier Town,078288 96668,nihit.agrawal@gmail.com,https://jabalpurhelpline.com/dr-nihit-agrawal-twacha-skin-clinic
ef157678-8fd2-4590-96cf-143ba8f4bf60,Indira IVF Fertility Centre in Jabalpur - Best IVF Centre,GYNECOLOGY_CLINIC,,Model road,"4th Floor, Above Pantaloons Showroom,m Shastri Bridge, Model road, near Petrol pump, Jabalpur, Madhya Pradesh 482001",23.1619202,79.9305635,Napier Town,088671 81100,help@indiraivf.in,https://www.indiraivf.com/madhya-pradesh/best-ivf-center-in-jabalpur?utm_source=gmb&utm_medium=listings&utm_campaign=indiraivfgmb&utm_id=seo-local
0adb055e-151f-4a97-95c9-899cdd4ad36c,Life Imaging MRI Center,IMAGING_CENTER,,791A Subhadra Kumari Chauhan Ward,"791A Subhadra Kumari Chauhan Ward, Napier Town, Jabalpur, Madhya Pradesh 482001",23.1601851,79.928912,Napier Town,091099 88975,lifeimaging1@gmail.com,http://www.lifeimagingcentre.com/
7ce0705e-ee94-4450-bf2f-ad678fae2862,Dr Ruchi Arora | dentist,DENTAL_CLINIC,,near Bhavartal Garden Road,"Sudarshan Motor Crossing, 122A, near Bhavartal Garden Road, Napier Town, Jabalpur, Madhya Pradesh 482002",23.1601558,79.9323501,Napier Town,097523 08866,,
ef32795d-11e9-4452-81e3-3a944b4b4941,Dr Sudhir Jain's Pediatric Clinic,PEDIATRIC_CLINIC,,Madan Mahal,"Madan Mahal, Jabalpur, Madhya Pradesh 482001",23.1583102,79.9195774,Madan Mahal,099936 64811,,
e3334153-fdf2-4eec-a84b-8fc4f478ecd5,Dr Ashita Dubey-High risk pregnancy gynecologist and IVF specialist,GYNECOLOGY_CLINIC,,Wright Town,"Shishu mangal hospital, opposite to suhagan aabhushan and india bank, Wright Town, Jabalpur, Madhya Pradesh 482002",23.1674756,79.9273122,Madan Mahal,089896 80693,,https://www.instagram.com/invites/contact/?igsh=YzBzZWtzZ3lwN241&utm_content=uo1bjtw
3adf6f6e-3015-4910-8173-7a47a89e6b55,Child Care Clinic,PEDIATRIC_CLINIC,,Main Rd,"State Bank, Main Rd, Transport Nagar, Jabalpur, Madhya Pradesh 482002",23.1813947,79.9266951,Madan Mahal,098273 96834,,
2dd86d82-c383-4e24-a438-8c469723bae4,Children Park Gol Bazar,PEDIATRIC_CLINIC,,Wright Town,"5W9H+P32, Wright Town, Jabalpur, Madhya Pradesh 482002",23.1692625,79.9276406,Madan Mahal,,,
6461358e-3416-4476-9cd5-e54e2d9bf687,Chirayu hospital jabalpur,HOSPITAL,,Jabalpur Hospital to Shastri Bridge Rd,"jabalpur hospital, Jabalpur Hospital to Shastri Bridge Rd, Napier Town, Jabalpur, Madhya Pradesh 482001",23.162105,79.9362778,Madan Mahal,,,
6f54f1d2-1249-4a4f-bc99-3c4d301f08ed,Kidz Castle School,GENERAL_CLINIC,,Marhatal,"Civic Centre, Bishambhar Bhavan, Marhatal, Jabalpur, Madhya Pradesh 482002",23.1665166,79.9332529,Madan Mahal,078790 77935,kidzcastle1@gmail.com,http://www.kidzcastleschool.com/
d341ea92-c050-40fc-89bb-833805a17e5b,Hopewell and Mukharji Hospital,HOSPITAL,,Mohan Vihar Colony,"MP SH 22, Mohan Vihar Colony, Sanjeevani Nagar, Jabalpur, Madhya Pradesh 482003",23.1652039,79.9001296,Madan Mahal,0761 411 3962,,
1c55cfcb-1cc8-446d-a32a-1f717b569ebb,Endocare dental clinic,DENTAL_CLINIC,,Ekta Vihar,"1999, Supteshwar Ganesh mandir, Ekta Vihar, Gupteshwar Rd, Ratan Nagar, Jabalpur, Madhya Pradesh 482001",23.1495775,79.9119358,Madan Mahal,092447 71287,,https://endocaredentalclinic.com/
f3f1501d-e7b3-44b3-a26d-1b7ac3072b22,Dr. Aradhana Mishra,GENERAL_CLINIC,,Azad Chowk,"5W3J+GH3, Azad Chowk, in front of Khermai Mandir, Gorakhpur, Jabalpur, Madhya Pradesh 482001",23.1537624,79.9314276,Gorakhpur,,,
f569fe62-39a6-4a32-a60f-fc4bc9ff16c5,Dr. Rashmi Prajapati,GENERAL_CLINIC,,near Ukhari Chowk,"Amrit Clinic, near Ukhari Chowk, Janki Nagar, Jabalpur, New Adaresh Colony, Madhya Pradesh 482002",23.1783817,79.9119336,Gorakhpur,098932 60439,,
9a48891e-2cd1-4982-9962-e48e7f8f3a19,Dr. Ranju Saikia (Child Specialist & Vaccination Centre),PEDIATRIC_CLINIC,,Kamla Nehru Nagar Post Office Building P & T Gate,"Uday Clinic, Kamla Nehru Nagar Post Office Building P & T Gate, No.1, Garha Rd, Jabalpur, Madhya Pradesh 482002",23.1694166,79.9176906,Gorakhpur,094253 25233,drranjusaikia579@gmail.com,http://jabalpurhelpline.com/dr-ranju-saikia-child-specialist
7d3055d9-fbc2-46be-97ec-988f262cbb44,Dr. Mahendra Khare (Child Specialist),PEDIATRIC_CLINIC,,Ekta Chowk,"Ekta Chowk, MR-4 Rd, Vijay Nagar, Jabalpur, Raksha, Madhya Pradesh 482002",23.1834467,79.9091528,Gorakhpur,,mahendrakhare609@gmail.com,https://jabalpurhelpline.com/dr-mahendra-khare-child-specialist
02b02fa2-12b1-4de2-9217-4bd920e6da9f,K K Jain,GENERAL_CLINIC,,Anand Nagar,"5WXW+5C9, Anand Nagar, Adhartal, Jabalpur, Madhya Pradesh 482004",23.1979095,79.9460956,Adhartal,089628 24429,,
722a017f-f6a0-42b1-a6a6-44a1487eeb8b,Dr. Rajeev Jain,GENERAL_CLINIC,,Ashok Nagar,"805, Ashok Nagar, Adhartal, Jabalpur, Madhya Pradesh 482004",23.1974071,79.9445411,Adhartal,0761 403 1733,,
75110227-b33e-40d9-930e-648fe5733c1f,Dr K YUSUF CLINIC,GENERAL_CLINIC,,Anand Nagar,"5WVX+P46, Anand Nagar, Adhartal, Jabalpur, Madhya Pradesh 482004",23.1942855,79.9477777,Adhartal,,,
452e93e7-c9bd-4c22-b37e-1154d4c65bd0,Dr Ashish Rao,GENERAL_CLINIC,,Janki Nagar Rd,"Sanjeevni Dental Clinic, Janki Nagar Rd, Ekta Chowk, Vijay Nagar, Jabalpur, Madhya Pradesh 482002",23.1828928,79.909852,Vijay Nagar,,,
faa2d477-e597-4c20-be1e-e7eef6a10282,Dr Mulchandani,GENERAL_CLINIC,,33 Adarsh Market main road ranjhi,"33 Adarsh Market main road ranjhi, Jabalpur, Madhya Pradesh 482005",23.1969002,80.0002885,Ranjhi,089827 77707,,https://www.jabalpurdentist.com/
6f7af1e5-bcdf-4ea7-b44f-610c10aa617c,Muskan Child Care - Ranjhi Branch,PEDIATRIC_CLINIC,,Mastana Chowk Rd,"Mastana Chowk Rd, opposite Aashirvaad Baaratghar, Ranjhi, Bengali Colony, Jabalpur, Madhya Pradesh 482005",23.2007852,80.0013558,Ranjhi,,,
445874ed-0fce-4c0f-b9ae-6338ca2b4166,Dr Abhijeet Pal (Aarogya Clinic),GENERAL_CLINIC,,Bengali Colony,"177, Ranjhi, Bengali Colony, Jabalpur, Madhya Pradesh 482005",23.203433,80.0025984,Ranjhi,,,
51bae58a-18b1-4b1a-b9dc-4b3ce71b333f,K.k. rokjari clinic,GENERAL_CLINIC,,Bengali Colony,"6222+FGV, Ranjhi, Bengali Colony, Jabalpur, Madhya Pradesh 482005",23.2012299,80.0012831,Ranjhi,,,
4a264d4c-1c96-467b-bb52-0edc9337e412,The dentist ( Dr. Prisha Singh),DENTAL_CLINIC,,Azad nagar,"6222+RMV, Azad nagar, Ranjhi, Jabalpur, Madhya Pradesh 482005",23.2021025,80.0016766,Ranjhi,,,
dd2b363e-d2af-41af-b3e8-c3fc338f3303,TN Shukla Eye Hospital,HOSPITAL,,SH 22,"Vehicle Turn, Ranjhi, SH 22, Jabalpur, Madhya Pradesh 482011",23.1945121,79.9950812,Ranjhi,095843 13357,,http://www.tnshuklaeyehospital.com/
979a33de-9c79-4b59-9fb2-4150e8748ca8,Ranjhi jabalpur,GENERAL_CLINIC,,Bengali Colony,"6222+FGV, Ranjhi, Bengali Colony, Jabalpur, Madhya Pradesh 482005",23.2012299,80.0012831,Ranjhi,,,
5855d58b-de3d-4c03-af68-cc5e06af5a14,Kidzee Ranjhi,GENERAL_CLINIC,,Azad Nagar,"2705, Azad Nagar, near Ravan Park, Ranjhi, Jabalpur, Madhya Pradesh 482005",23.2046659,80.002487,Ranjhi,099817 29241,,https://kidzee7055.kidzee.com/
3d38e387-96a7-413e-8efd-63786328ba90,Shubham Dental Clinic,DENTAL_CLINIC,,Main Road,"Infront of Ranjhi, Police Station, Main Road, Ranjhi, Central Ordinance Depot Area, Jabalpur, Madhya Pradesh 482011",23.1950691,79.9964931,Ranjhi,093001 61600,,
77af52be-7066-4a98-88ae-3f3ccd49ec05,Family Health Care Centre,ENT_CLINIC,,sanjeevni nagar,"170, sanjeevni nagar, Garha, Jabalpur, Madhya Pradesh 482003",23.166564,79.90468,Garha,076124 21500,,
5229b2eb-5055-4ac7-acf3-d85c4f3cfcf2,Dr Jainith Lowvanshi (Child Specialist),PEDIATRIC_CLINIC,,Dhanvantari Nagar,"HIG 132, opposite community hall, Dhanvantari Nagar, Jabalpur, Madhya Pradesh 482003",23.1599029,79.8743965,Garha,,,
21cfa383-7087-4dda-83a7-4eb0910a897d,"Dr.R.S.Sisodiya , Pediatric Surgeon and Pediatric Urologist",PEDIATRIC_CLINIC,,Medical market,"Medical market, near Vidya sagar medicos, near Premium CT scan, Nehru nagar, Medical Garha, Jabalpur, Madhya Pradesh 482003",23.1496569,79.8831497,Garha,097702 25048,rssisodiyanscbpediasurgery@gmail.com,https://drrssisodiya-neonatal-child-surgery-and-pediatric-urology-clini.b12sites.com/index
38906565-d380-44f6-b8f9-52ed033e897d,Dr. Shweta Pathak,GENERAL_CLINIC,,Doctors Colony,"State Cancer Institute, Medical College Campus, Doctors Colony, Medical Garha, Jabalpur, Madhya Pradesh 482003",23.1520231,79.8790601,Garha,,schjbp2015@gmail.com,https://jabalpurhelpline.com/dr-shweta-pathak-paediatric-hemato-oncologist
e0a9ec0f-40de-42d4-800f-ffa1aa7e0bec,Dr. Pawan Ghanghoriya Chaitanya Pediatric Neurology and Child Development Center,PEDIATRIC_CLINIC,,Napier Town Rd,"1509, Napier Town Rd, Napier Town, Jabalpur, Madhya Pradesh 482001",23.161194,79.9221257,Tilwara,074009 37810,chaitanyaneurogynecare@gmail.com,https://www.apnabusinesscard.com/Dr-Pawan-Kumar-Ghanghoriya
f18fd01f-3114-4b0c-99ed-175f0b4e3bb5,Chiranjeev Clinic: Dr. Devika Jain (Pediatrician),PEDIATRIC_CLINIC,,Nagpur Rd,"Raunak Complex, Nagpur Rd, inside Shah Medicos, Madan Mahal, Jabalpur, Madhya Pradesh 482001",23.1568332,79.9193353,Tilwara,076124 23736,,
c18347ae-553b-40f2-b7a3-f974d6341bb3,Dr JP Mukerji,GENERAL_CLINIC,,South Civil Lines,"5X59+5XV, South Civil Lines, Pachpedi, Lekha Nagar, Jabalpur, Madhya Pradesh 482001",23.1579782,79.9699283,Civil Lines,,,
6ee5eb79-035f-4a9d-9048-9963b32f0be2,Child Specialist Maya,PEDIATRIC_CLINIC,,South Civil Lines,"5W3V+XG9, Malhotra Compound, South Civil Lines, Jabalpur, Madhya Pradesh 482001",23.1549244,79.9438529,Civil Lines,,,
abe897dd-60ee-4037-8dff-d815799200a0,Dr. safar pediatrics clinic,PEDIATRIC_CLINIC,,Govindh Bhavan Colony,"5X74+JP4, Govindh Bhavan Colony, South Civil Lines, Jabalpur, Madhya Pradesh 482001",23.1640146,79.9568424,Civil Lines,,,
6d781362-b74d-4056-9f1f-a069df2003d4,Dr Ajay Malhotra,GENERAL_CLINIC,,Gwarighat Main Rd,"4WCG+WP7, Gwarighat Main Rd, Bhim Nagar, Polipather, Jabalpur, Madhya Pradesh 482008",23.122275,79.9267914,Gwarighat,,,
dfa582e3-a7af-4957-ac31-59e9ad6a647d,"Dr pankaj verma ,child specialist",PEDIATRIC_CLINIC,,Narmada - Gwarighat Rd,"4WRG+589, Narmada - Gwarighat Rd, Panch Sheel Nagar, Satyanand Vihar, Adarsh Nagar, Rampur, Jabalpur, Madhya Pradesh 482001",23.1404004,79.9258672,Gwarighat,,,
be866148-b2be-43f0-ac11-67674e4bc4da,Children Park,PEDIATRIC_CLINIC,,Cantt,"4WRQ+W4G, Outram Line, GRC, Cantt, Jabalpur, Madhya Pradesh 482001",23.142325,79.9378316,Jabalpur Cantt,,,
5dd57e66-3cef-459b-a290-ac7bad015126,Vaishali Dental Care,DENTAL_CLINIC,,Sadar Main Rd,"Shop No. J1, J2, Sadar Main Rd, near Indian Coffee House, Cantt, Jabalpur, Madhya Pradesh 482001",23.154468,79.9487601,Jabalpur Cantt,097544 25444,piyushjain.bds@gmail.com,http://www.vaishalidentalcare.com/
c55fd78e-382c-4b8b-8442-72ed2770c45c,Jan Jyoti Super Speciality Eye Hospital | Best Eye Hospital in Jabalpur,HOSPITAL,,GOLE BAZAR RANITAL,"1051, GOLE BAZAR RANITAL, near KESHARWANI COLLEGE, Wright Town, Jabalpur, Madhya Pradesh 482002",23.171693,79.924999,Jabalpur Cantt,089628 75069,,https://janjyotieyehospital.com/
febd9c20-a1e2-47b7-a623-f44577f8abf1,DENTAL AVENUE DENTAL CLINIC,DENTAL_CLINIC,,Sadar Main Rd,"34, Sadar Main Rd, Cantt, Jabalpur, Madhya Pradesh 482001",23.1544844,79.947212,Jabalpur Cantt,095897 27237,,
f4267478-6517-4738-87c9-9a6b008e1ed9,Dr. Atul Choube,GENERAL_CLINIC,,Hardol Mandir Rd,"5WCH+7G5 National Hospital 703, National Hospital, Hardol Mandir Rd, near Shahid Smarak, Gole Bazar, Wright Town, Jabalpur, Madhya Pradesh 482002",23.1706712,79.9287243,South Civil Lines,,archana.ravi@remedoapp.com,https://dratulchoube77420.getmy.clinic/?utm_source=gmb&utm_medium=web&utm_campaign=tu
a1e6920d-03d0-458e-841a-ffe2a1e33c79,Butterfly Learnings Jabalpur Center: Child Development & ABA Therapy Services,PEDIATRIC_CLINIC,,Gole Bazar,"Dr Pawan Sthapak, 1063, near Jan Jyoti Hospital, Gole Bazar, Wright Town, Jabalpur, Madhya Pradesh 482002",23.1711576,79.9257104,Gol Bazar,086558 66056,uscontact@butterflylearnings.com,https://www.butterflylearnings.com/
c29c22ae-2405-4054-a5b9-e0260cee9855,DEEPALI DENTAL CLINIC,DENTAL_CLINIC,,Sadar Bazar,"Street Number 6, behind ALANKAR JEWELLERS, Sadar Bazar, Sadar, Jabalpur, Madhya Pradesh 482001",23.1541377,79.9459606,Sadar Bazar,094070 59426,,
8ff41baf-64a2-40ad-a5d2-ba6f372a87cb,Prabhakarans Dental clinic,DENTAL_CLINIC,,Sadar Bazar,"Shop no. 6, Khambatal Shopping Complex, Street Number 11, near Motilal Nehru Hospital, Sadar Bazar, Sadar, Jabalpur, Madhya Pradesh 482001",23.1526917,79.94776,Sadar Bazar,099529 57401,,
fc2ca155-f50e-4bf1-9ff4-1e1edca4d9b7,Jagrati Center,ENT_CLINIC,,Indira Market,"Indira Market, Tagore Railway Colony, South Civil Lines, Jabalpur, Madhya Pradesh 482001",23.1649086,79.9544747,Kamla Nehru Nagar,093433 01656,,
bc3c42ee-c4ad-46c7-ac1d-575683dd51c3,Dr. Nemi Kochar's Kochar Dental Care,DENTAL_CLINIC,,Naiper Town,"Naiper Town, Russel Chowk, next to Hotel Midtown, opp. Bank of India, Jabalpur, Madhya Pradesh 482001",23.1626484,79.9381911,Russel Chowk,097130 88897,kochardentalcare@gmail.com,http://www.kochardentalcare.in/
62dbea2d-fa3c-47bd-aaef-81d2b01bce8c,"Dr. Pratibha, Psychologist",PSYCHIATRY_CLINIC,,Dr Barat road,"polyclinic, Dr Barat road, Russel Chowk, in front of Arya Samaj Bhavan, near Samdaria Hotel, Jabalpur, Madhya Pradesh 482002",23.1611825,79.9390185,Russel Chowk,083054 06767,koshtapratibha18@gmail.com,https://apnabusinesscard.com/Dr-Pratibha-Koshta-%28Psychologist%29
5f7e0231-b1c4-4d31-a2cd-00c96e01c844,SHRI JAGDISH CHILDREN HOSPITAL,HOSPITAL,,Raiway Police Line Rd,"5XG4+GH6, Raiway Police Line Rd, Samiksha Town Phase 3rd, Ghamapur, Jabalpur, Madhya Pradesh 482001",23.1762782,79.9563967,Rani Durgavati,,,
44979b5d-4a6f-43f9-939c-bb840d66be31,Justice Tankha Memorial Rotary Institute For Special Children,PEDIATRIC_CLINIC,,Dwarka Nagar Ward,"5X58+PF4, Lohiya Pul, Dwarka Nagar Ward, Pachpedi, South Civil Lines, Jabalpur, Madhya Pradesh 482001",23.15927,79.9662029,Rani Durgavati,076126 02611,,
74d193b1-a4e5-4c28-a9cd-8c86bc157415,Gargi clinic trama centre jabalpur,ENT_CLINIC,,Shanti Nagar,"Damoh Naka, Shanti Nagar, Jabalpur, Madhya Pradesh 482002",23.1903558,79.9297388,Damohnaka,094251 39491,,https://www.gargi.co.in/
3819af72-3324-4160-8735-817cad3ea1d4,Chauhan Dental Clinic & Orthodontic Center,DENTAL_CLINIC,,Dhanwantary Nagar Main Rd,"Dhanvantri, Dhanwantary Nagar Main Rd, near aarogyam hospital, Damohnaka, MP Housing Board Colony, Dhanvantari Nagar, Jabalpur, Madhya Pradesh 482003",23.1565975,79.8737234,Damohnaka,094251 57606,,http://dentistinjabalpur.com/
819caa2b-dc92-461f-ac34-4b8b9f375fa6,Teddy Kids Pre School | Best Pre School In Jabalpur | Best Play School In Jabalpur|,PEDIATRIC_CLINIC,,Shanti Nagar,"773, Street Number 18, Damoh Naka, Shanti Nagar, Jabalpur, Madhya Pradesh 482002",23.190244,79.932077,Damohnaka,097531 32132,teddykidsjabalpur@gmail.com,http://teddykidsindia.com/
83edd083-4847-4e60-837b-553e29582bf5,Damoh Naka Durga Mandir,GENERAL_CLINIC,,Punjab Bank Colony,"Punjab Bank Colony, 1696, Shiv Nagar Main Rd, P N B Colony, Jabalpur, Madhya Pradesh 482002",23.1846063,79.9269688,Damohnaka,,,
018516a8-1d19-48ff-94a7-20386677bcc1,Mishra Dental Care,DENTAL_CLINIC,,Damoh Naka,"New BSNL Office, Damoh Naka, Jabalpur, Madhya Pradesh 482002",23.1834491,79.9328329,Damohnaka,099938 46863,,
f306c809-63c1-4351-886f-1b345d60c02b,Kidzee - Shastri Nagar Jabalpur,GENERAL_CLINIC,,JDA Colony,"No 65, JDA Colony, Lheta Chouraha, Tilwara Road, beside Anmol Tower, Marg, Shastri Nagar, Jabalpur, Madhya Pradesh 482003",23.137882,79.877748,Shastri Nagar,088392 35780,,https://kidzee6943.kidzee.com/
b6d7cdb9-2f25-470c-b783-1c4d7a6c2fac,Rail Saurabh Colony Park,GENERAL_CLINIC,,Rail Sourabh Colony,"5XC6+P5Q, Rail Sourabh Colony, Jabalpur, Madhya Pradesh 482001",23.1718437,79.9604846,Shastri Nagar,,,
7d04252a-9307-4225-86bf-ec244c026d8e,4 Sisters Play School - Best Play School/Best Kids School/Best Kindergarden School in Jabalpur,PEDIATRIC_CLINIC,,KanchGhar,"Lalmati, KanchGhar, Jabalpur, Madhya Pradesh 482001",23.1808069,79.963634,Shastri Nagar,078797 17423,,
f6e6339f-6e70-4b5b-a58a-a17e34c12133,Family Park,GENERAL_CLINIC,,New colony,"QTR NO, 3061, New colony, sector-II, GCF Jabalpur, Jabalpur, Madhya Pradesh 482011",23.181762,79.9681339,Shastri Nagar,,,
444386c5-79bb-4b6b-a3d1-5ebd7298d8ba,Rajeev Kids Store,PEDIATRIC_CLINIC,,New Shastri Nagar,"0025, New Shastri Nagar, Shastri Nagar, Jabalpur, Madhya Pradesh 482003",23.1404814,79.8726642,Shastri Nagar,096907 78555,,
58c96630-6c90-4c04-9d7a-50a31e08a9c6,Hanuman Tal,GENERAL_CLINIC,,Hanumantal Rd,"Hanumantal Rd, Milloniganj, Gohalpur, Jabalpur, Madhya Pradesh 482002",23.1831281,79.9358187,Hanuman Tal,091711 61016,,
07abd0b1-144f-4090-9a87-dce8e9cbd2e4,PARIVARTAN HELPING HAND,GENERAL_CLINIC,,Milloniganj,"Subhash Talkies, near Samdaroya School, Milloniganj, Hanumantal Ward, Jabalpur, Madhya Pradesh 482002",23.181428,79.935428,Hanuman Tal,,,
12ee8abf-f9e6-481a-88dc-0fe73d3bca6a,Narmada Nursery & Maheshwari Vidya Niketan,GENERAL_CLINIC,,Hanuman Tal,"Diwan Bahadur Vallabhdas Palace ,Hanuman Tal, Jabalpur, Madhya Pradesh 482002",23.1806579,79.9356104,Hanuman Tal,098931 44264,narmadashikshamahavidyalaya@gmail.com,http://narmadaeducation.org/about.html
76c6c484-dffe-4a2e-8531-2f59c6999ae8,HanumanTal Lake Sondhiya House,GENERAL_CLINIC,,Hanumantal Ward,"5WJP+GH8, Hanumantal Ward, Jabalpur, Madhya Pradesh 482002",23.1812992,79.936451,Hanuman Tal,097138 55116,,
85f24417-03b8-40b6-b897-4c0346419fd7,Taher Dental Clinic,DENTAL_CLINIC,,Kotwali Bazar,"134, Kotwali Bazar, Hanumantal Ward, Jabalpur, Madhya Pradesh 482002",23.1798109,79.9341999,Hanuman Tal,086025 71219,,
a04329ba-57dc-4898-abd3-0ba261d2999f,Jabalpur Dental clinic ( Dr. Rao Dental clinic),DENTAL_CLINIC,,Sharda chouk,"Sharda chouk, Ganga Sagar Rd, near peeli building, Garha, Jabalpur, Madhya Pradesh 482003",23.1571716,79.9059874,Gangasagar,079873 87948,,http://www.apkadentist.in/
3a4f0d25-f65d-42f2-a869-23802d27a9d3,paediatrician,PEDIATRIC_CLINIC,,Sanjeevani Nagar,"170, Sanjeevani Nagar, Jabalpur, Madhya Pradesh 482002",23.166564,79.90468,Sanjeevani Nagar,098270 66922,,
b3a28535-2652-4cca-bf64-df7b0bed5e0f,Suryansh dental clinic jabalpur,DENTAL_CLINIC,,durga Colony,"durga Colony, road, near royal school, Sanjeevani Nagar, Jabalpur, Madhya Pradesh 482003",23.1654902,79.898495,Sanjeevani Nagar,072259 20915,,http://www.suryanshdentaljabalpur.in/
56ef93a3-e3fc-4e7c-8780-f909568cca57,Ojas Skin Clinic Dr. Shweta Lokwani,DERMATOLOGY_CLINIC,,Narmada Rd,"Ojas Clinic, 2nd floor, 15/1 Ojas Imperia, Narmada Rd, near Rampur Square, Jabalpur, Madhya Pradesh 482001",23.1436396,79.9270486,Sanjeevani Nagar,095228 22111,skinclinic.ojas@gmail.com,https://ojasclinic.com/
ee017d3c-603d-41fd-8b39-e68cd18416bf,Dr Yasmeen clinic,GENERAL_CLINIC,,Panagar,"72M2+RX2, Panagar, Madhya Pradesh 483220",23.2845131,80.0023884,Panagar,,,
a501eb35-b563-4438-b497-a4bb3c8f6185,Dr. Reeti Singh Thakur,GENERAL_CLINIC,,Wright Town,"AASHA Matritva Care Centre, near Gate no 4, in front of pillar no 68, Wright Town, Jabalpur, Madhya Pradesh 482002",23.1634674,79.921112,Wright Town,075099 33334,reetisingh0607@gmail.com,http://jabalpurhelpline.com/dr-reeti-singh-thakur-gynaecologist
421c6aa6-7392-4010-bfb2-1375e58c7f50,Dr. Vineeta Modi - Gynaecologist | Fertility Specialist | Painless Delivery | Fibroids | Doctor | Jabalpur,GYNECOLOGY_CLINIC,,Gole Bazar,"R D Medical Centre, in front of D N Jain College, next to Jaamdar Hospital, Gole Bazar, Wright Town, Jabalpur, Madhya Pradesh 482002",23.1708402,79.9304707,Wright Town,074150 66454,,https://www.facebook.com/shalbyhospitaljabalpur/photos/shalby-hospital-jabalpur-is-delighted-to-welcome-dr-vineeta-modi-in-the-departme/979071954233596/?_rdr
643fe268-0255-41ad-95ed-645101a09ab2,Dr. Deepshikha Sahu,GENERAL_CLINIC,,MLB Rd,"Matrika gynec and surgicare centre, Aditya hospital, MLB Rd, Napier Town, Jabalpur, Madhya Pradesh 482001",23.160706,79.9283,Wright Town,094253 83509,drshikha991990@gmail.com,https://jabalpurhelpline.com/dr-deepshikha-sahu-gynecologist
41de88ed-ce0f-4655-8ad7-2b3e0580cd28,Dr Manik Pansey | Gynecologist | Anant Multispeciality Hospital,MULTISPECIALTY_HOSPITAL,,SUBHDRA KUMARI WARD,"ANANT NURSING HOMES PVT LTD, 299-B, SUBHDRA KUMARI WARD, Wright Town, Jabalpur, Madhya Pradesh 482002",23.1655241,79.922184,Wright Town,074007 79494,,https://ananthospital.org/
9affc88f-719a-4ff8-af28-e495c6c5aed5,Dr. Pallavi Sahai,GENERAL_CLINIC,,Mohanlal Hargovindas Hospital road,"Palash Skin and Maternity Clinic, 1575, Mohanlal Hargovindas Hospital road, near Chanchlabai College, beside Hotel Swag, Wright Town, Jabalpur, Madhya Pradesh 482002",23.1666647,79.9244084,Wright Town,084528 14168,contact@drpallavigynaecologist.com,https://drpallavigynecologist.com/
da0cd1b0-79d3-4c53-af0b-852f234a46ca,Dr. Sangeeta Shrivastav (Gynecologist Jabalpur),GYNECOLOGY_CLINIC,,Napier Town,"Shop No.19, Rajul Landmark, opp. jabalpur hospital, Napier Town, Jabalpur, Madhya Pradesh 482001",23.162564,79.935899,Wright Town,093027 89333,shrivastavadrsangeeta@gmail.com,https://jabalpurhelpline.com/dr-sangeeta-shrivastava-senior-gynecologist
058413a4-b392-419f-8fc2-74761270ea55,Dr Richa Dhirawani (Jabalpur Hospital and Research Centre),HOSPITAL,,Napier Town,"Jabalpur Hospital and Research Centre, Napier Town, Jabalpur, Madhya Pradesh 482001",23.1621715,79.9366604,Wright Town,083497 77412,swati.remedo@gmail.com,https://drrichadhirwani.getmy.clinic/?utm_source=gmb&utm_medium=web&utm_campaign=tu
49d9907f-e75a-4f5c-ad34-f220bb8f3b01,Dr. Archana Shrivastava Pluro Jabalpur Fertility and IVF Centre | Gynecologist | Best IVF and Fertility Clinic in Jabalpur,GYNECOLOGY_CLINIC,,Home Science College Rd,"199A, Home Science College Rd, Napier Town, Jabalpur, Madhya Pradesh 482002",23.16151,79.9224333,Wright Town,077708 77117,,https://www.jabalpurivfcentre.com/
3ab67839-e12f-43f5-9409-2c47d2a50989,Dr.Anshu sahni,GENERAL_CLINIC,,Home Science College Rd,"Home Science College Rd, Napier Town, Jabalpur, Madhya Pradesh 482002",23.1604103,79.9245759,Wright Town,094251 60187,dranuragsahni@gmail.com,https://jabalpurhelpline.com/dr-anshu-sahni-gynecologist-and-gynec-surgeon
c92f56c2-1141-4959-8e1a-70d12908783d,Dr. Richa Chaturvedi,GENERAL_CLINIC,,Madan Mahal Railway Station Rd,"Vishudh Health Care, 2365, Madan Mahal Railway Station Rd, Wright Town, Jabalpur, Madhya Pradesh 482002",23.1630955,79.9214343,Wright Town,093027 89333,dr.richa.ch@gmail.com,https://jabalpurhelpline.com/dr-richa-chaturvedi-gynaecologist
79b28dc0-db1e-4692-b4cc-c542bb1937dc,Dr. Alka Behl,GENERAL_CLINIC,,Wright Town,"Digamber Tower, opposite Suhagan Aabhushan, Wright Town, Jabalpur, Madhya Pradesh 482002",23.1642977,79.9312088,Wright Town,094794 93774,,
e26a92f4-03c3-4f09-8913-19f8a060c324,Dr. Anubhooti Trivedi,GENERAL_CLINIC,,Garha Rd,"1269, Saket Nursing Home Campus, Garha Rd, Nove Adaresh Colony, Daya Nagar, Yadav Colony, Jabalpur, New Adaresh Colony, Madhya Pradesh 482002",23.1690772,79.9165308,Wright Town,076126 11439,,https://jabalpurhelpline.com/dr-anubhooti-trivedi-gynaecologist
bd400957-5998-49e4-acca-f36e7055b6bb,Paryani Women's Health Clinic (Dr. Disha Paryani),GYNECOLOGY_CLINIC,,Napier Town Rd,"Napier Town Rd, Napier Town, Jabalpur, Madhya Pradesh 482001",23.1582408,79.9302159,Wright Town,070806 56958,dishajp.23@gmail.com,https://dishawomencare.com/
568a608f-0bc7-4c76-8686-1891cdbc9348,Dr. Nidhi Jain,GENERAL_CLINIC,,Jai Nagar Rd,"198, Jai Nagar Rd, Labour Chowk, Nove Adaresh Colony, Yadav Colony, Jabalpur, New Adaresh Colony, Madhya Pradesh 482002",23.1674221,79.9134189,Wright Town,090091 11028,nidhijain032@gmail.com,https://jabalpurhelpline.com/dr-nidhi-jain-obstetrician-and-gynaecologist
6cdd3e17-e450-434c-abad-03925329cc1a,Dr. Ritu Nema,GENERAL_CLINIC,,MR-4 Rd,"Adi Plaza, shop no. 3, Lower ground floor Shatabdi puran, MR-4 Rd, near Ukhri Tiraha, Jabalpur, Madhya Pradesh 482002",23.1752587,79.9097638,Wright Town,094258 65888,drritunemajbp@gmail.com,http://jabalpurhelpline.com/dr-ritu-nema-gynaecologist
45cd7ae2-4dd1-4a19-bc5e-f0ec6b39889f,Jabalpur hospital fertility centre : Dr. Devkriti Tiwari Dhrirawani,HOSPITAL,,Russel Chowk,"2nd Floor, Fertility Centre, jabalpur hospital, Russel Chowk, beside Cafeteria, Phase 3, Napier Town, Jabalpur, Madhya Pradesh 482001, Jabalpur, Madhya Pradesh 482002",23.162105,79.9362778,Wright Town,062321 68215,jhrc_hrd@yahoo.co.in,https://jabalpurhospital.com/Gync_JabalpurFertilityCentreDepartment.html
13bdce06-360d-48d1-9349-d2d160a79d44,Dr. Amita Saxena- Gynaecologist & Obstetrician In Jabalpur,GYNECOLOGY_CLINIC,,Krishna Hotel Road,"Amita Saxena Clinic Khushi Plaza, Krishna Hotel Road, Napier Town, Jabalpur, Madhya Pradesh 482002",23.1633817,79.93076,Wright Town,,swati.remedo@gmail.com,https://dramitasaxena.getmy.clinic/?utm_source=gmb&utm_medium=web&utm_campaign=tu
dcede84e-d591-47b0-b9fb-b35b050fa2fd,Dr. Shruti Shrivastava Mukherji,GENERAL_CLINIC,,Wright Town,"Mukherji Multi Speciality Hospital 1933, P G, near Prem Mandir, Wright Town, Jabalpur, Madhya Pradesh 482002",23.1650671,79.9250982,Wright Town,,,https://drmukherjipghospital.com/
144dd635-3c69-4193-bb4b-749b9f6a8993,Dr. Ankita Agrawal,GENERAL_CLINIC,,Gol Bazar Rd,"Gol Bazar Rd, in front of DN Jain College, Wright Town, Jabalpur, Madhya Pradesh 482002",23.1693056,79.9292239,Wright Town,097703 97436,agrawalankita2005@gmail.com,https://apnabusinesscard.com/Dr-Ankita-Agrawal
5f357ee2-709a-4d9b-9cef-7f9fc9a745bb,Mahi IVF and Test tube baby centre,PEDIATRIC_CLINIC,,Home Science College Rd,"172, punjabi Hindu lane, Home Science College Rd, Napier Town, Jabalpur, Madhya Pradesh 482002",23.1601357,79.9248303,Wright Town,096301 12111,,
302f1923-68c2-4c85-874e-423e8a7dbe6f,Dr. Chitra Jain,GENERAL_CLINIC,,Phatak Road,"Vijaya Memorial Clinic, 257, Phatak Road, Garha, Jabalpur, Madhya Pradesh 482002",23.1756426,79.9280983,Wright Town,070895 70896,swati.remedo@gmail.com,https://drchitrajain.getmy.clinic/?utm_source=gmb&utm_medium=web&utm_campaign=tu
b8aa9bc3-3cd8-4291-a981-0ec85051469b,"Dr.Shailja Gupta, Sakhii - Women's Wellness Haven",GYNECOLOGY_CLINIC,,Ukhri Rd,"Ukhri Rd, in front of Global Hospital, Tiraha, Sheetalpuri, Jabalpur, New Adaresh Colony, Madhya Pradesh 482002",23.1781387,79.9117866,Wright Town,089623 65676,shailjafaith18@gmail.com,https://jabalpurhelpline.com/dr-shailja-gupta-gynecologist
467d86c4-e4f2-42b1-949f-15542bc8eb2c,Mann Clinic,GENERAL_CLINIC,,Madan Mahal Railway Station Rd,"2386, Madan Mahal Railway Station Rd, Wright Town, Jabalpur, Madhya Pradesh 482002",23.1626841,79.9207467,Wright Town,,,
540bdf21-3d53-4b6f-b9e0-e2e3fe4201b5,Best Care Hospital,HOSPITAL,,Home Science College Rd,"1308, Home Science College Rd, Napier Town, Jabalpur, Madhya Pradesh 482002",23.1623609,79.925164,Wright Town,0761 403 3330,,
c2c265c8-b286-4c4b-b4b0-00d2cc0f8de8,Dr. Fanindra Singh Solanki,GENERAL_CLINIC,,Wright Town,"98/7, near Prem Mandir Jabalpur, Wright Town, Jabalpur, Madhya Pradesh 482002",23.1624269,79.9239106,Wright Town,099265 02222,fanindrasolanki@gmail.com,https://jabalpurhelpline.com/dr-fanindra-singh-solanki
20904b4e-46f0-4f96-a64d-38635ac08c2f,COSMO-GYNAEC LASER Centre,GYNECOLOGY_CLINIC,,Russel Chowk,"Ground floor, Russel Chowk, jabalpur hospital, Russel Chowk, Napier Town, Jabalpur, Madhya Pradesh 482001",23.162105,79.9362778,Wright Town,062647 60927,hi@wa.link,https://wa.link/zey5h4
1ebc8cf0-4782-4a03-8a3d-52e378042145,Dr. Aruna Phadnish,GENERAL_CLINIC,,Ima Hall Road,"Samadhan Hospital 1625, Ima Hall Road, Wright Town, Jabalpur, Madhya Pradesh 482002",23.1662965,79.9216231,Wright Town,,swati.remedo@gmail.com,https://drarunaphandis.getmy.clinic/?utm_source=gmb&utm_medium=web&utm_campaign=tu
50574667-9916-420f-8ca1-60a69316f020,Shri Mangalam Heath Care(Dr. Neena Shrivastava),GENERAL_CLINIC,,Home Science College Rd,"1298, Home Science College Rd, opp. Punjabi Hindu association, Napier Town, Jabalpur, Madhya Pradesh 482002",23.1598834,79.9247589,Wright Town,094251 50714,,
0ed2335d-9fef-4e19-8fd2-7e512cdd8a39,DR ANURADHA DANG - best gynaecologist surgeon,GYNECOLOGY_CLINIC,,230 adishankaracharya chowk,"SUVIDHA HOSPITAL, 230 adishankaracharya chowk, Nagpur Rd, Madan Mahal, Jabalpur, Madhya Pradesh 482002",23.153236,79.909224,Wright Town,093001 08236,,
37c62164-57e7-4de2-ad59-edac2ce8dab6,Dr. Rashmi Nema,GENERAL_CLINIC,,Gopal vihar market,"Clinic 1-Shop no 1, Gopal vihar market, Cherital clinic-2, in front of parijat building, beside kumbhare health Club, Damoh Naka, Trimurti Nagar, Jabalpur, Madhya Pradesh 482002",23.1923161,79.9247266,Wright Town,099816 30804,,
9884aa4e-633d-4085-8dc4-2fb3ddfa1181,Dr ROMA SUDIN NAG,GENERAL_CLINIC,,Shatabdipuram,"no11, Harbhoomi clinic Dr Roma Nag Plot No. 76T, Shatabdipuram, Scheme, Ukhri Rd, chowk, Vijay Nagar, Jabalpur, Madhya Pradesh 482002",23.1769173,79.9127104,Wright Town,094258 61998,rohit.dilbagi@gmail.com,https://jabalpurhelpline.com/dr-roma-s-nag-gynaec-surgeon
f1e78410-a9f4-4de6-9b44-f1b2ff391d47,Chaitanya Gynecology Care,GYNECOLOGY_CLINIC,,Napier Town Rd,"1509, Napier Town Rd, Napier Town, Jabalpur, Madhya Pradesh 482002",23.1612085,79.922131,Napier Town,,,
b359f272-d9cb-4466-9479-7570416deb83,Dr. Arvind Lele,GENERAL_CLINIC,,Napier Town,"1555, Napier Town, Jabalpur, Madhya Pradesh 482002",23.1612684,79.9248675,Napier Town,,,
65447e97-bf43-402b-932a-be615fd66876,Dr. Sonam Baharani,GENERAL_CLINIC,,Jabalpur Hospital to Shastri Bridge Rd,"5W6P+P6F, Jabalpur Hospital to Shastri Bridge Rd, Napier Town, Jabalpur, Madhya Pradesh 482001",23.1618196,79.9355321,Napier Town,090749 95244,,https://jabalpurhelpline.com/dr-sonam-baharani
0828b525-571b-4daa-9d03-52bd5343dcdd,Dr. Neelanjana Singhai Jain,GENERAL_CLINIC,,Chowk,"Namo Healthcare, Chowk, beside HDFC ATM, Shakti Nagar, Jabalpur, Madhya Pradesh 482001",23.1460393,79.9158321,Napier Town,092014 67391,neelanjana.singhai2@gmail.com,https://www.apnabusinesscard.com/Dr-Neelanjana-Singhai-Jain
91069586-4636-4d9c-bb47-09eaa4fd1f81,Dr.Kavita N Singh,GENERAL_CLINIC,,Nagpur Road,"Shop No 13, Sukh Sagar Complex, Opp Hotel Gulzar Tower, Nagpur Road, Jabalpur, Madhya Pradesh 482001",23.154953,79.9249822,Napier Town,074899 17074,,
90d36a99-80b2-468d-90a4-c257b1c496b5,Dr Gunjan Bhargava Sharma Best Maternal care,GENERAL_CLINIC,,Goonj Healthcare infront of LIC Nagpur road,"Goonj Healthcare infront of LIC Nagpur road, Ratan Nagar Rd, opposite Rohit Mobile shop, Jabalpur, Madhya Pradesh 482001",23.1520784,79.9105695,Madan Mahal,070185 89832,drgunjanbsharma1501@gmail.com,https://jabalpurhelpline.com/dr-gunjan-bhargava-sharma
e4ba03a8-f64b-4b5f-937a-47899763ba47,Dr. Katiyar- Endoscopy and Infertility Centre,ENT_CLINIC,,Ratan Nagar Rd,"Madan Mahal L.I.C, Ratan Nagar Rd, Jabalpur, Madhya Pradesh 482001",23.1522439,79.9095315,Madan Mahal,094253 23715,katiyar09dilip@gmail.com,http://jabalpurhelpline.com/dr-katiyar-maternity-endoscopy-and-infertility-centre
4c644984-06a9-4143-8d67-4817dbec44df,Madan Mahal Hospital,HOSPITAL,,Madan Mahal,"5W48+832, NH 12A, Madan Mahal, Jabalpur, Madhya Pradesh 482002",23.1557589,79.9151382,Madan Mahal,097133 52374,,
a0b34746-f32e-439e-95c0-e4304b55d8d5,Dr Nisha Sahu- Obstetrician-gynecologist in Jabalpur,GYNECOLOGY_CLINIC,,Madan Mahal Railway Station Rd,"Dr Nisha Sahu'S Clinic,Kothari Nursing Home, 4, Madan Mahal Railway Station Rd, Jabalpur, Madhya Pradesh 482002",23.1642191,79.9065909,Madan Mahal,089828 38578,drnishasahu@gmail.com,https://jabalpurhelpline.com/dr-nisha-sahu-senior-gynaecologist
5b47a39d-ab45-48d3-aaed-e485d325d747,Dr. Vineeta Ghanghoriya,GENERAL_CLINIC,,Chowk,"Gynocare women's Clinic, Shop No. 2 Bajnamath, Chowk, Shastri Nagar Rd, Tilwara Road, Jabalpur, Madhya Pradesh 482003",23.1400907,79.8809245,Madan Mahal,093402 28540,vineetaghanghoriya@gmail.com,https://jabalpurhelpline.com/dr-vineeta-ghanghoriya
257a8c32-1669-4164-b8a9-d00c928cbfab,Dr. Asha Namdeo,GENERAL_CLINIC,,Sanjeevani Nagar,"5W92+3CP Asha Namdeo Clinic, 196, in front of Vanvibhag Office, Sanjeevani Nagar, Jabalpur, Madhya Pradesh 482002",23.1677229,79.9010648,Madan Mahal,094251 51071,swati.remedo@gmail.com,https://drashanamdeo.getmy.clinic/?utm_source=gmb&utm_medium=web&utm_campaign=tu
7d385a6c-8e04-4965-9b49-ec97aa825e32,Ankur Fertility Clinic & IVF centre,GYNECOLOGY_CLINIC,,durga Colony,"durga Colony, 694, road, in front of royal secondary School, Mohan Vihar Colony, Sanjeevani Nagar, Jabalpur, Madhya Pradesh 482002",23.1651107,79.899657,Madan Mahal,098272 67464,ankurivfclinic@gmail.com,https://www.apnabusinesscard.com/Ankur-Fertility-Clinic-and-IVF-Centre
fc2097b0-9ae6-46f9-8408-89a712503e82,Dr.Snehal Patel - Patel Medicine & Gynae Clinic |Best Gynecologist | High Risk Pregnancy,GYNECOLOGY_CLINIC,,beside Housing Board Office,"HIG-15, beside Housing Board Office, near Hotel Jasuja, Jasuja City, Dhanvantari Nagar, Jabalpur, Madhya Pradesh 482003",23.1555949,79.8711973,Madan Mahal,090091 50622,harishsnehal1301@gmail.com,https://jabalpurhelpline.com/dr-snehal-patel-gynecologist
b9b9991e-4686-4a8f-ab6d-a897107508ce,Jabalpur Obstetrics Gynecological Society,GYNECOLOGY_CLINIC,,Nagpur Rd,"230, Suvidha Hospital, Nagpur Rd, Madan Mahal, Jabalpur, Madhya Pradesh 482003",23.1561023,79.8969818,Madan Mahal,094253 86788,jabalpur.fogsi@gmail.com,http://jabalpurobgynsociety.org/
6174a2c4-b4c0-4858-80fc-7eef9f9e5510,Dr. Roop lekha chauhan,GENERAL_CLINIC,,Rampur Chowk,"Rampur Chowk, Panch Sheel Nagar, Satyanand Vihar, Adarsh Nagar, Rampur, Jabalpur, Madhya Pradesh 482001",23.1404317,79.9258601,Madan Mahal,,,
9fcab4c1-9554-48fa-aca6-c165eb91b75f,Dr. Chitra Jain,GENERAL_CLINIC,,Fuhara Rd,"Fuhara Rd, Gupta Colony, Jabalpur, Madhya Pradesh 482002",23.1755712,79.9304786,Madan Mahal,,,
daa10b0d-1e78-47e9-889b-e8f5d161bdea,Dr Budhrani Sonography Centre & Child Clinic,IMAGING_CENTER,,road,"C/O Muskan Child Care Opposite Angarh Mahavir Mandir Chhoti line Phatak, road, Gorakhpur, Jabalpur, Madhya Pradesh 482001",23.1514752,79.9270282,Gorakhpur,077240 01460,,
3f8ccc74-3d29-4d52-9e99-8d02df401df1,Dr. Ankita Siddharth Singh,GENERAL_CLINIC,,Nagpur Rd,"Kavita N Singh Clinic Sukh Sagar Complex, Dr, Nagpur Rd, opposite Hotel Gulzar, Hathital, Jabalpur, Madhya Pradesh 482001",23.1548028,79.9250248,Gorakhpur,089894 41850,ankita.siddharth91@gmail.com,https://jabalpurhelpline.com/dr-ankita-siddharth-singh
b1663519-688f-48f8-8701-cb868d4ab960,Dr. Pallavi Sahai Adhartal - gynecologist in jabalpur | best gynecologist in jabalpur,GYNECOLOGY_CLINIC,,main road ashanagar,"Chitransh medical store, main road ashanagar, near adhartal, thana, Madhya Pradesh 482004",23.2024073,79.951936,Adhartal,078698 51083,contact@drpallavigynaecologist.com,https://drpallavigynecologist.com/
4ce40a2e-e51f-48e9-8476-635cca1c0b2b,Dr. Sangeeta singh Obstetrics and Gynaecologist in Jabalpur,GYNECOLOGY_CLINIC,,Jabalpur raddi chowki,"Naaz polyclinic, Jabalpur raddi chowki, Ganji Nagar, Adhartal, Jabalpur, Madhya Pradesh 482001",23.1941103,79.939185,Adhartal,088171 49893,drsangeetasinghjbp@gmail.com,https://jabalpurhelpline.com/dr-sangeeta-singh
cf2044f3-5393-44ff-abc8-dfb345c69262,Dr.priyanka gaur,GENERAL_CLINIC,,Amkhera Rd,"5WXR+H6C, Amkhera Rd, Ram Nagar, Bhumi Vikash Bank Colony, Adhartal, Jabalpur, Madhya Pradesh 482004",23.198942,79.9405073,Adhartal,,,
b18df895-79bf-4482-ac76-dbd0003bd59e,Dr. N Hussain,GENERAL_CLINIC,,Raddi Chowki,"Raddi Chowki, near khandelwal furniture, beside Alfa diagnostic, Ravindra Nagar, Adhartal, Jabalpur, Madhya Pradesh 482003",23.1990873,79.9474325,Adhartal,093027 89333,,https://jabalpurhelpline.com/dr-nazia-tabassum-gynecologist
b879bddc-d621-4fa1-9290-182b9b41b610,Dr. Chhavi Shrivastava Clinic,GENERAL_CLINIC,,Dwarka Nagar Ward,"HIG-7, opp. Canara Bank, near Sai Mandir, Dwarka Nagar Ward, Govindh Bhavan Colony, South Civil Lines, Jabalpur, Madhya Pradesh 482001",23.1622911,79.9621546,Adhartal,093004 11122,capri1201@gmail.com,https://jabalpurhelpline.com/dr-chhavi-bhatnagar-shrivastava-gynecologist
2f27ac2c-ee96-479a-878b-779d1fdb0ce0,Vimal Nursing Home Hospital,NURSING_HOME,,Main Road,"Main Road, Anand Nagar, Adhartal, Jabalpur, Madhya Pradesh 482004",23.1983664,79.9467217,Adhartal,088276 58526,,https://book-appointment.healthplix.com/dr-anil-agarwal-ent-anand-nagar-jabalpur
d1ba5129-7838-42c7-8806-a3d8228b6eb7,Ideal Fertility IVF and Genetic centre,GYNECOLOGY_CLINIC,,Railway Station Rd,"Railway Station Rd, beside golchha appartment, opposite Reliance Fresh, Panagar, South Civil Lines, Jabalpur, Madhya Pradesh 482001",23.1617422,79.9490963,Adhartal,074155 53333,info@idealfertility.com,http://www.idealfertility.com/
202bac3c-4bd3-4eef-bd4d-799e7dbfd503,Dhwani Fetal Medicine Centre,ENT_CLINIC,,Vijay Nagar,"Radhika Tower, in front of Shalby Hospital, Vijay Nagar, Jabalpur, Madhya Pradesh 482002",23.185428,79.9093341,Vijay Nagar,091795 60936,dhwanifetalmedicine2107@gmail.com,https://www.apnabusinesscard.com/Dhwani-Fetal-Medicine-Centre
d5f158af-cfdb-4879-aa74-94a50adb5d35,Dr Azra khan -Feminocare,GENERAL_CLINIC,,ukhari road,"Sai Complex, police station, 168, ukhari road, in front of Ukhri Road, Baldeobagh, Sarvodaya Nagar, Jabalpur, Madhya Pradesh 482002",23.179374,79.917961,Vijay Nagar,089897 66770,feminocarejbp@gmail.com,https://www.apnabusinesscard.com/Feminocare
e2a94549-a293-49a7-bf97-d82511c5a10e,Swastik Multispeciality Hospital,MULTISPECIALTY_HOSPITAL,,I Road,"5WW6+J57, I.T, I Road, in front of Interstate Bus Terminal, near Deendayal Chowk, Vijay Nagar, Jabalpur, Raksha, Madhya Pradesh 482002",23.1946498,79.9115484,Vijay Nagar,084618 84444,,https://swastik.hospital/
f839a17e-bce8-411e-a858-58bd1de4b92d,Dr. Rowena Walker (Gynecologist),GYNECOLOGY_CLINIC,,Ranjhi,"Pal Hospital, near Old Post Office, Ranjhi, Jabalpur, Madhya Pradesh 482005",23.2011681,80.0023745,Ranjhi,099810 40095,rowenawdaniel@gmail.com,http://jabalpurhelpline.com/dr-rowena-walker-gynec-surgeon
6b9edf0a-2c78-406c-bdb3-04c91a7f9264,DR REKHA MISHRA CLINIC,GENERAL_CLINIC,,Shop No 690622 Main Road Ranjhi,"Shop No 690622 Main Road Ranjhi, Ranjhi, Jabalpur, Madhya Pradesh 482005",23.1975784,80.0024729,Ranjhi,096854 76045,,
a481ad4f-6752-46b2-8e7c-e57d9a9165bc,Dr. Pradnya Amlan Harshey,GENERAL_CLINIC,,Garha Rd,"408, Garha Rd, Labour Chowk, Nove Adaresh Colony, Yadav Colony, Jabalpur, New Adaresh Colony, Madhya Pradesh 482002",23.1672923,79.9129818,Garha,096444 45237,swati.remedo@gmail.com,https://drpradnyaamlanharshey.getmy.clinic/?utm_source=gmb&utm_medium=web&utm_campaign=tu
2216994e-f5f9-47f6-ae7e-12e6692aa7e2,Dr. Geeta Guin,GENERAL_CLINIC,,Anjani Vihar Colony,"Anjani Vihar Colony, Nove Adaresh Colony, Sneh Nagar, Jabalpur, New Adaresh Colony, Madhya Pradesh 482002",23.1665737,79.9143032,Garha,,,
d8183233-e931-4f49-9e79-840bf9f7f085,Dr. Pragya Dhirawani Obstetrician-Gynecologist in Jabalpur,GYNECOLOGY_CLINIC,,Russel Chowk,"Hospital and Research centre, Russel Chowk, Napier Town, Jabalpur, Madhya Pradesh 482001",23.1631777,79.9368851,Garha,,swati.remedo@gmail.com,https://drpragya.getmy.clinic/?utm_source=gmb&utm_medium=web&utm_campaign=tu
6b6d7d11-1843-4bd0-a6f0-5f6ff25c872c,"Dr. Sneha Methwani's clinic (madan mehal chowk,jda complex)",GENERAL_CLINIC,,chowk,"Shop no 7, DM Medical Store, JDA Complex, chowk, Premnagar, Madan Mahal, Jabalpur, Madhya Pradesh 482001",23.1561497,79.9192264,Garha,,,
40e47808-b395-4f8f-8822-bf4b4795f245,Dr Indumati vishwakarma,GENERAL_CLINIC,,Garha,"Anand Kunj, tiraha, Garha, Jabalpur, Madhya Pradesh 482003",23.1614777,79.8993252,Garha,094247 05589,,
351b9697-ece8-4831-9332-907847b064a4,Dr. Kavita N Singh,GENERAL_CLINIC,,Sukh Nagar Complex,"Shop no. 4, Sukh Nagar Complex, near, Nagpur Rd, opposite Hotel Gulzar Tower, Medical Garha, Jabalpur, Madhya Pradesh 482003",23.1560281,79.8969725,Garha,,,
1a19bbda-8a43-4964-9310-c98e1108610a,Dr Namita Tiwari Clinic,GENERAL_CLINIC,,Nove Adaresh Colony,"5W97+5G4, Nove Adaresh Colony, Yadav Colony, Jabalpur, New Adaresh Colony, Madhya Pradesh 482002",23.1678896,79.9138398,Garha,076124 19040,,
5265f9c1-e81b-477a-9541-0835403b2792,Dr.Sobha Tiwari,GENERAL_CLINIC,,Madan Mahal,"4WW7+RWW, Madan Mahal, Jabalpur, Madhya Pradesh 482001",23.147119,79.9148177,Garha,,,
62e0b348-8746-4e98-a709-7a815b61cb78,Dr SD Menon,GENERAL_CLINIC,,Medical Garha,"4VXM+MGC, Medical Garha, Jabalpur, Madhya Pradesh 482003",23.1488478,79.8842117,Garha,,,
a2cdf51d-6a9e-4ec1-a14f-d9c3eee9aa53,"Jain Nursing Home( Dr.Arti Jain, Dr.Pushpendra Jain)",NURSING_HOME,,Jasuja City,"Jasuja City, Dhanvantari Nagar, Jabalpur, Madhya Pradesh 482003",23.1562042,79.8716763,Tilwara,098264 36512,drpkjain_2009@rediffmail.com,https://www.jainnursinghome.com/
e2a6b36e-a90f-4aea-a7b4-582116013ff7,Patel Medicine and Gyanic Clinic | Best General Medicine in Jabalpur | Best Gynecology Clinic in Jabalpur,GYNECOLOGY_CLINIC,,behind Housing Board Office,"behind Housing Board Office, near Jasuja Hotel, Jasuja City, Dhanvantari Nagar, Jabalpur, Madhya Pradesh 482003",23.1555899,79.8711975,Tilwara,095756 65356,,https://drsnehal.golocall.com/
c7658f27-9391-4b2a-81b7-932b6137585f,Lotus Fertility Obstetrics & Gyanecology Centre,ENT_CLINIC,,Rameshwaram Colony,"Rameshwaram Colony, vijay nagar Ekta chowk, MR 4 Road, Near Allahabad Bank Opp Petrol pump, Jabalpur, Madhya Pradesh 482002",23.1807839,79.9093827,Karmeta,094246 40191,,
3dc42d6c-2a8e-4a3a-9d52-3a12bb0997d0,Dr Ashish Raj,GENERAL_CLINIC,,OLD JAGDAMBA COLONY,"Plot No.83, RAJ PALACE, OLD JAGDAMBA COLONY, Vikas Nagar, Jabalpur, Raksha, Madhya Pradesh 482002",23.1847507,79.913548,Karmeta,094257 87000,,
a287f049-dca2-499f-bfe8-45764c242686,Care hospital,HOSPITAL,,MR-4 Rd,"E-71, MR-4 Rd, near NAV hospital, Shatabdipuram Phase 2, Jabalpur, New Adaresh Colony, Madhya Pradesh 482002",23.1779798,79.9103816,Karmeta,,,
34b7856d-49ad-40dd-b539-a93c60f65cc1,Medicare hospital,HOSPITAL,,Shatabdipuram Phase 1,"Shatabdipuram Phase 1, Jabalpur, New Adaresh Colony, Madhya Pradesh 482002",23.1780791,79.9117988,Karmeta,099937 09173,geetabajpai2021@gmail.com,https://www.apnabusinesscard.com/Medicare-Hospital
59025569-5180-4a9e-a325-70ceaca5b815,Pandey Clinic,GENERAL_CLINIC,,Shanti Nagar,"5WRH+J79, Shanti Nagar, Jabalpur, Madhya Pradesh 482002",23.1915383,79.9282292,Karmeta,098270 93208,,
2cda2731-8aed-4a52-9288-c2def5ae6e90,Nema Heart Hospital,HOSPITAL,,Road,"Opp. ISBT, Karmeta, Road, Deendayal Chowk, Vijay Nagar, Jabalpur, Madhya Pradesh 482002",23.1937108,79.9129832,Karmeta,076973 45555,drnemaclinic@gmail.com,http://jabalpurhelpline.com/nema-heart-hospital
fef504a3-121f-46e9-9421-dafbe06f28fc,Lady Elgin Hospital,HOSPITAL,,South Civil Lines,"South Civil Lines, Jabalpur, Madhya Pradesh 482001",23.1674631,79.949215,Civil Lines,,,
1f5818b7-5238-4775-bd1a-78039ed53c69,Women's Care Clinic Bilhari,GYNECOLOGY_CLINIC,,Karan Singh Market,"Karan Singh Market, Mandla - Jabalpur Rd, Bilhari, Jabalpur, Madhya Pradesh 482020",23.132827,79.9638139,Gwarighat,,,
172797ef-51a0-43ad-81f4-1c11f2daf3b5,Dr Gupta’s Uday Nursing Home,NURSING_HOME,,Ranital Chowk,"Gate No 2, Ranital Chowk, Wright Town, Jabalpur, Madhya Pradesh 482002",23.1691489,79.924166,Gwarighat,099263 26674,,
4c00587e-c7d6-4e33-8442-a5722b05e41b,Manjusha Nursing Home,NURSING_HOME,,Sadar Main Rd,"Kingsway, Sadar Main Rd, Cantt, Jabalpur, Madhya Pradesh 482001",23.1544517,79.9479983,Jabalpur Cantt,076126 20282,,
69c60385-5519-421b-9ea4-f3928e64fe0c,Maternity & Infertility Clinic,MATERNITY_HOSPITAL,,Mandla - Jabalpur Rd,"4XM7+5G7, Mandla - Jabalpur Rd, Bilhari, Jabalpur, Madhya Pradesh 482020",23.1329222,79.9637982,Rani Durgavati,,,
eb404664-2c61-41d9-a4a5-942c09c8963d,Dr Jyoti Rani Singh,GENERAL_CLINIC,,Prem Nagar,"5WMV+7MR, Prem Nagar, Jabalpur, Madhya Pradesh 482002",23.1832446,79.9441412,Rani Durgavati,,,
e7723145-13ad-49e9-aed8-bccdc7c06d29,Sahni medicose and Polyclinic,PHARMACY,,Ashok Nagar,"Jain sant niwas, Ashok Nagar, Anand Nagar, Adhartal, Jabalpur, Madhya Pradesh 482004",23.1977628,79.943584,Rani Durgavati,087705 42119,,
0bcf0ddd-3a28-44cb-9de5-d60f6de7a168,"Sai Sonography, Digital X-ray and Pathology Center",PATHOLOGY_LAB,,Garha Purwa Road,"Medical, HIG-91/92, Garha Purwa Road, Damohnaka, MP Housing Board Colony, Dhanvantari Nagar, Jabalpur, Madhya Pradesh 482003",23.1559315,79.8747976,Damohnaka,097521 98426,saisonographyjbp@gmail.com,https://jabalpurhelpline.com/sai-sonography-and-diagnostic-centre
0aab955c-44dd-4251-9b68-e90f972edf92,Dr. Amita Saxena (Saxena Sexcual Wellness Asthetic and Advanced Gynec Cente),GYNECOLOGY_CLINIC,,Krishna Hotel Road,"Shop No 1, Khushi Plaza, Krishna Hotel Road, Napier Town, Jabalpur, Madhya Pradesh 482001",23.1665091,79.9380397,Damohnaka,093001 08912,,
9c6749e4-c2ff-4828-acfb-b76e1de1f09b,Dr.Swati Women,GYNECOLOGY_CLINIC,,Vijay Nagar,"5WP6+95W, Vijay Nagar, Jabalpur, Raksha, Madhya Pradesh 482002",23.1859985,79.9104418,Kachnar City,,,
59d2d4ed-e60f-4513-b7e5-341d8e1857b0,Dr Shuchi Chaturvedi- Best Gynecologist|Vatsalya Women's Clinic & Sonography Centre|High Risk Pregnancy|Doctor| Infertility,IMAGING_CENTER,,Mandla - Jabalpur Rd,"Gaur Tiraha, Mandla - Jabalpur Rd, Jabalpur, Saliwada, Madhya Pradesh 482021",23.1069354,79.9898676,Tilhari,097707 77437,vatsalyaclinicjbp@gmail.com,https://vatsalyaclinic.website3.me/
a8bd7ea4-d1ea-43b8-8c48-0c6b4ab65642,Dr. Disha Paryani | Gynae | Obs | IUI,GYNECOLOGY_CLINIC,,Unknown,,,,Tilhari,,dishajp.23@gmail.com,https://www.dishawomencare.com/
60141fb4-ba51-4da0-a744-d0e51df74c61,Sutika Grih,GENERAL_CLINIC,,Wright Town,"Wright Town, Jabalpur, Madhya Pradesh 482002",23.1671968,79.9230207,Gohalpur,,info@sutikagruhajabalpur.com,https://www.sutikagruhajabalpur.com/
f37e333b-280a-4da8-929a-c562d41facd4,Dr. Pushpraj Patel,GENERAL_CLINIC,,Hotel Satya Ashoka Rd,"36, Shop No. 35, Patel Heart Clinic, opp, Hotel Satya Ashoka Rd, Wright Town, Jabalpur, Madhya Pradesh 482002",23.165237,79.9272533,Wright Town,,dr.pushprajpatel@gmail.com,https://www.apnabusinesscard.com/Patel-Heart-Clinic-and-Diagnostic-Centre
4e562dbe-e069-42fb-a3d5-d13d86317619,Dr Nitin Das | Best heart surgeon in jabalpur | Best heart doctor in jabalpur|Best Cardiologist in Jabalpur,CARDIOLOGY_CLINIC,,Home Science College Rd,"BEST CARE HOSPITAL, Home Science College Rd, Napier Town, Jabalpur, Madhya Pradesh 482002",23.1606358,79.9245285,Wright Town,,,https://drnitindas.in/
1f582950-373f-4a57-be9f-b7c9e85c3c68,Infinity Heart Institute,CARDIOLOGY_CLINIC,,2nd & 3rd Floor,"Dixit Pride,2nd & 3rd Floor, Near Taiyabali Petrol Pump, Napier Town, Jabalpur, Madhya Pradesh 482001",23.1658809,79.9390139,Wright Town,0761 403 2232,,
d73b0bd5-42f0-495d-8e9f-3cda536c5e7f,Dr. Raghuveer Patel,GENERAL_CLINIC,,Gole Bazar,"Gole Bazar, Wright Town, Jabalpur, Madhya Pradesh 482002",23.1705452,79.9283804,Wright Town,090749 95244,drraghuveerpjbp@gmail.com,http://jabalpurhelpline.com/dr-raghuveer-patel-interventional-cardiologist
448d3551-161c-4962-bd06-9b7296161804,"Dr. Anupam Shrivastava | Heart EECP Center | Cardiologist | Angiography | Doctor | Treatment in Jabalpur, Madhya Pradesh",CARDIOLOGY_CLINIC,,Vikas Bazar Civic Centre,"S-7, Vikas Bazar Civic Centre, Awadhpuri, Marhatal, Jabalpur, Madhya Pradesh 482002",23.1693129,79.9333602,Wright Town,083198 14149,,https://www.heartecp.com/eecp-treatment-jabalpur.aspx/
21de76e8-e549-418f-ad23-c3b65d06929c,Dr. Ahtesham Ahmed Ansari,GENERAL_CLINIC,,Wright Town,"Telegraph Gate, No. 2, 30, Juhi Plaza, Wright Town, Jabalpur, Madhya Pradesh 482002",23.1679217,79.9232182,Wright Town,084409 63050,dr.ahteshamansari440@gmail.com,http://jabalpurhelpline.com/dr-ahtesham-ahmed-ansari-interventional-cardiologist
c5a5c262-747a-4e20-8105-9d9bd71f20ea,Verma Heart Clinic,CARDIOLOGY_CLINIC,,Gole Bazar,"Flat No. 10, Ground Floor, Gangotri Apartment, behind HDFC Bank, Gole Bazar, Jabalpur, Madhya Pradesh 482002",23.1693766,79.9257383,Wright Town,098270 95097,kkvcardio@gmail.com,http://jabalpurhelpline.com/verma-heart-clinic-dr-k-k-verma
df9208a5-8f8b-4641-9546-4ea1278fa9a2,Dr. Akhilesh Dubey,GENERAL_CLINIC,,Nagpur Rd,"Nagpur Rd, Premnagar, Hathital, Jabalpur, Madhya Pradesh 482001",23.1563629,79.9198177,Wright Town,,drakhileshdubey99@gmail.com,https://www.apnabusinesscard.com/Prime-Heart-Clinic
b4b6d8a3-fc93-40a2-b6b8-64957e4731d5,Heart Care,CARDIOLOGY_CLINIC,,Marhatal,"Civic Cnter, in front of Anjuman School, Marhatal, Jabalpur, Madhya Pradesh 482002",23.1695316,79.933257,Wright Town,0761 403 3117,,http://heartcare.co.in/
d89a23c4-3233-43ad-a31c-4226acf8db1c,Niramay heart centre,CARDIOLOGY_CLINIC,,State Bank Colony,"State Bank Colony, Gorakhpur, Jabalpur, Madhya Pradesh 482001",23.1498125,79.9249375,Wright Town,087700 68442,,
355bbe9f-fd43-430a-88bf-bf99e622915f,Anshu Heart & Hormone Superspeciality Clinic & Diagnostic Centre,SUPERSPECIALTY_HOSPITAL,,Wright Town,"Telegraph Gate, no 2, 30, Juhi Plaza, Wright Town, Jabalpur, Madhya Pradesh 482002",23.1683139,79.9239223,Wright Town,090987 24021,,
b022ddcb-0b47-49a0-a924-e64878437d5a,Dr. Amal Kanti Sen,GENERAL_CLINIC,,Home Science College Rd,"1484, Home Science College Rd, in front of Madan Mahal Police Station, Napier Town, Jabalpur, Madhya Pradesh 482002",23.1615846,79.9211339,Wright Town,098493 38476,amalkanti.sen52@gmail.com,http://jabalpurhelpline.com/dr-amal-kanti-sen-interventional-cardiologist
51c1a758-957a-4fbb-81e5-d3fe9c4b9844,Dr.Sanjay K.Nema,GENERAL_CLINIC,,Anand Colony Road,"5WJC+R8G, Anand Colony Road, Sarvodaya Nagar, Jabalpur, Madhya Pradesh 482002",23.182073,79.9208405,Wright Town,,,
59a0f9ed-8932-46be-a2d6-11e68e0225bd,Dr. Umesh Agrawal,GENERAL_CLINIC,,Chowk,"5W49+HQG, opposite AMUL/HALDIRAM SHOP Madan Mahal, Chowk, Madhya Pradesh 482001",23.1564397,79.9194673,Napier Town,091791 21231,agrawalumesh@yahoo.com,https://jabalpurhelpline.com/dr-umesh-agrawal-cardiac-clinic
a4a89ea1-b88d-4290-97e6-3eadaa6fdbec,"Madhavbaug – Ayurvedic Cardiac Care Clinic (Napier Town, Jabalpur, Madhya Pradesh)",AYURVEDA_CLINIC,,in front of Bhawartal Garden,"Arjun complex, G-2, in front of Bhawartal Garden, Napier Town, Jabalpur, Madhya Pradesh 482001",23.1610536,79.9321535,Napier Town,082510 25719,info@madhavbaug.org,https://madhavbaug.org/clinic/napier-town-jabalpur/?utm_source=gmb&utm_medium=organic&utm_campaign=napier_town_jabalpur
032f288f-47ec-4f82-b658-76a4ef281540,"Dr. Arpana Soni (Diabetes, Thyroid & Hormonal Diseases Specialist)",GENERAL_CLINIC,,Wright Town,"Juhi Plaza, 30, Telegraph Gate No. 2, in front of Hanuman Mandir Gali, Wright Town, Jabalpur, Madhya Pradesh 482002",23.1681473,79.9234592,Napier Town,090987 24021,drarpanasoni@gmail.com,http://jabalpurhelpline.com/dr-arpana-soni-endocrinologist
93f3781e-409d-4952-b367-a69b0e11a516,Dr. Rishi Dawar,GENERAL_CLINIC,,Nagpur Rd,"Gali Beside The Royal Palms, Fly Over Poll, 88, Nagpur Rd, Madan Mahal, Jabalpur, Madhya Pradesh 482001",23.1554798,79.9159187,Madan Mahal,080855 54169,dawarrishi88@gmail.com,https://jabalpurhelpline.com/dr-rishi-dawar-chest-sleep-and-critical-care-clinic
bef0c482-aff1-4b17-b1a5-b502ca83c1a6,Dr Suhel Siddiqui,GENERAL_CLINIC,,Yashwar Nagar,"5WQ2+33X, Yashwar Nagar, Kanchan Vihar, Vijay Nagar, Raksha, Madhya Pradesh 482002",23.1877338,79.9002234,Madan Mahal,094246 80834,drsuhelsiddiqui@gmail.com,https://jabalpurhelpline.com/dr-suhel-siddiqui-interventional-cardiologist
e548ac3e-b62b-4e26-a853-9104de41ef47,"Dr. Puneet Bhalla - Diabetologist, Clinical Cardiologist and General Physician in Jabalpur",CARDIOLOGY_CLINIC,,Gorakhpur Bazar main road,"bhalla pathology centre, 1361, Gorakhpur Bazar main road, Gorakhpur, Jabalpur, Madhya Pradesh 482001",23.1530571,79.9315279,Gorakhpur,,,
e8e40623-c36f-4820-897b-49f4affb83a9,SAAOL Heart Center Jabalpur – EECP Treatment - Dr. Bimal Chhajer,CARDIOLOGY_CLINIC,,Deendayal Chowk,"in front of ISBT Bus Stand, Deendayal Chowk, Jabalpur, Madhya Pradesh 482002",23.1967681,79.9175151,Adhartal,098938 69305,info@saaol.com,https://saaol.com/all-centers-location/madhya-pradesh/jabalpur
55051212-0b23-4793-a7a5-0c8d02d94199,"Dr. Deepak Natarajan - Interventional Cardiologist, Apollo JBP Hospitals, Jabalpur",HOSPITAL,,Patan Rd,"Global Square, Patan Rd, Karmeta, Jabalpur, Madhya Pradesh 482002",23.1998531,79.8840381,Adhartal,,,https://apollojbphospitals.com/doctor/interventional-cardiologist-jabalpur/
de545ca8-32ed-4cc9-98c6-4f5498f10d05,Redcliffe Labs - Collection Centre | Full Body Check Up & Blood Test in Ranjhi,PATHOLOGY_LAB,,Masana Chowk,"No 1455, Ranjhi, Masana Chowk, near Jain Mandir, Bengali Colony, Jabalpur, Madhya Pradesh 482011",23.201481,80.001535,Ranjhi,079 6928 5639,uscare@redcliffelabs.com,https://redcliffelabs.com/centre/redcliffe-labs-collection-center-redcliffe-collection-centre-ranjhi-diagnostic-centre-ranjhi-jabalpur-320511
61517d54-19c0-4f96-bb9d-86e4b0a713ce,𝗚𝗹𝗼𝗯𝗮𝗹 𝗛𝗼𝘀𝗽𝗶𝘁𝗮𝗹 𝗔𝗻𝗱 𝗨𝗿𝗼𝗹𝗼𝗴𝘆 𝗖𝗲𝗻𝘁𝗿𝗲,GENERAL_CLINIC,,Ukhri Rd,"Plot No 7-8, Ukhri Rd, Phase 1, Shatabdipuram Phase 1, Jabalpur, New Adaresh Colony, Madhya Pradesh 482002",23.1780729,79.912008,Ranjhi,076126 88589 ext. 4015353,globalhospitalurology@gmail.com,http://globalurologyhospital.com/
2b1290f6-c2cb-4be2-834f-fa24a963703b,NAMOHRIDAYAM HEART CARE,CARDIOLOGY_CLINIC,,Gau Mata Chowk,"Gate No. 3, Gau Mata Chowk, First Floor, at, Mahakaushal Hospital Rd, opp. Nehru Stadium, Wright Town, Jabalpur, Madhya Pradesh 482002",23.1644192,79.9256719,Garha,,,
54fed607-acf1-4a76-8cc2-125cdc2c3214,Dr. Amit Kinare,GENERAL_CLINIC,,Wright Town,"Samadhan Hospital, Wright Town, Jabalpur, Madhya Pradesh 482002",23.1682882,79.9237253,Garha,,,
78f6e5fe-4caa-4bc8-ad54-69ffa85c54a0,Hridyam Heart Care Center,CARDIOLOGY_CLINIC,,Home Science College Rd,"infront of Microland Computers, Home Science College Rd, near Ashish Hospital, Napier Town, Jabalpur, Madhya Pradesh 482002",23.1606359,79.9245285,Garha,,,
69be5f8a-4370-46df-9cc8-74d938ff0498,Grover heart and Diabetes clinic,CARDIOLOGY_CLINIC,,Wright town,"Wright town, 3, Madan Mahal Railway Station Rd, near gate no, Jabalpur, Madhya Pradesh 482002",23.1658571,79.9228538,Garha,,,
b9390323-a42b-48d0-a56b-09843f508b82,Dr. Vikas Mishra,GENERAL_CLINIC,,Doctors Colony,"4VXH+J9H, Doctors Colony, Medical College Colony, Jabalpur, Madhya Pradesh 482003",23.1491496,79.8779122,Gwarighat,,,
a961a7d8-2756-490a-adb7-1333b79e6aff,"Dr Shishir Soni, MD, DM (Cardio)",CARDIOLOGY_CLINIC,,Doctors Colony,"4VXH+J9H, Doctors Colony, Medical College Colony, Jabalpur, Madhya Pradesh 482003",23.1491327,79.8779152,Gwarighat,,,
c2ba4354-6be8-4cd2-bc6c-04f25d0a34ae,Dr. VIKAS MISHRA,GENERAL_CLINIC,,Jabalpur,"Superspeciality hospital, NSCB MEDICAL COLLEGE MEDICAL COLLEGE, Jabalpur, Khulri, Madhya Pradesh 482003",23.1001799,79.7905049,Gangasagar,,,
258b0ed0-8cbb-479f-915d-1b5bc79c27e4,Dr. LN Sharma डॉ एल एन शर्मा (Neuro Physician/neurologist). Brain spine specialist.,ORTHOPEDIC_CLINIC,,Home Science College Rd,"police station, Near madan mahal, Home Science College Rd, opposite H P petrol pump, Napier Town, Jabalpur, Madhya Pradesh 482002",23.161497,79.9216392,Wright Town,096693 32425,dr.lnsharma29@gmail.com,https://jabalpurhelpline.com/dr-sharma-neuro-clinic
e67256a7-730b-4221-99d5-23990ce8fb69,Dr. Zakir Hussain,GENERAL_CLINIC,,near Bhavartal Garden Road,"825/8, beside Spandan Polyclinic, near Bhavartal Garden Road, Napier Town, Jabalpur, Madhya Pradesh 482002",23.160155,79.9323603,Wright Town,062609 58092,,https://jabalpurhelpline.com/dr-zakir-hussain-neurologist
2ec25a56-3c69-4cb2-b71e-484c1366df34,Dr Anumiti Jain - Neurophysician | Headache Specialist | Epilepsy Specialist | Best Neurologist in Jabalpur,NEUROLOGY_CLINIC,,Napier Town,"Chai square, Home science college, Punjabi Hindu association lane, near Royal Gym, Napier Town, Jabalpur, Madhya Pradesh 482002",23.1600339,79.9247107,Wright Town,088899 59990,dranumiti@gmail.com,http://jabalpurhelpline.com/dr-anumiti-jain-neurologist
b722a944-fb87-4bb2-bc77-448fc2919bd3,Dr. Pawan Soni (Neurologist),NEUROLOGY_CLINIC,,Wright Town,"NAVJEEVAN CLINIC, HOUSE NO, 2435, near GATE NO 4, Wright Town, Jabalpur, Madhya Pradesh 482002",23.1635945,79.9212058,Wright Town,072249 77224,drpawan.soni@gmail.com,https://jabalpurhelpline.com/dr-pawan-soni-neurologist
051cb4cb-7980-4a7d-868e-c7ea1e094409,Dr. Akhilesh Shroti (Interventional Neurologist),NEUROLOGY_CLINIC,,Gaumata Chowk,"Sanjeevni Superspeciaity Clinic, Gaumata Chowk, Wright Town, Jabalpur, Madhya Pradesh 482002",23.1654239,79.9261316,Wright Town,070004 22341,akhishroti@gmail.com,https://apnabusinesscard.com/Dr-Akhilesh-Shroti-%28Interventional-Neurologist%29
8a58a2a7-ff2e-49bb-a302-ed7e277ee05d,"Dr Rajeev Nayak, Neurologist",NEUROLOGY_CLINIC,,Ranital Chowk,"Ranital Chowk, near Subhash Medical store, Patrakar Colony, Yadav Colony, Jabalpur, Madhya Pradesh 482002",23.1704908,79.9237342,Wright Town,078690 91938,,
b6f22687-cccd-4f40-a36f-848193e0009b,Dr. Sudhanshu Agrawal,GENERAL_CLINIC,,Napier Town,"1352, Best superspeciality Hospital, Napier Town, Jabalpur, Madhya Pradesh 482002",23.1603012,79.9228993,Wright Town,099778 56006,sudhanshu.mgmc@gmail.com,https://jabalpurhelpline.com/dr-sudhanshu-agrawal-neurosurgeon
9d16e927-74f4-48c9-ac2c-7ca3c73b6a6d,Dr. Prashant Singh Kushwaha,GENERAL_CLINIC,,Near Gaumata Chowk,"1494, Near Gaumata Chowk, Wright Town, Jabalpur, Madhya Pradesh 482002",23.1656253,79.9261858,Wright Town,078790 16203,drkushprashant@gmail.com,http://jabalpurhelpline.com/dr-prashant-kushwaha-neuro-and-spine-clinic
d766b6b2-0708-4b6b-bfa9-4204fee3cca9,Dr. Shrajas Suneri,GENERAL_CLINIC,,Home Science College Rd,"Best superspeciality hospital, 1352, Home Science College Rd, Napier Town, Jabalpur, Madhya Pradesh 482001",23.1604128,79.9231835,Wright Town,086688 34974,shrajass@gmail.com,https://www.apnabusinesscard.com/Dr-Shrajas-Suneri
535d9631-2953-43e2-8fcb-a476cfeea57a,Dr. M. S. Johri ( Senior Neurophysician),NEUROLOGY_CLINIC,,Gomata chowk,"1177, next to Bank of Baroda, Gomata chowk, Wright Town, Jabalpur, Madhya Pradesh 482002",23.1653059,79.9260576,Wright Town,098270 56242,satyaguru2011@gmail.com,https://jabalpurhelpline.com/dr-m-s-johri-neuro-physician
8527e281-6851-416b-bfd0-7bd821fbd359,Dr.L.N. sharma,GENERAL_CLINIC,,Madan Mahal,"6, Madan Mahal, Jabalpur, Madhya Pradesh 482002",23.161483,79.9216271,Wright Town,,,
3dd2178a-a002-4e34-a4f0-799a91497115,Dr. S. K. Sherekar ( Brain and Spine surgeon),ORTHOPEDIC_CLINIC,,Napier Town,"2095, opp. Tayabali petrol pump, Napier Town, Jabalpur, Madhya Pradesh 482001",23.1656435,79.939883,Wright Town,094247 04764,,
189b7a6c-e70b-4fef-911c-1218e4e11d1a,Dr Mukesh Sharma,GENERAL_CLINIC,,Home Science College Rd,"Best Super specialty hospital, 1352, Home Science College Rd, near Ashish Hospital, Napier Town, Jabalpur, Madhya Pradesh 482002",23.1604128,79.9231835,Wright Town,079059 97173,drmukesh25@gmail.com,https://jabalpurhelpline.com/dr-mukesh-sharma-neurosurgeon
f0ec2e9c-b8bb-4254-8e4a-8389c8503b43,Brain EEG Centre,NEUROLOGY_CLINIC,,Market,"Pandit Ravishankar Shukla Stadium, Market, near Ashoka Hotel, Wright Town, Jabalpur, Madhya Pradesh 482002",23.1646012,79.9271405,Wright Town,0761 401 0935,,
e0cac29d-69e3-4469-810e-23c8d3f098fa,Dr Yatin Kher ( Dr Kher's Dental and Neurosurgery Clinic),DENTAL_CLINIC,,Dixitpura Rd,"Clinic 541, Behind Mannulal Trust Hospital, Raja Sagar Marg, Dixitpura Rd, Jabalpur, Madhya Pradesh 482002",23.179293,79.9325606,Wright Town,,,
65236cbb-1d94-4626-b27d-60ceebcb9564,"Dr. Lajpat Rai Mehra Neurotherapy Center, Jabalpur (Keshav Prasad- Neurotherapist)",NEUROLOGY_CLINIC,,Sneh Nagar Rd,"Shristi Duplex, Near Gate, 4, Sneh Nagar Rd, next to Sai Mandir Gate, Sneh Nagar, Jabalpur, Madhya Pradesh 482002",23.164617,79.9182533,Wright Town,088392 62170,kplmnt@gmail.com,http://www.jabalpurhelpline.com/dr-lajpat-rai-mehras-neurotherapy-centre
a31a7d73-c85a-48ec-98d0-a1577f506745,Dr Swapnil Agrawal-Mind Clinic,GENERAL_CLINIC,,Home Science College Rd,"Home Science College Rd, in front of Best Care hospital, Napier Town, Jabalpur, Madhya Pradesh 482002",23.1606111,79.9248281,Wright Town,076111 51110,dr.swapnil@yahoo.co.in,https://jabalpurhelpline.com/mind-clinic-dr-swapnil-agrawal
c070317f-984e-44e2-aac6-233f468ce683,Abhipraya Neuropathic Clinic,NEUROLOGY_CLINIC,,Subhash Market,"Subhash Market, Kotwali, Jabalpur, Madhya Pradesh 482002",23.181127,79.934834,Wright Town,0761 407 2222,,
1ff80f24-55d8-4aa7-b68e-8361e6cdfeeb,Johri Hospital,HOSPITAL,,Wright Town,"Wright Town, Jabalpur, Madhya Pradesh 482002",23.1660841,79.9258982,Wright Town,098270 56242,,http://www.johrihospital.com/
c64e4e8d-d6e6-4bfd-bd1d-6c3209a76b87,Gastro Neuro Clinic,NEUROLOGY_CLINIC,,Madan Mahal Railway Station Rd,"5W8F+M34, Madan Mahal Railway Station Rd, Wright Town, Jabalpur, Madhya Pradesh 482002",23.1666206,79.9226417,Wright Town,,,
96c079f8-da2d-4ef0-b896-65276cfba815,Dr Vijay Parihar,GENERAL_CLINIC,,Gol Bazar Rd,"5W9F+JVQ, Gol Bazar Rd, Wright Town, Jabalpur, Madhya Pradesh 482002",23.1690805,79.9247205,Wright Town,,,
cb754e46-9ceb-4bb8-8d0e-cb5d93714c9d,Vihaan Rehabilation Centre,PHYSIOTHERAPY_CENTER,,Wright Town,"2226, Wright Town, Prabhat Pul, Jabalpur, Madhya Pradesh 482002",23.1621252,79.9251395,Wright Town,0761 408 5330,tpcrc@yahoo.com,https://jabalpurhelpline.com/vihaan-rehabilitation-centre
7d0e5efd-d6e1-4e03-a594-710a0b9e9be5,Neuro EEG Centre Wright Town,NEUROLOGY_CLINIC,,Market,"Pandit Ravishankar Shukla Stadium, Market, near Ashoka Hotel, Wright Town, Jabalpur, Madhya Pradesh 482002",23.1652931,79.927063,Napier Town,087707 72994,neuroeegcentre@gmail.com,https://apnabusinesscard.com/Neuro-EEG-Centre
627a875b-1fe4-45c2-a27f-c5ca734a6727,PRAHMAYA Chest,GENERAL_CLINIC,,Madan Mahal Station Road,"Near Telegraph Gate No. 4 Square, Madan Mahal Station Road, Wright Town, Jabalpur, Madhya Pradesh 482002",23.1668193,79.9264725,Madan Mahal,078690 10722,prahmayaclinic@gmail.com,http://www.jabalpurhelpline.com/prahmaya-chest-sleep-and-allergy-research-centre
fd5d910f-a7a3-475c-bede-a816f0521d65,Dr. Nilima Chincholikar (Pain Clinic),GENERAL_CLINIC,,Madan Mahal Railway Station Rd,"Prime Medicose, No.2, Madan Mahal Railway Station Rd, near Old Sutika Grih Telecom Gate, Wright Town, Jabalpur, Madhya Pradesh 482002",23.1677267,79.9232038,Madan Mahal,,nilima.chincholikar@gmail.com,http://jabalpurhelpline.com/dr-nilima-chincholikar-pain-clinic
d3fd530f-e10a-4151-a9b0-a6f59db662d8,Dr. Sanket Bhatia Physiotherapy Centre,PHYSIOTHERAPY_CENTER,,Gwarighat Rd,"Durga Mandir, Gwarighat Rd, near Gorakhpur Police Station, Jabalpur, Madhya Pradesh 482001",23.149977,79.9276204,Gorakhpur,097533 51265,bhatiasanketkumar@gmail.com,https://jabalpurhelpline.com/jabalpur-physiotheray-and-pain-clinic
16b493c9-ced2-4776-9867-20c11c35647e,Paahi physiotherapy clinic,PHYSIOTHERAPY_CENTER,,Gorakhpur Main Rd,"Gorakhpur Main Rd, opposite maharishi school, Ratan Colony, Gorakhpur, Jabalpur, Madhya Pradesh 482001",23.1470169,79.9270357,Gorakhpur,079870 63106,,
eff5cc78-5897-4097-a57e-fb2a12e346d8,Neuro EEG Centre,NEUROLOGY_CLINIC,,Unknown,,23.1756951,79.9687529,Gorakhpur,,,
7b52a01b-765a-435f-90a9-9117ad50a549,Dr S K Sherekar,GENERAL_CLINIC,,Vijay Nagar,"Shalby Hospital, Vijay Nagar, Jabalpur, Raksha, Madhya Pradesh 482002",23.1853361,79.908985,Adhartal,,,
36d19124-318a-4368-99a1-e943013dedcd,Tanishka physiotherapy centre,PHYSIOTHERAPY_CENTER,,Pushpak Nagar,"near bada sai mandir, Pushpak Nagar, Adhartal, Jabalpur, Madhya Pradesh 482004",23.2043239,79.9409555,Adhartal,098274 42024,,
6161ebbf-5a33-4e6d-b0b7-22ea1b35a5a6,Al-sunnah hijama & Physiotherapy clinic,PHYSIOTHERAPY_CENTER,,Truecare-sanjivan hospital road,"291, Truecare-sanjivan hospital road, near by Raddi Chowki, Bhumi Vikash Bank Colony, Adhartal, Jabalpur, Madhya Pradesh 482004",23.1954897,79.9395774,Adhartal,070001 83281,,https://alsunnah-hijama.grexa.site/
d82701aa-54b8-477a-b262-0b6085a50d0b,Prime physio and neuro rehabilitation home care(Dr.Abhishek Rai),PHYSIOTHERAPY_CENTER,,chowk,"chowk, Kanchan Vihar, Vijay Nagar, ghadi, Jabalpur, Madhya Pradesh 482002",23.1913872,79.9076119,Adhartal,070001 26905,,
08a84350-4ba9-40c3-8ef3-9c0d4bbc7c71,"Duocare Physiotherapy and Neuro Rehabilitation Jabalpur,best physiotherapy centre in shivnager vijaynagar jabalpur,",PHYSIOTHERAPY_CENTER,,Shiv Nagar Main Rd,"H, 755, Shiv Nagar Main Rd, near Vatsala Paradise, Vijay Nagar, Jabalpur, Madhya Pradesh 482002",23.1869484,79.9187433,Vijay Nagar,098261 68465,sanjaysingh98261@gmail.com,https://apnabusinesscard.com/DUOCARE
07ce97e1-fb9a-47b0-83d4-cee73489a503,Neurotherapy Center Vijaynagar jabalpur,NEUROLOGY_CLINIC,,Vikash Nagar,"P-3, Vikash Nagar, behind Krishi Upaj Mandi Gali, near Vatsala Paradise, Vijay Nagar, Jabalpur, Madhya Pradesh 482002",23.18622,79.916656,Vijay Nagar,090229 97346,mahendrasaiyam1989@gmail.com,https://jabalpurhelpline.com/neurotherapy-center-vijaynagar
57f5fa78-5008-4fdd-8334-935fac6b6980,𝗣𝗵𝘆𝘀𝗶𝗼 𝗖𝗹𝗶𝗻𝗶𝗰,GENERAL_CLINIC,,Krishi Upaj Mandi Market Vikash Nagar,"D-3, Krishi Upaj Mandi Market Vikash Nagar, Road, Vijay Nagar, Jabalpur, Madhya Pradesh 482002",23.1871093,79.9162969,Vijay Nagar,091315 56308,physioclinicjbp@gmail.com,https://jabalpurhelpline.com/physio-clinic-dr-niyati-patel
89129466-d77d-4473-914a-1eb7b5150ea8,Dr. Vijay Parihar,GENERAL_CLINIC,,ICICI-Atm,"Health Care Centre, 971, Besides Hanuman Mandir, ICICI-Atm, Ranital, Madhya Pradesh 482002",23.2103329,79.8856824,Vijay Nagar,099931 99993,,
096429a0-18eb-42e4-8962-fcf7ec44558b,Neurotherapy Health Center Ranjhi(mahendra saiyam Neurotherapist Mumbai ),NEUROLOGY_CLINIC,,Ranjhi Mohaniya Rd,"Front of fitflex & chill gym, Ranjhi Mohaniya Rd, near kumar store, near Mastana timber, JDA Colony, Jabalpur, Madhya Pradesh 482005",23.2037617,80.005303,Ranjhi,090229 97346,mahendrasaiyam1989@gmail.com,https://apnabusinesscard.com/Neurotherapy-Health-Centre
87348bd6-850e-4b2e-8623-b89f6541e79b,"Rainbow pathology center,RANJHI",PATHOLOGY_LAB,,Khamaria,"6232+HPF, Ranjhi, Khamaria, Jabalpur, Madhya Pradesh 482005",23.2039415,80.0018022,Ranjhi,,rainbowpathologyranjhi@gmail.com,https://jabalpurhelpline.com/rainbow-pathology-center-ranjhi
4c498b15-d9f9-4997-af7a-64c3c19c1a7f,Kapil Soni,GENERAL_CLINIC,,Mujabar Mohalla,"5W52+H4C, Mujabar Mohalla, Garha, Jabalpur, Madhya Pradesh 482003",23.1589262,79.900262,Garha,,,
e111a0a1-d98e-4012-85de-31a5f1bb7924,HealthCity MultiSpeciality Hospital Jabalpur,MULTISPECIALTY_HOSPITAL,,Katangi Rd,"6VCW+VH9, Katangi Rd, Karmeta, Jabalpur, Nandni Ronsara, near Katangi Bypass, Turn, Kathoda, Jabalpur, Madhya Pradesh 482002",23.2221875,79.8964375,Karmeta,079995 95564,,
c5e93431-6cfd-429f-9e41-3d451e88b38f,Dr Tamrakar Pathology,PATHOLOGY_LAB,,MR-4 Rd,"SBI Service Lane, Bhavishya Nidhi Bhavan, Near, MR-4 Rd, Vijay Nagar, Jabalpur, Raksha, Madhya Pradesh 482002",23.1905647,79.9133665,Karmeta,091791 72665,tamrakarpathology@gmail.com,https://jabalpurhelpline.com/dr-tamrakar-pathology
5df340b3-1345-4310-9f99-d65bbd42e833,Shakti Nagar Jabalpur,GENERAL_CLINIC,,Shakti Bhawan Rd,"554, Shakti Bhawan Rd, Sainik Society, Rampur, Jabalpur, Madhya Pradesh 482001",23.1446247,79.9048111,Shakti Nagar,,,
b1bf30e8-aa45-4414-bbb2-33373f939355,Dr. Arvendra Sen,GENERAL_CLINIC,,Govindh Bhavan Colony,"Govindh Bhavan Colony, Eco Green City, Jabalpur, Madhya Pradesh 482001",23.1630184,79.9595272,South Civil Lines,,,https://book-appointment.healthplix.com/dr-arvendra-sen-physiotheraphy-govindh-bhavan-colony-jabalpur
5dc6f3c3-db2d-4681-8c3c-205f4a1d70e3,Gole Bazar,GENERAL_CLINIC,,Unknown,,23.1708138,79.9304742,Gol Bazar,,,
98672aa3-fac6-40f9-9090-b6bd368bcd65,Sadgun Brain Academy,NEUROLOGY_CLINIC,,Russel Chowk,"Silver Oak Compound, 1837/38, Russel Chowk, Napier Town, Jabalpur, Madhya Pradesh 482001",23.1631774,79.9367109,Gol Bazar,091319 01099,,
d0c3301d-4045-4d84-b12c-1eea44f62185,JABALPUR PHYSIO & HOME HEALTH CARE,PHYSIOTHERAPY_CENTER,,BeoharBagh,"KJ Memorial Hospital, BeoharBagh, Jabalpur, Madhya Pradesh 482001",23.1737497,79.9468922,Gol Bazar,089650 70072,,http://www.jbpdubey.com/
78095ef7-8717-4e88-a37a-e57f087a8f32,Purnayu Physiotherapy and Rehabilitation Center Jabalpur,PHYSIOTHERAPY_CENTER,,South miloniganj,"Near aalif beg masjid, 738, South miloniganj, in front of vishwas clinic, Damoh Naka, Jabalpur, Madhya Pradesh 482002",23.1853906,79.9355715,Damohnaka,094070 59562,sourabhpatel533@gmail.com,https://purnayuphysiotherapyandrehabilitationcenter.com/
7cac87db-e71d-4c74-822a-3ed04ac93208,New Hope Clinic (Speech - Language & Hearing disorders),GENERAL_CLINIC,,F-4 Doctor's Colony,"F-4 Doctor's Colony, Madhya Pradesh 482003",23.1549052,79.8786475,Shastri Nagar,083193 26084,pinkiaslp53@gmail.com,https://jabalpurhelpline.com/speech-and-language-disorders-clinic
96e71e80-7fff-44b7-9464-4bce58b07ad8,Frontier ENT Hospital,HOSPITAL,,in front of Hotel Satya Ashoka Road,"1492, in front of Hotel Satya Ashoka Road, Wright Town, Jabalpur, Madhya Pradesh 482002",23.1659197,79.9271407,Wright Town,,,
f4f55afa-fc39-4ce8-b0e1-c9dbb3dc1d24,Dr. Anirudh Shukla,GENERAL_CLINIC,,Napier Town,"Dr. I. C, Shukla Marg, near Ashish Hospital, Napier Town, Jabalpur, Madhya Pradesh 482002",23.1606042,79.9232417,Wright Town,062650 57891,dr.anirudh.shukla@gmail.com,http://jabalpurhelpline.com/dr-anirudh-shukla-ent-specialist
98c1fa54-d480-48dd-9902-c3efaca89592,Dr. S.S.RAY ENT Hospital,HOSPITAL,,Napier Town,"Napier Town, Jabalpur, Madhya Pradesh 482001",23.1601694,79.9315536,Wright Town,076179 68709,,
35c63ada-c272-484d-bd1c-3a3ad9657fa3,Dr. Aseem Bajpai Hospital,HOSPITAL,,Wright Town,"5W6F+R9C, 1901, near Arun dairy, Wright Town, Jabalpur, Madhya Pradesh 482002",23.1628538,79.9235871,Wright Town,094243 13169,,
f08260c8-3af7-4852-8ee8-665d8e147308,NAV ENT & CANCER HOSPITAL,HOSPITAL,,Home Science College Rd,"5W6F+JFV, 1525/C, Home Science College Rd, near Sai Mandir, Napier Town, Jabalpur, Madhya Pradesh 482002",23.1616074,79.9236007,Wright Town,091112 68888,,
d2727340-2854-42aa-9f57-191f6068bab9,Dr. Nitin Adgaonkar Clinic,GENERAL_CLINIC,,Napier Town,"5W5G+W2R, Napier Town, Jabalpur, Madhya Pradesh 482002",23.1597051,79.9250349,Wright Town,,dradgaonkar@gmail.com,https://jabalpurhelpline.com/dr-nitin-adgaonkar-ent-specialist
3eb73ae2-0507-4dae-83e4-f611a6be15cb,Dr Rumita Acharya,GENERAL_CLINIC,,Napier Town,"Spandan clinic,platinum plaza, Napier Town, Jabalpur, Madhya Pradesh 482001",23.1601044,79.9323445,Wright Town,099262 77501,,
62c461fc-dd90-4cf1-bb39-438263c4e305,Dr. R.K. Shukla (ENT),ENT_CLINIC,,Napier Town,"5W6F+69M, Napier Town, Jabalpur, Madhya Pradesh 482002",23.1605803,79.9234249,Wright Town,094251 52256,,
10bffa0d-478a-4a24-96fe-1666e741f1db,Dr. I. C. Shukla Memorial ENT Hospital,HOSPITAL,,Home Science College Rd,"1349, Home Science College Rd, Napier Town, Jabalpur, Madhya Pradesh 482002",23.1606096,79.9232901,Wright Town,062650 57891,,
dc63683e-e41d-49b6-958f-4338fc6b13d4,ENT Clinic,ENT_CLINIC,,Wright Town,"5WCF+2M6, MP SH 37A, Wright Town, Jabalpur, Madhya Pradesh 482002",23.1700312,79.9241525,Wright Town,,,
c457cbb7-9f27-4c29-81a0-87db095ff8fd,Dr. Rahul Chaturvedi (ENT & Thyroid Surgeon),ENT_CLINIC,,ukhari chowk,"हेल्थ केयर क्लीनिक, ukhari chowk, near यश भारत, Sheetalpuri, Jabalpur, New Adaresh Colony, Madhya Pradesh 482002",23.1779521,79.9133544,Wright Town,,rac.123.chaturvedi@gmail.com,http://jabalpurhelpline.com/dr-rahul-chaturvedi-ent-specialist
e4387c53-b69c-4ce8-b569-9cfb74606978,Arora Ent Clinic,ENT_CLINIC,,Crossing,"Radra Complex, near Katanga, Gorakhpur, Crossing, Jabalpur, Madhya Pradesh 482001",23.1501802,79.9344655,Wright Town,076124 01270,,
b53f414e-0a2d-4e6b-9720-de7051af39d2,Chhavi Eye Hospital,HOSPITAL,,Wright Town,"2567 Gate Street Number 2, near Telecom Factory, Wright Town, Jabalpur, Madhya Pradesh 482002",23.1676678,79.9228439,Wright Town,076124 14227,chhavieyejabalpur@gmail.com,https://chhavieyehospital.com/
15f491c4-03ef-44c8-b766-974110af797a,Deep Jyoti ENT and DENTAL Clinic.,DENTAL_CLINIC,,MP Housing Board Colony,"5V4F+9HC, Damohnaka, MP Housing Board Colony, Dhanvantari Nagar, Jabalpur, Madhya Pradesh 482003",23.1559346,79.8739051,Wright Town,093291 97202,sushiltripathi8@gmail.com,https://jabalpurhelpline.com/dr-sushil-kumar-tripathi-ent-specialist
451aa1d1-4de1-4667-a805-a39f0541810a,"Shri Family Clinic, ENT And Dental centre",DENTAL_CLINIC,,Sneh Nagar,"Sneh Nagar, Jabalpur, Madhya Pradesh 482002",23.1640629,79.9196953,Wright Town,094795 49488,,
47cf341e-1b4c-48eb-9974-8c3da81f5c3c,Dhvani Orbit Speech & Hearing Wellness Centre,ENT_CLINIC,,Napier Town,"Infront of, Madan Mahal, Police Station, 1476, Napier Town, Jabalpur, Madhya Pradesh 482002",23.1616413,79.9208355,Wright Town,089823 96529,earcarespeechandhearingclinic@gmail.com,https://apnabusinesscard.com/Dhvani-Orbit-Speech-and-Hearing-Wellness-Centre
d69d0bd1-2c08-4a22-b63f-da08b84d2c5a,Dr. Sabiha Khan,GENERAL_CLINIC,,Main Rd,"Rada Tower, Main Rd, Ranjhi, Central Ordinance Depot Area, Jabalpur, Madhya Pradesh 482011",23.1950276,79.9971273,Wright Town,,,
7662cf14-420e-420d-a3a7-4f71c160c7a4,Amrit clinics,IMAGING_CENTER,,Ukhri Rd,"Amrit clinics, Ukhri Rd, Vijay Nagar, Jabalpur, New Adaresh Colony, Madhya Pradesh 482002",23.1781379,79.911881,Wright Town,,,
09a19bb9-30c6-4b1c-b7de-50ac52779331,ENT CLINIC,ENT_CLINIC,,GOPAL VIHAR MARKET CHERITAL,"SHOP NO 21, FIRST FLOOR, GOPAL VIHAR MARKET CHERITAL, Main Rd, near DAMOH NAKA, P N B Colony, Jabalpur, Madhya Pradesh 482002",23.1830447,79.9281449,Wright Town,099670 95649,,
5fc47da5-94b2-47db-a4dd-3f3e9aaf5e7d,Vaani Speech and Hearing Clinics Pvt. Ltd.,GENERAL_CLINIC,,Dr Barat Rd,"1400/1, Dr Barat Rd, next to SAMDARIYA ROYAL HOMES, Napier Town, Jabalpur, Madhya Pradesh 482001",23.1619803,79.9381713,Wright Town,098273 43270,,https://vaani.care/
d9010175-a593-4264-8244-f470de129a1a,Dr. Shrinivasan Nitin,GENERAL_CLINIC,,Wright Town Opp. Abhinandan Restaurant,"Swamy Clinic, 1167/A, Wright Town Opp. Abhinandan Restaurant, Madhya Pradesh 482002",23.1658323,79.9311429,Wright Town,082260 10391,nitinshrinivasan@gmail.com,http://jabalpurhelpline.com/dr-shrinivasan-nitin-ent-specialist
055ca28b-b226-4ef7-8934-354bda2bf2e4,Dr. Mehmooda Sultana,GENERAL_CLINIC,,near Taiyyab Ali Petrol Pump,"Dr. Taqi Raza's Hospital Near Clocktower Behind Christ Church School, near Taiyyab Ali Petrol Pump, Jabalpur, Madhya Pradesh 482002",23.1683715,79.9396624,Wright Town,,,
6a273760-ff94-4c17-a0ff-13b44364e807,Dr. Sandeep Jain,GENERAL_CLINIC,,Marhatal,"5W8M+5PR, Near Nager Nigam, Marhatal, Jabalpur, Madhya Pradesh 482002",23.165498,79.934269,Wright Town,,,
a5934bba-02ae-4e34-8aee-a4b38819edea,35 Dayanagar,GENERAL_CLINIC,,Daya Nagar,"5WC8+56X, Ghana, Daya Nagar, Yadav Colony, Jabalpur, New Adaresh Colony, Madhya Pradesh 482002",23.1704909,79.9156139,Wright Town,,,
d0242913-10ae-4c7d-aba4-fa1cdacd96bb,Dr. Shilpi Aggarwal,GENERAL_CLINIC,,Prem Mandir Rd,"1936, Narendra Agarwal Charitable Trust, OPP, Prem Mandir Rd, Wright Town, Jabalpur, Madhya Pradesh 482002",23.1638288,79.9251259,Napier Town,091117 27607,,
ec84e9e1-a139-42ab-9a49-b8f840b717dd,Speech & hearing clinic,GENERAL_CLINIC,,Amanpur,"Madan Mahal, mpeb office, Old, Amanpur, Jabalpur, Madhya Pradesh 482003",23.1599314,79.9142634,Madan Mahal,081032 19258,,
a8c94e63-9d50-4c59-872b-bf07bb8a35c1,Dental and Ent Clinic,DENTAL_CLINIC,,Sadar Main Rd,"Sadar Main Rd, near Kali Mata Mandir, Malhotra Compound, South Civil Lines, Jabalpur, Madhya Pradesh 482001",23.1543862,79.9443522,Madan Mahal,094251 57640,,
f28ed454-07d8-4fdb-9102-6ce13b313de1,Maa Sadhana Clinic,GENERAL_CLINIC,,Kachhiyana Rd,"Police Station, Kachhiyana Rd, opposite Aashirwad Market, LordGanj, Jabalpur, Madhya Pradesh 482002",23.1730514,79.9313431,Madan Mahal,099264 10442,sanjithaldar678@gmail.com,http://maasadhanaclinicjabalpur.in/
a9711c3d-c315-497a-b91c-28454b10bd54,Dr. Suresh Arora,GENERAL_CLINIC,,Gorakhpur,"5W3M+34C, Arora E N T Clinic Rabra Complex katanga, tiraha, Gorakhpur, Jabalpur, Madhya Pradesh 482001",23.1526939,79.9327783,Gorakhpur,,,
f10d283c-808b-4c89-ae36-e0d4bcd480ff,AGRAWAL DENTAL CENTRE DR. ANIL AGRAWAL,DENTAL_CLINIC,,ITI ROAD,"ITI ROAD, in front of Swastik Multispeciality Hospital, DEENDAYAL CHOWK, Jabalpur, Madhya Pradesh 482002",23.1953616,79.9111774,Adhartal,099937 92070,,
25900321-b1d4-45e5-a4b6-f32b32e5f16e,ADVANCE HOMOEO CLINIC (Dr. Rita Sharma),HOMEOPATHY_CLINIC,,Adhartal,"SBI ATM chawk, in front of Spark Convent school, New Kanchanpur, Adhartal, Jabalpur, Madhya Pradesh 482004",23.202101,79.9672891,Vijay Nagar,097138 49363,avniaruni2@gmail.com,http://jabalpurhelpline.com/advance-homeo-clinic-dr-rita-sharma
b9621aab-1070-4cea-8620-7ebe3a370193,RELAX CLINIC,GENERAL_CLINIC,,Ganga Maiya Rd,"shop no, 01, Ganga Maiya Rd, Ranjhi, New Ranjhi, Jabalpur, Madhya Pradesh 482009",23.2097788,79.9928684,Ranjhi,062642 82400,,
5857ebe0-dca5-4136-9935-8a1776ebe0a1,mohan lalwani clinic,GENERAL_CLINIC,,Ranjhi - Bada Patthar Rd,"6232+2J7, Ranjhi - Bada Patthar Rd, Ranjhi, Bengali Colony, Jabalpur, Madhya Pradesh 482005",23.2025315,80.0015502,Ranjhi,,,
2b3756c8-8319-4bca-ab1f-a4d7a8fed64c,Vivek Clinic,GENERAL_CLINIC,,Bengali Colony,"6242+PPQ, Bada Patthar, Ranjhi, Ranjhi, Bengali Colony, Jabalpur, Madhya Pradesh 482005",23.2068393,80.0018707,Ranjhi,098274 41352,,
158015f7-f3b1-4bf3-96bd-417e46762b4a,hospital,HOSPITAL,,Prestige Town,"Prestige Town, South Civil Lines, Jabalpur, Madhya Pradesh 482001",23.1620072,79.9584397,Civil Lines,,,
b0b8d94b-c432-4b31-80a3-efa7438374ce,Dr. Suresh k. Pathak,GENERAL_CLINIC,,Madan Mahal,"5W68+988, Kalimath Mandir, Amanpur, Madan Mahal, Jabalpur, Madhya Pradesh 482002",23.1609131,79.9158431,Civil Lines,,,
92e3e006-653d-463b-910c-108c8f62c088,Dube Surgical and Dental Hospital,HOSPITAL,,Chowk,"Chowk, Ghamapur, Jabalpur, Madhya Pradesh 482001",23.1759497,79.9464946,Gol Bazar,076126 22919,,http://www.dsdhospital.com/
96c491b9-7615-4196-82bd-235fd1f293b8,Dr K.C. Gupta,GENERAL_CLINIC,,Shakti Nagar,"F1, Sainik Society, Shakti Nagar, Jabalpur, Madhya Pradesh 482001",23.1433622,79.9042569,Russel Chowk,,,https://book-appointment.healthplix.com/dr-k--c--gupta-ent-specialist-shakti-nagar-jabalpur
43471a51-2cba-45dd-94fc-acfa26633ad6,Dr. Ashutosh Silodia,GENERAL_CLINIC,,Below Housing Board Office,"Shop No. 4, Below Housing Board Office, Chowk, New Bhedaghat Road, near dhanwantri nagar, Jabalpur, Madhya Pradesh 482003",23.1554541,79.8715705,Bhedaghat,098261 78486,silodiaashu@gmail.com,http://jabalpurhelpline.com/dr-ashutosh-silodia-laparoscopic-surgeon
2984c775-c426-4547-998b-4d1e36fec814,Dr. R.P Singh,GENERAL_CLINIC,,Gole Bazar,"Krishna poly clinic, near national hospital, Gole Bazar, Wright Town, Jabalpur, Madhya Pradesh 482002",23.1623622,79.9251796,Wright Town,096541 34124,drrpsinghderma@gmail.com,https://jabalpurhelpline.com/dr-r-p-singh-skin-specialist
6087d73a-6373-496d-acb6-36149518b710,"Skin Hair and Cosmetic clinic, Dr Kuldeep Bhardwaj, MD",DERMATOLOGY_CLINIC,,Wright Town,"Near Prem Mandir, Wright Town, 2225/2, 1st Floor, Jabalpur, Madhya Pradesh 482002",23.1623576,79.9250083,Wright Town,097533 12312,contactsnhclinics@gmail.com,http://kuldeepbhardwaj.com/
72f747f6-5def-4002-82e0-ba56b359f862,Dr. Versha Tandon,GENERAL_CLINIC,,791A Subhadra Kumari Chauhan Ward,"791A Subhadra Kumari Chauhan Ward, above Life Imaging center, Napier Town, Jabalpur, Madhya Pradesh 482001",23.1623452,79.9251913,Wright Town,079745 29187,,https://softglowskin.com/
c18cfa8d-0090-4365-90be-4198175a87ba,Elegance Skin And Gynae Clinic,GYNECOLOGY_CLINIC,,Gau Mata Chowk,"Gau Mata Chowk, beside House of Blends, Wright Town, Jabalpur, Madhya Pradesh 482001",23.1623357,79.9251937,Wright Town,091093 53988,akashdeoriya@gmail.com,https://eleganceskinandgynaeclinic.golocall.com/
c6c43641-2dbe-4c52-b8b8-1cb4493c98fe,Dr. Ashish Rai,GENERAL_CLINIC,,Mohanlal Hargovindas Hospital Road,"Palash Skin and Maternity Clinic, 1575, Mohanlal Hargovindas Hospital Road, near Chanchlabai College, beside Hotel Swag, Wright Town, Jabalpur, Madhya Pradesh 482002",23.1623669,79.9251873,Wright Town,088396 70616,,http://drashishraidermetologist.com/
5e219bcc-4a50-4f11-a17d-9c839541dcdb,Dr Siddharth Oswal,GENERAL_CLINIC,,Dr Barat Rd,"Dr Barat Rd, Napier Town, Jabalpur, Madhya Pradesh 482001",23.1623487,79.9380174,Wright Town,075875 23799,drsidharthoswal@gmail.com,https://oswalskinclinic.com/
ecc42b74-64ac-4acc-85ee-f1ebb91afe54,"Dr. Kuldeep Bhardwaj, MD",GENERAL_CLINIC,,Dr Kuldeep Bhardwaj Snhclinics,"Dr Kuldeep Bhardwaj Snhclinics, Wright Town, Jabalpur, Madhya Pradesh 482002",23.1623448,79.925009,Wright Town,,snhclinics@gmail.com,http://drkuldeepbhardwaj.com/
98b5300b-bacf-4f4a-9aa3-8c0f791bc0f5,Skin Hair & Cosmetic Clinic,DERMATOLOGY_CLINIC,,Wright Town,"1st Floor, 2225/2, Wright Town, Jabalpur, Madhya Pradesh 482002",23.1622962,79.9249239,Wright Town,,,http://snh-clinics.com/
ba9d85a2-bb45-47b3-bb5a-42e8b80be990,Dr Nidhi Gupta Refine skin hair laser plastic surgery clinic,DERMATOLOGY_CLINIC,,Gol Bazar Rd,"712, Gol Bazar Rd, near National Hospital, beside JK Convent School, Gole Bazar, Wright Town, Jabalpur, Madhya Pradesh 482002",23.1705558,79.9293933,Wright Town,092023 50020,,https://refineskinplasticsurgery.com/
1a1020af-0812-4697-b5b4-1c9e1adf8ccb,"Dr Neha Gupta Skin, Hair and Laser Clinic",DERMATOLOGY_CLINIC,,4th Bridge Rd,"1329, 4th Bridge Rd, opposite sahil honda showroom, Napier Town, Jabalpur, Madhya Pradesh 482001",23.1623559,79.9251812,Wright Town,099938 78566,,https://drnehaguptamd.com/
468d4ad4-f3d5-4f5b-b78a-2ca1b8fa3ceb,MANONARAYAN SKIN AND ARTHRITIS CLINIC Dr.kamna Tiwari vyas,DERMATOLOGY_CLINIC,,Stadium Market,"Stadium Market, SHOP NO. 10, GAU MATA CHOWK, Wright Town, Jabalpur, Madhya Pradesh 482002",23.1650412,79.926236,Wright Town,089627 72777,,
aca91bb6-e85d-4ce2-95a2-bb2310f72a46,Wright town 2225/2 1st Floor,GENERAL_CLINIC,,Skin Hair and Cosmetic Clinic Dr Kuldeep Bhardwaj MD,"Skin Hair and Cosmetic Clinic Dr Kuldeep Bhardwaj MD, Wright Town, Jabalpur, Madhya Pradesh 482002",23.1623602,79.9250297,Wright Town,,,https://wright-town-22252-1st-floor-jabalpur.com/
fea7d6e4-c878-49dc-895c-bc11fa12a49a,Wright town jabalpur,GENERAL_CLINIC,,Dr Kuldeep Bhardwaj Snhclinics,"Dr Kuldeep Bhardwaj Snhclinics, Wright Town, Jabalpur, Madhya Pradesh 482002",23.1623602,79.9250297,Wright Town,,,
208f4809-2160-4e9c-ad2d-3b37d0e348c5,Dr. Suneet Dubey,GENERAL_CLINIC,,Ranital Chowk,"Ranital Chowk, Between, and, beside Sadhana Chemists, Patrakar Colony, Yadav Colony, Jabalpur, Madhya Pradesh 482002",23.1705233,79.9237257,Wright Town,,,
c60ee063-799a-4965-a60f-2a0a8ca02397,Prem-mandir-wright-town-2225-2-1st-floor-Jabalpur,GENERAL_CLINIC,,Dr Kuldeep Bhardwaj Snhclinics,"Dr Kuldeep Bhardwaj Snhclinics, Wright Town, Jabalpur, Madhya Pradesh 482002",23.1623602,79.9250297,Wright Town,,,
96c43d9d-3630-4bce-bb8c-b832eb9869c1,Dr. Ranjan Sheorey - Skin Specialist in Jabalpur | Best Dermatologist in Jabalpur,DERMATOLOGY_CLINIC,,Wright Town,"near Arun Dairy, Wright Town, Jabalpur, Madhya Pradesh 482002",23.1633834,79.9227351,Wright Town,084588 86766,,
42618b8d-9fd7-44bc-9df3-26697b76250b,Dr. Usha Gupta,GENERAL_CLINIC,,Home Science College Rd,"Gupta Skin Care Hospital, D. K, Home Science College Rd, Wright Town, Jabalpur, Madhya Pradesh 482002",23.16235,79.9251793,Wright Town,0761 359 2450,info@jabalpurskincentre.com,https://jabalpurskincentre.com/
a296998b-8258-461a-b604-fdc747c06e88,Nearest Dermatologist,DERMATOLOGY_CLINIC,,Dr.Kuldeep Bhardwaj's Skin Hair & Cosmetic Clinic,"Dr.Kuldeep Bhardwaj's Skin Hair & Cosmetic Clinic, Wright Town, Jabalpur, Madhya Pradesh 482002",23.1623602,79.9250427,Wright Town,,,
99b20d3c-2363-445e-a07d-644df2950de4,Dermatology - SkinHairandCosmeticClinic,DERMATOLOGY_CLINIC,,Wright Town,"1st Floor, 2225/2, Wright Town, Jabalpur, Madhya Pradesh 482002",23.1622962,79.9249239,Wright Town,,,
f0b7e6d3-ed20-45c0-b237-3f0da390a5eb,2225-2-wright-town,GENERAL_CLINIC,,Dr.Kuldeep Bhardwaj's Skin Hair & Cosmetic Clinic,"Dr.Kuldeep Bhardwaj's Skin Hair & Cosmetic Clinic, Wright Town, Jabalpur, Madhya Pradesh 482002",23.1623602,79.9250297,Wright Town,,,
3b1609c3-19b1-4ced-8523-ea5e39fd4e37,Skinnovation Skin Clinic,DERMATOLOGY_CLINIC,,Napier Town,"Ground floor, beside Spandan hospital, Napier Town, Jabalpur, Madhya Pradesh 482001",23.1623623,79.9251807,Wright Town,097553 33082,,https://skinnovationskinclinic.com/
fe0f9fde-df43-48cd-a798-a05f37113fdd,Skin Specialist - Near prem mandir Wright town 2225/2 1st floor,DERMATOLOGY_CLINIC,,SkinHairandCosmeticClinicDrKuldeepBhardwajMD - 2225/2,"SkinHairandCosmeticClinicDrKuldeepBhardwajMD - 2225/2, Wright Town, Jabalpur, Madhya Pradesh 482002",23.1623602,79.9250297,Wright Town,,,
5f4ed0c6-ae39-4b15-bee1-4e1d5ce6c2a6,Dr Bhardwaj,GENERAL_CLINIC,,Bhardwaj Snhclinics,"Dr Kuldeep, Bhardwaj Snhclinics, Wright Town, Jabalpur, Madhya Pradesh 482002",23.1623602,79.9250297,Wright Town,0761 400 4728,,
36e0cebe-3f30-44b8-92b9-faf10c761c1b,Dr Meet's Hair & Scalp Clinic,DERMATOLOGY_CLINIC,,Atul Vihar Apartment,"Atul Vihar Apartment, Wright Town, Jabalpur, C-4, Wright Town, Jabalpur, Madhya Pradesh 482002",23.1623638,79.9251796,Wright Town,099938 71118,,https://www.drmeetsclinic.in/
cc637f0f-a17b-4154-9467-48882989a5ba,NearPremmandir-wright-town-2225-2-1st-floor,GENERAL_CLINIC,,Skin Hair and Cosmetic Clinic Dr Kuldeep Bhardwaj MD,"Skin Hair and Cosmetic Clinic Dr Kuldeep Bhardwaj MD, Wright Town, Jabalpur, Madhya Pradesh 482002",23.1623602,79.9250297,Wright Town,,,https://near-prem-mandir-wright-town-2225-2-1st.com/
d7bb5c68-b45b-4d4b-8ea3-d4ca5a73850a,Dr Abha Diwan,GENERAL_CLINIC,,Aaga Chowk,"Aaga Chowk, Life MidiCity multi-speciality Hospital, Baldeobagh, Sheetalpuri, Jabalpur, Madhya Pradesh 482002",23.1754524,79.9246856,Wright Town,,,https://www.lifemedicity.com/Dr_Abha_Diwan.html
6f1efff9-4a65-4217-a176-5063ddc64997,Dr. Arun Verma Skin Care Center,DERMATOLOGY_CLINIC,,Madan Mahal Railway Station Rd,"Pillar No. 133, no 4, Near Telegraph Gate, Madan Mahal Railway Station Rd, Wright Town, Jabalpur, Madhya Pradesh 482002",23.1623346,79.9251932,Wright Town,079997 65363,,
970a7f01-4496-466f-aa2d-24f85793c477,Near-Prem-Mandir,GENERAL_CLINIC,,Skin Hair and Cosmetic Clinic Dr Kuldeep Bhardwaj MD,"Skin Hair and Cosmetic Clinic Dr Kuldeep Bhardwaj MD, Wright Town, Jabalpur, Madhya Pradesh 482002",23.1623602,79.9250297,Wright Town,,,http://near-prem-mandir.com/
dfc03793-7086-4544-88c7-eec523ccfa43,Dr. Paul’s,GENERAL_CLINIC,,Home Science College Rd,"Shop No. 1 Ground floor, Anand Apartment, Home Science College Rd, near Shastri Bridge, Napier Town, Jabalpur, Madhya Pradesh 482001",23.1623598,79.9251647,Wright Town,097703 01377,info@drpaulsonline.com,https://www.drpaulsonline.com/
32a1c6cc-a954-4701-9a47-9968f503d6af,Dr. Sakina Bohra (Dermatologist & Cosmetologist),DERMATOLOGY_CLINIC,,Ukhri Rd,"Plot no 20, Ukhri Rd, near pulmocare hospital, Sheetalpuri, Jabalpur, Madhya Pradesh 482002",23.1789177,79.9221399,Wright Town,099072 65479,docsakina@gmail.com,http://jabalpurhelpline.com/dr-sakina-bohra-asthetic-skin-care-centre
23ac87fd-beeb-45b4-a2b9-94923aebb0d4,1stfloor2225/2nearpremmandirwrighttown,GENERAL_CLINIC,,Skin Hair and Cosmetic Clinic Dr Kuldeep Bhardwaj MD,"Skin Hair and Cosmetic Clinic Dr Kuldeep Bhardwaj MD, Wright Town, Jabalpur, Madhya Pradesh 482002",23.1623602,79.9250297,Wright Town,,,
03a2340f-69b5-4be1-8e50-48278f0b19ef,2225/2,GENERAL_CLINIC,,Prem Mandir Rd,"Prem Mandir Rd, Snhclinics, Wright Town, Jabalpur, Madhya Pradesh 482002",23.1623602,79.9250297,Wright Town,,,http://2225-2.com/
45bf30b1-51b6-4917-a3ba-3952cbdcc7eb,Dr. Sachin Luthra,GENERAL_CLINIC,,Near Standard Maruti Showroom,"Naveen Vidhya Bhawan, 297/A, Ground Floor, Near Standard Maruti Showroom, Naveen Vidya Bhawan, Road, Road, Napier Town, Jabalpur, Madhya Pradesh 482001",23.1609794,79.9346598,Napier Town,094258 00095,drsachinluthra@yahoo.co.in,https://apnabusinesscard.com/Luthra-Skin-Clinic
abfa5496-b5d6-48bd-9593-ec3b1822aee9,Skincare by Tanishka,DERMATOLOGY_CLINIC,,Malaviya Chowk,"Malaviya Chowk, Awadhpuri, Marhatal, Jabalpur, Madhya Pradesh 482002",23.1685491,79.9322287,Napier Town,,,
b72e431a-8a02-45bc-8e68-d8140ede73c3,Ojas Clinic Dr. Hitesh and Dr. Shweta Lokwani (Senior Dermetologists),GENERAL_CLINIC,,Narmada Rd,"2nd floor, 15/1, Narmada Rd, near Rampur square, Wright Town, Jabalpur, Madhya Pradesh 482001",23.1623581,79.9251788,Napier Town,095228 22111,skinclinic.ojas@gmail.com,http://www.ojasclinic.com/
4b5f2a76-36a7-49f8-ae4f-3ada8cb786fc,DermatologistinJabalpur - SkinHairandCosmeticClinic,DERMATOLOGY_CLINIC,,Wright Town,"1st Floor, 2225/2, Wright Town, Jabalpur, Madhya Pradesh 482002",23.1622962,79.9249239,Napier Town,,,
23568a0a-45a3-4617-b33d-7c6f3bca4a6d,JabalpurDermatologist - SkinHairandCosmeticClinic,DERMATOLOGY_CLINIC,,Dr Kuldeep Bhardwaj Snhclinics,"Dr Kuldeep Bhardwaj Snhclinics, Wright Town, Jabalpur, Madhya Pradesh 482002",23.1623602,79.9250297,Napier Town,,,
4e3dbe3f-d9fe-4b88-9cb3-51511416e500,COSMETIC CLUB,DERMATOLOGY_CLINIC,,GOLBAZAR ROAD,"INFRONT OF D.N JAIN BHAWAN, GOLBAZAR ROAD, MALVIYA CHOWK, Jabalpur, Madhya Pradesh 482002",23.1691782,79.9306851,Napier Town,092381 03077,,https://cosmeticclub.in/
2adeff84-c6e1-4670-bc8d-fbcae3c994e9,SkinWhitening - SkinHairandCosmeticClinic,DERMATOLOGY_CLINIC,,Wright Town,"1st Floor, 2225/2, Wright Town, Jabalpur, Madhya Pradesh 482002",23.1622962,79.9249239,Napier Town,,,
28fc7128-7591-4b30-93f2-a23a3d9b01a5,2225-2Prem-mandir-rd-wright-town-jabalpur,GENERAL_CLINIC,,Prem Mandir Rd,"2225/2, Prem Mandir Rd, Snhclinics, Wright Town, Jabalpur, Madhya Pradesh 482002",23.1623576,79.9250083,Napier Town,,,
03c9bb7e-f0f4-4ca5-b28c-70d8446be95f,ItchySkin - SkinHairandCosmeticClinic,DERMATOLOGY_CLINIC,,Wright Town,"1st Floor, 2225/2, Wright Town, Jabalpur, Madhya Pradesh 482002",23.1622962,79.9249239,Napier Town,,,
0d075bb5-6fa0-466d-9ec4-42b41a619d8c,Hairfall,DERMATOLOGY_CLINIC,,Wright Town,"1st Floor, 2225/2, Wright Town, Jabalpur, Madhya Pradesh 482002",23.1622962,79.9249239,Napier Town,,,
b4c206d5-7643-44f3-b6ef-4844a4f3f22b,DermatologistSnhclinics,DERMATOLOGY_CLINIC,,Skin Hair and Cosmetic Clinic Dr Kuldeep Bhardwaj MD,"Skin Hair and Cosmetic Clinic Dr Kuldeep Bhardwaj MD, Wright Town, Jabalpur, Madhya Pradesh 482002",23.1623602,79.9250297,Napier Town,,,
ce07b7bf-621a-46b6-8385-55474d7b8ad4,Dermatitis,DERMATOLOGY_CLINIC,,SkinHairandCosmeticClinicDrKuldeepBhardwajMD - 2225/2,"SkinHairandCosmeticClinicDrKuldeepBhardwajMD - 2225/2, Wright Town, Jabalpur, Madhya Pradesh 482002",23.1623602,79.9250297,Napier Town,,,
8670dd98-e1dd-4327-aa04-e6c6f8fee826,Dr. D. k. Gupta Skin Care Hospital,HOSPITAL,,Chouhan Ward,"Subhadra Kumari, Chouhan Ward, Madan Mahal Railway Station Rd, Napier Town, Jabalpur, Madhya Pradesh 482002",23.1614304,79.9200657,Madan Mahal,0761 359 2450,info@jabalpurskincentre.com,https://jabalpurskincentre.com/
36f62059-8ec6-42a3-befb-3fbd8f2f0151,1st Floor 2225/2,GENERAL_CLINIC,,Wright Town,"2225/2, Snhclinics, Wright Town, Jabalpur, Madhya Pradesh 482002",23.1623602,79.9250297,Madan Mahal,,,
ed17bc70-10e0-4dde-8056-12bc76e8fabb,Laser Treatment - SkinHairandCosmeticClinic,DERMATOLOGY_CLINIC,,Dr Kuldeep Bhardwaj Snhclinics,"Dr Kuldeep Bhardwaj Snhclinics, Wright Town, Jabalpur, Madhya Pradesh 482002",23.1623602,79.9250297,Madan Mahal,,,
85e079e4-96f4-49db-862f-168d4e43540e,2-1st-floor-Jabalpur,GENERAL_CLINIC,,Dr Kuldeep Bhardwaj Snhclinics,"Dr Kuldeep Bhardwaj Snhclinics, Wright Town, Jabalpur, Madhya Pradesh 482002",23.1623602,79.9250297,Madan Mahal,,,
a4701ca3-9e23-4ecd-9b67-6408b5fced83,DrKuldeepBhardwaj - SkinHairandCosmeticclinic,DERMATOLOGY_CLINIC,,Wright Town,"1st-Floor, 2225/2, Snhclinics, Wright Town, Jabalpur, Madhya Pradesh 482002",23.1623602,79.9250297,Madan Mahal,,,
1495268f-9540-412c-af26-3562310bcec0,1stfloorSnhclinics,GENERAL_CLINIC,,Skin Hair and Cosmetic Clinic Dr Kuldeep Bhardwaj MD,"Skin Hair and Cosmetic Clinic Dr Kuldeep Bhardwaj MD, Wright Town, Jabalpur, Madhya Pradesh 482002",23.1623602,79.9250297,Madan Mahal,,,
e8411903-dfdc-4038-93f6-ad130820b1e2,SNH Clinics,GENERAL_CLINIC,,Skin Hair and Cosmetic Clinic Dr Kuldeep Bhardwaj MD,"Skin Hair and Cosmetic Clinic Dr Kuldeep Bhardwaj MD, Wright Town, Jabalpur, Madhya Pradesh 482002",23.1623602,79.9250297,Madan Mahal,,,
0ea10f23-7009-4d51-bc16-0608e3305e39,DrySkinSnhclinics,DERMATOLOGY_CLINIC,,Skin Hair and Cosmetic Clinic Dr Kuldeep Bhardwaj MD,"Skin Hair and Cosmetic Clinic Dr Kuldeep Bhardwaj MD, Wright Town, Jabalpur, Madhya Pradesh 482002",23.1623602,79.9250297,Madan Mahal,,,
8113b2bc-5e84-4307-96d2-45f6eaea6e40,SensitiveSkinSnhclinics,DERMATOLOGY_CLINIC,,Skin Hair and Cosmetic Clinic Dr Kuldeep Bhardwaj MD,"Skin Hair and Cosmetic Clinic Dr Kuldeep Bhardwaj MD, Wright Town, Jabalpur, Madhya Pradesh 482002",23.1623602,79.9250297,Madan Mahal,,,
5bb3dc07-223f-4b06-a343-b88ba1eadbd3,PERIDERMA SKIN CLINIC,DERMATOLOGY_CLINIC,,Katanga Rd,"Shop No. 209, Manglam Tower, Katanga Rd, Nehru Railway Colony, Gorakhpur, Jabalpur, Madhya Pradesh 482001",23.1519098,79.9356049,Gorakhpur,,,https://peridermaskinclinic.com/
103eddff-f563-4dbf-afe2-664f93ce3c38,Skin Planet,DERMATOLOGY_CLINIC,,Ahinsa Chowk,"Ahinsa Chowk, Vijay Nagar, Jabalpur, Raksha, Madhya Pradesh 482002",23.1848507,79.910028,Gorakhpur,080850 81002,,http://www.skinplanet.in/
db49525f-226e-46f7-af71-1c8f6c9493a0,Dr. Brijesh Agrawal,GENERAL_CLINIC,,Napier Town Road,"5W8Q+F6G, Methodist Centre,Napier Town Road , Tayebali Chowk, opposite Kartik Hotel, Napier Town, Jabalpur, Madhya Pradesh 482002",23.1661927,79.9380847,Gorakhpur,076126 20855,,
5bae441f-0693-487c-9da7-33b2d7020d99,Dr. Subodh Barua Skin Care Clinic,DERMATOLOGY_CLINIC,,Below Modern X-ray Ghamapur Chowk,"Dr. S. K. Mukherjee Compound, Below Modern X-ray Ghamapur Chowk, Madhya Pradesh 482001",23.1752924,79.9465611,Gorakhpur,093295 33362,baruasubodh@gmail.com,https://jabalpurhelpline.com/dr-subodh-barua-skin-care-clinic
37a6c88b-7ade-485b-a032-2aacda6efdcb,Dr Stuti Khare Shukla,GENERAL_CLINIC,,Wright Town,"1999, Infront of Bansal Pathology, Old, Sai Kripa, Bus Stand, Wright Town, Jabalpur, Madhya Pradesh 482002",23.1682882,79.9237253,Gorakhpur,062619 67835,elementsofaestheticsclinic@gmail.com,http://drstutikhareshukla.in/
239b6d49-fca5-4117-8751-a02b47d88216,Medical Clinic,GENERAL_CLINIC,,Dr.Kuldeep Bhardwaj's Skin Hair & Cosmetic Clinic,"Dr.Kuldeep Bhardwaj's Skin Hair & Cosmetic Clinic, Wright Town, Jabalpur, Madhya Pradesh 482002",23.1623602,79.9250297,Gorakhpur,,,
ccb0b199-fe71-4d0d-b924-7413cf213d6c,VitiligoSnhclinics,GENERAL_CLINIC,,Skin Hair and Cosmetic Clinic Dr Kuldeep Bhardwaj MD,"Skin Hair and Cosmetic Clinic Dr Kuldeep Bhardwaj MD, Wright Town, Jabalpur, Madhya Pradesh 482002",23.1623602,79.9250297,Gorakhpur,,,
2d8d7c8c-36b3-44bf-91ec-15e5feea4944,MD SKIN CARE CLINIC,DERMATOLOGY_CLINIC,,1836 Talib Chowk,"1836 Talib Chowk, Ravindra nath tagore ward, near Talib Shah Mazar, Adhartal, Jabalpur, Madhya Pradesh 482002",23.1912989,79.9423289,Adhartal,076101 02102,,https://md-total-care-clinic.launchmy.site/
8b6441b8-46d3-49e9-90b6-6f0e35ba0433,Dr Soudamini's skin clinic,DERMATOLOGY_CLINIC,,Gopal vihar shopping complex,"Shop no 15, Gopal vihar shopping complex, near hotel Kadamb tree, Damoh Naka, Uprainganj, Jabalpur, Madhya Pradesh 482002",23.18272,79.927745,Adhartal,098922 90151,,
f5d38e9f-fb83-4846-81c3-4c4649175ddc,Anaya skin clinlic,DERMATOLOGY_CLINIC,,Ranjhi - Bada Patthar Rd,"Babli ata chakhi, Ranjhi - Bada Patthar Rd, Manmohan Nagar, Bengali Colony, Jabalpur, Madhya Pradesh 482005",23.2037371,80.0016409,Ranjhi,,,
a4178308-0d70-4598-8444-7d335d8aebd7,Prem Astha Clinic,GENERAL_CLINIC,,Ranjhi - Bada Patthar Rd,"6222+7JQ, Ranjhi - Bada Patthar Rd, Ranjhi, Bengali Colony, Jabalpur, Madhya Pradesh 482005",23.2007053,80.0016109,Ranjhi,,,
3bfbb317-7543-400a-8e91-d57e1a277e1b,Anurag medicose and skin care centre,PHARMACY,,Shahi Naka Rd,"Shahi Naka Rd, near Temple Road, beside Congress office, Subhash Nagar, Garha, Jabalpur, Madhya Pradesh 482003",23.1627471,79.89466,Garha,081091 01946,,
da49e0d6-e7b6-41a1-be41-77670a6a9206,Dr. S K Yadav,GENERAL_CLINIC,,Garha Purwa Road,"HIG 4, Vaibhav Medicose, Garha Purwa Road, Chowk, near Dhanwantri Nagar, Jabalpur, Madhya Pradesh 482003",23.1561211,79.8762311,Garha,077258 11726,sushilnscb1990@gmail.com,https://jabalpurhelpline.com/dr-s-k-yadav-skin-specialist
9522a33e-8a82-4651-96ef-5fd93868a311,One Skin Clinic Dr Mohini Chaturvedi,DERMATOLOGY_CLINIC,,Nav Adarsh Colony,"Nav Adarsh Colony, 179/A, MR-4 Rd, Yadav Colony, Jabalpur, New Adaresh Colony, Madhya Pradesh 482002",23.1702052,79.9098428,Garha,,,
d9bcdfd6-235f-4e3a-91cc-b3ac12393d5e,Dr Smriti Chourasia Ayurveda Clinic Jabalpur,IMAGING_CENTER,,166 House number 1320 K 1st floor clinic Ganga Nagar Μ.Ρ Madhya Pradesh IN,"Plot No. 165, 166 House number 1320 K 1st floor clinic Ganga Nagar Μ.Ρ Madhya Pradesh IN, Garha, Gurha Talab, Jabalpur, Madhya Pradesh 482003",23.1613275,79.8915143,Tilwara,081095 55577,drsmritich.ayur@gmail.com,https://drsmritichourasia.com/
313e3e7a-6110-4850-b09e-88df215793ab,Stuti vitiligo centre,ENT_CLINIC,,MR-4 Rd,"2nd floor, Muskan plaza, MR-4 Rd, Vijay Nagar, Jabalpur, New Adaresh Colony, Madhya Pradesh 482002",23.17448,79.909584,Tilwara,090984 52557,stutiskinclinic@gmail.com,https://www.stutivitiligo.com/
52b9d2b3-4410-4526-a1d0-ec621bf8f777,Skin and hair care clinic,DERMATOLOGY_CLINIC,,Green City Rd,"6W47+5VV dubey clinic and pharmacy, Green City Rd, Karmeta, Jabalpur, Madhya Pradesh 482002",23.2054863,79.914671,Karmeta,,,
25e85099-83e0-4279-9b4a-b5d14e796e0b,Anaya Skin Clinic,DERMATOLOGY_CLINIC,,Patan Rd,"Dr radha krishan college ke pass, Patan Rd, Karmeta, Jabalpur, Madhya Pradesh 482002",23.2022854,79.8981636,Karmeta,099937 83344,,
a8c61aed-82dd-4a70-8c44-622a485c9333,Nirwani Medical,GENERAL_CLINIC,,Road,"near Damoh Naka, Damoh Naka, Road, Jabalpur, Madhya Pradesh 482002",23.184817,79.9273287,Karmeta,078281 43646,,
62d9b1c3-21c6-401f-897c-9a5d6798cbbb,Dantveda Dental Clinic,DENTAL_CLINIC,,SBI Chowk,"SBI Chowk, to, Shivnagar Main Rd, opp. Krishi upaj Mandi Market, Vijay Nagar, Jabalpur, Raksha, Madhya Pradesh 482002",23.1874596,79.9151322,Karmeta,075094 10353,sudiksha1992sharma@gmail.com,https://jabalpurhelpline.com/dantveda-dental-clinic
e36c0408-94bc-4df2-9c8d-5e2ab604212c,BABA SAI CLINIC,GENERAL_CLINIC,,Front Of Krishi Upaj Mandi Gate No.2 Deendayal chowk,"Dr.R.K Gupta, Baba Sai Clinic ,1st Floor, Kasturi Tower,Front Of Krishi Upaj Mandi Gate No.2 Deendayal chowk, Damoh Rd, Jabalpur, Madhya Pradesh 482002",23.191057,79.918888,Karmeta,099810 42489,,
446156f4-0761-4858-9b3b-12a6fc9facfe,Sai Medical Stores,PHARMACY,,Amkhera Rd,"Shop No.390192, Amkhera Rd, in front of Shanker Patel Market, Ganji Nagar, Gohalpur, Jabalpur, Madhya Pradesh 482002",23.19664,79.9356122,Karmeta,093013 35480,,
bba78870-6acf-4ab5-bb8a-f20a2ef14360,BMW PHARMACO INDIA PVT.LTD.,GENERAL_CLINIC,,Lalpur Road,"BMW House ,15/3, BMW Street, Lalpur Road,, Gwarighat, Jabalpur, Madhya Pradesh 482008",23.113931,79.919659,Gwarighat,094244 07000,info@bmwpharmaco.com,https://www.bmwpharmaco.com/home.php
8adff0cf-3025-400a-a2ca-b6a9de13e08d,Dr. Shobha Dubey (Naturopathist),GENERAL_CLINIC,,Adarsh Nagar,"Jai Narayan Arogyadham, 64, Adarsh Nagar, Gwarighat Road Near Old Sai Mandir, Madhya Pradesh 482008",23.1370725,79.9258346,Gwarighat,,shobhadubey80@gmail.com,http://jabalpurhelpline.com/jai-narayan-arogyadham-dr-shobha-dubey-naturopathist
fefe707a-bbea-42a1-8580-aab39f493da6,"Dr Batra’s Homeopathy, Hair & Skin Clinic",HOMEOPATHY_CLINIC,,Wright Town,"Above Firstcry.Com Near gate 2 Hanuman Temple, Wright Town, Circle, Ranital, Jabalpur, Madhya Pradesh 482002",23.1683676,79.9240656,Jabalpur Cantt,070450 00666,,https://clinics.drbatras.com/jabalpur/homeopathy-clinic-wright-town
7171109a-9217-46f7-97db-97a20358e8f3,Clinics - Near prem mandir Wright town 2225/2 1st floor,GENERAL_CLINIC,,Kuldeep Bhardwaj,"Kuldeep Bhardwaj, Skin Hair and Cosmetic Clinic Dr, MD - 2225/2, Wright Town, Jabalpur, Madhya Pradesh 482002",23.1623602,79.9250297,Shakti Nagar,,,
9a9816f8-9527-4179-a2a3-71b9a7e9186e,Skinfungalinfection,DERMATOLOGY_CLINIC,,Prem Mandir Rd,"Snhclinics Near, Prem Mandir Rd, Wright Town, Jabalpur, Madhya Pradesh 482002",23.1623004,79.9249712,Shakti Nagar,,snhclinics@gmail.com,https://skinfungalinfection.com/
f105bc13-6805-4a12-a611-31b075f7f56f,Prem mandir rd 2225/2,GENERAL_CLINIC,,Kuldeep Bhardwaj Snhclinics,"Kuldeep Bhardwaj Snhclinics, 2225/2, Prem Mandir Rd, Wright Town, Jabalpur, Madhya Pradesh 482002",23.1622962,79.9249239,Shakti Nagar,,,
950c6daa-62cb-4b8f-8d70-309a4c3afc1d,Cosmetology Clinic - Near prem mandir Wright town 2225/2 1st floor,GENERAL_CLINIC,,SkinHairandCosmeticClinicDrKuldeepBhardwajMD - 2225/2,"SkinHairandCosmeticClinicDrKuldeepBhardwajMD - 2225/2, Wright Town, Jabalpur, Madhya Pradesh 482002",23.1623602,79.9250297,Shakti Nagar,,,
50d52125-13e3-420f-bd99-1efe3e7f135b,PremmandirSnhclinics1st,GENERAL_CLINIC,,Prem Mandir Rd,"2225-2, Prem Mandir Rd, Snhclinics, Wright Town, Jabalpur, Madhya Pradesh 482002",23.1623602,79.9250297,Shakti Nagar,,,
fa4f7017-d7d7-499f-b3ff-d40ae914fa31,Skinpsoriasis,DERMATOLOGY_CLINIC,,Wright Town,"1st Floor, 2225/2, Wright Town, Jabalpur, Madhya Pradesh 482002",23.1622962,79.9249239,Shakti Nagar,,,
f096332b-54dd-412d-a9f4-5638da398dc6,Hair & Skin Care - Near prem mandir Wright town 2225/2 1st floor,DERMATOLOGY_CLINIC,,SkinHairandCosmeticClinicDrKuldeepBhardwajMD - 2225/2,"SkinHairandCosmeticClinicDrKuldeepBhardwajMD - 2225/2, Wright Town, Jabalpur, Madhya Pradesh 482002",23.1623602,79.9250297,Rani Durgavati,,,
af545906-3c28-4807-aae0-4ecd2be945bb,Skin clinic,DERMATOLOGY_CLINIC,,chowk Purva road,"shop number 1, chowk Purva road, Damohnaka, MP Housing Board Colony, Dhanvantari Nagar, Jabalpur, Madhya Pradesh 482003",23.1558161,79.8745244,Damohnaka,,,
76df2263-4e4a-4d20-88db-0e6062781232,MedicineSnhclinics,GENERAL_CLINIC,,Skin Hair and Cosmetic Clinic Dr Kuldeep Bhardwaj MD,"Skin Hair and Cosmetic Clinic Dr Kuldeep Bhardwaj MD, Wright Town, Jabalpur, Madhya Pradesh 482002",23.1623602,79.9250297,Medical Road,,,
2f83be8b-26b8-465a-9927-a0cf15a30822,EczemaSnhclinics,GENERAL_CLINIC,,Skin Hair and Cosmetic Clinic Dr Kuldeep Bhardwaj MD,"Skin Hair and Cosmetic Clinic Dr Kuldeep Bhardwaj MD, Wright Town, Jabalpur, Madhya Pradesh 482002",23.1623602,79.9250297,Medical Road,,,
25ce666f-ced4-4cfa-87e1-6e2f207c523e,Medical Center - Near prem mandir Wright town 2225/2 1st floor,ENT_CLINIC,,SkinHairandCosmeticClinicDrKuldeepBhardwajMD - 2225/2,"SkinHairandCosmeticClinicDrKuldeepBhardwajMD - 2225/2, Wright Town, Jabalpur, Madhya Pradesh 482002",23.1623602,79.9250297,Medical Road,,,
36471a4b-0c9c-4b5c-95d3-8c1d2b902185,Ojas Clinic,GENERAL_CLINIC,,Unknown,,,,Gangasagar,0761 356 8156,skinclinic.ojas@gmail.com,http://ojasclinic.com/
36b70e76-bdaa-4020-b6af-018d1f610e89,1floor Mohit skyline in front of vijan mahal hotel,GENERAL_CLINIC,,Jabalpur,"4XG8+8R5, Jabalpur, Tilhari, Madhya Pradesh 482020",23.125754,79.9671134,Tilhari,,,
85674767-8a2c-439e-bc70-d342d09f3aec,Dr Kukrele Clinic,GENERAL_CLINIC,,MP Housing Board Colony,"5V4F+MH4, Damohnaka, MP Housing Board Colony, Dhanvantari Nagar, Jabalpur, Madhya Pradesh 482003",23.1566259,79.8739686,Bhedaghat,076126 71470,,
17b21467-be40-4469-8806-37dd2fa852ff,Dr. Neha Ramsinghani,GENERAL_CLINIC,,Gole Bazar,"Sukoon Clinic | Psychiatric Clinic in Jabalpur, behind HDFC Bank LTD, Gole Bazar, Wright Town, Jabalpur, Madhya Pradesh 482002",23.1687867,79.9258808,Wright Town,093032 88038,naina.omus@gmail.com,http://jabalpurhelpline.com/sukoon-clinic-dr-neha-ramsinghani
898b5735-1aa0-4ae8-b615-b6304cb88030,Dr. Renu Pandey Shukla,GENERAL_CLINIC,,Home Science College Rd,"1503, Home Science College Rd, opposite HP Petrol Pump, Napier Town, Jabalpur, Madhya Pradesh 482002",23.1607422,79.9237241,Wright Town,083058 16951,renulnmc@gmail.com,https://www.apnabusinesscard.com/Dr-Renu-Pandey-Shukla-%28Psychiatrist%29
4a98129a-3dde-4f45-9932-bbfd8f02f4de,Dr Gurmeet Singh Psychiatrist and Counselor,PSYCHIATRY_CLINIC,,Patrakar Colony,"Ranital Square, above Subash medical store, Patrakar Colony, Wright Town, Jabalpur, Madhya Pradesh 482002",23.1705858,79.923706,Wright Town,093296 88567,,
61eeca26-0b86-454c-81b6-f40a5f52ab82,Dr. Sarang Pandit (Samvedna Clinic) - Psychiatrist l Depression l Anxiety l Schizophrenia l Mental Retardation l Jabalpur,PSYCHIATRY_CLINIC,,church school road,"Shop no.11, first floor, Dixit pride Chrish, church school road, Napier Town, Jabalpur, Madhya Pradesh 482001",23.1659012,79.9388956,Wright Town,070676 71223,sarangpan@gmail.com,https://www.apnabusinesscard.com/Samvedna-Clinic
7744df38-1112-4eda-95ad-5118352026d4,Abhilakshya Mind Clinic Jabalpur (Meera Rai - Clinical Psychologist),PSYCHIATRY_CLINIC,,Sneh Nagar Rd,"4, Sneh Nagar Rd, opposite Telegraph Gate, Wright Town, Jabalpur, Madhya Pradesh 482002",23.1639641,79.9205685,Wright Town,073031 83233,,https://www.apnabusinescard.com/Abhilakshya-Mind-Clinic
e11ffb23-f818-4e46-b5e6-bbcd53864cba,Mental Health Clinic,PSYCHIATRY_CLINIC,,Marhatal,"8/10, JDA Complex, Civic Centre, Marhatal, Jabalpur, Madhya Pradesh 482002",23.168549,79.9347289,Wright Town,076124 00288,,
46b6bd83-c69d-48ac-be18-64cda0a87a43,"The Insight Clinic - Dr Rajni Chatterji, MD Psychiatry",PSYCHIATRY_CLINIC,,Wright Town,"847, near vishal megamart, opp. icici bank, Wright Town, Jabalpur, Madhya Pradesh 482002",23.1678366,79.9267227,Wright Town,098264 24725,,
3a275850-dcea-44f4-ac22-ad15a3b66c0a,Manas Yantra - Psychology & Counselling Center,PSYCHIATRY_CLINIC,,Punjabi Hindu Association Chowk,"Radhey Kuti, Punjabi Hindu Association Chowk, 1547, Home Science College Rd, Napier Town, Jabalpur, Madhya Pradesh 482002",23.160583,79.9248719,Wright Town,094067 37485,,
2c4be051-f6f6-4b83-8cbc-b27f49d2c3d5,"Dr.Ankita Sahu(hope mental health clinic,Jbp)",PSYCHIATRY_CLINIC,,Malaviya Chowk,"Satna Building, 315, Malaviya Chowk, Gole Bazar, Wright Town, Jabalpur, Madhya Pradesh 482001",23.1702563,79.9313944,Wright Town,078981 57252,ankita.sahu.66@gmail.com,https://www.apnabusinesscard.com/Dr-Ankita-Sahu-%28Psychiatrist%29
a2a5d740-192a-4d61-aaa9-429cf4918bce,Manochikitsa Clinic,GENERAL_CLINIC,,Bhavartal Garden Rd,"5W7M+94P, Near Sunil Hosiery, Bhavartal Garden Rd, Krishna Hotel Road, adjacent Psychiatry Clinic, Jabalpur, Madhya Pradesh 482002",23.1634513,79.9328387,Wright Town,090091 01571,,https://manochikitsaclinic.com/
8ea0197d-b174-4189-83d1-d891074f1f5c,Ratnesh kureriya doctor,GENERAL_CLINIC,,Madan Mahal Railway Station Rd,"Ramaynam, 2388, Madan Mahal Railway Station Rd, Wright Town, Jabalpur, Madhya Pradesh 482002",23.1626854,79.9206732,Wright Town,,,
fc2f9890-ccea-4962-9ecc-d85331218c08,Dr. Avantika Shrivastava (Clinical Psychologist Counsellor),PSYCHIATRY_CLINIC,,Marble City Hospital,"Marble City Hospital, Near, Bhavartal Garden Rd, Napier Town, Jabalpur, Madhya Pradesh 482001",23.1633752,79.9355084,Wright Town,093001 29945,dr.ashrivastava124@gmail.com,https://jabalpurhelpline.com/dr-avantika-shrivastava
9be2f9cd-d921-462c-b974-c442866dcb20,DrlodhiClinic,GENERAL_CLINIC,,Prem Mandir Rd,"Infront of, Prem Mandir Rd, Wright Town, Jabalpur, Madhya Pradesh 482002",23.1639054,79.9251206,Wright Town,099927 72668,,
ac4cf704-ccd8-4a2a-9bba-655bd16bc5e8,Surbhi Saxena - Clinical Psychologist - Healthy Minds Clinic,PSYCHIATRY_CLINIC,,Captainganj,"1136, Shastri Bridge, beside Bank Of Baroda, Captainganj, Napier Town, Jabalpur, Madhya Pradesh 482001",23.1591821,79.9295863,Wright Town,093992 75647,,
5f2e1769-1f0a-49f3-ab32-295e51eb90be,Ankushchoudhary,GENERAL_CLINIC,,Nagrath Chowk,"2722, Nagrath Chowk, beside Indian Overseas Bank, Napier Town, Jabalpur, Madhya Pradesh 482001",23.1636514,79.9408362,Wright Town,,,
d7339eb8-2b69-4117-9b8c-f98c006f1ba0,The Mind Clinic - Meghna Singh,GENERAL_CLINIC,,Gorakhpur,"Flat no 12A, Satya-Villa, apartments, Gorakhpur, Jabalpur, Madhya Pradesh 482001",23.14744,79.9251036,Wright Town,099938 39064,,
39bc86e5-2284-494a-a1bf-e69666e34841,"Aditi Bawaria, Life and Relationship Counselor",GENERAL_CLINIC,,Bilhari,"Anushree Parisar, street 3, Bilhari, Jabalpur, Madhya Pradesh 482001",23.1331295,79.9661548,Wright Town,,,https://aditibawaria-coachtherapist.vercel.app/
00a4b37e-08df-46ef-a167-f1e63254903e,Dr. Mahendra Singh Lodhi | Psychiatrist |,PSYCHIATRY_CLINIC,,Prem Mandir Rd,"Prem Mandir Rd, Wright Town, Jabalpur, Madhya Pradesh 482002",23.1638336,79.9251294,Wright Town,,,
84c248b7-89af-421f-bc94-c756f33d0b35,Anisha Jaiswal - Psychologist,PSYCHIATRY_CLINIC,,South Civil Lines,"6, near Sai Baba Temple, South Civil Lines, Jabalpur, Madhya Pradesh 482001",23.1689406,79.9427696,Wright Town,077460 20099,,https://www.instagram.com/therapist_anishaa/
76d04e28-e3cd-4ba2-80d2-ab887837925c,Shanti Serene Counselling,GENERAL_CLINIC,,Garha,"Anand Kunj, Tiraha, beside State Bank of India, Garha, Jabalpur, Madhya Pradesh 482003",23.1617119,79.899491,Wright Town,,,http://facebook.com/shanti.serene.counselling/
0263d901-6d53-448d-a1f6-a12094502936,Mansik Rog Chikisalay,GENERAL_CLINIC,,Patel Mohalla,"JDA Complex, Civic Center, Patel Mohalla, Marhatal, Jabalpur, Madhya Pradesh 482002",23.1672473,79.9348725,Napier Town,098265 88700,,
883af639-210b-4f18-87c3-3ca40f17dfeb,Hope mental health clinic,PSYCHIATRY_CLINIC,,Malaviya Chowk,"Satna Building, Malaviya Chowk, above Sahu news agency, Ganjipura, Jabalpur, Madhya Pradesh 482002",23.170059,79.9335402,Napier Town,,,
cd68dcd4-1149-4b26-8598-0a4e3117650d,Dr Shraddha Tiwari (Psychologist),PSYCHIATRY_CLINIC,,Sneh Nagar Rd,"Sneh Nagar Rd, in front of Dakshinmukhi Hanuman Mandir, Anjani Vihar Colony, Sneh Nagar, Jabalpur, Madhya Pradesh 482002",23.165473,79.914372,Napier Town,093007 25282,,
51e07355-b67f-471e-b52b-a2cf6be034b7,Dr sumit pasi psychologist,PSYCHIATRY_CLINIC,,South Civil Lines,"near Empire talkies, Malhotra Compound, South Civil Lines, Jabalpur, Madhya Pradesh 482001",23.1590812,79.9477103,Napier Town,088177 56962,,https://maanaswellnessgrove.com/
54e50d71-7121-4645-b71a-e40ce24c5d73,Dr Tanmay Agrawal,GENERAL_CLINIC,,Unknown,,,,Napier Town,,,https://pmsss.in/2205/the-best-doctors-for-ibs-treatment-in-india-with-100-success-rate-to-cure-ibs-irritable-bowel-syndrome
6319d2c9-3a5a-4609-a01b-ca7ceb6f6a5d,"Piyush Dengra, Psychologist and Career Counsellor",PSYCHIATRY_CLINIC,,Hathital,"10, Hathital, Jabalpur, Madhya Pradesh 482001",23.1507248,79.9239258,Napier Town,075667 55892,,
9ebc735c-c38f-43ee-9e43-3bb91a9e491a,Jabalpur Eye Care,EYE_CLINIC,,Bhavartal Garden Rd,"Near Sunil Hosiery, Bhavartal Garden Rd, adjacent Psychiatry Clinic,Krishna Hotel Road, Jabalpur, Madhya Pradesh 482002",23.1634593,79.9330766,Napier Town,091114 51846,,http://www.jabalpureyecare.in/
156d66ba-b307-4352-abb5-0f6389bae281,Dr. Hema Sahu (Rehabilitation & Clinical Psychologist),PSYCHIATRY_CLINIC,,Bhole Kuti Road,"1081, Bhole Kuti Road, Sainik Society, Shakti Nagar, Jabalpur, Madhya Pradesh 482001",23.144623,79.9047527,Napier Town,,hemasahu527@gmail.com,https://apnabusinesscard.com/Dr-Hema-Sahu-%28Clinical-Psychologist%29
532f9eba-ecc6-45a0-b86a-6a516ade629c,"Col (Dr) Amresh Dubey , Psychiatrist Jabalpur",PSYCHIATRY_CLINIC,,Karan Singh Market,"Karan Singh Market, 3, Bilhari, Jabalpur, Madhya Pradesh 482020",23.1329661,79.9637123,Madan Mahal,099585 28710,,
9cce0ed3-2da4-47e2-887d-b79e89b2ab22,Dr. Mansi Anand | Psychiatrist,PSYCHIATRY_CLINIC,,Unknown,,23.1756951,79.9687529,Gorakhpur,091318 30984,mansianand1994@hpr.abdm,https://eka.care/doctor/dr-mansi-anand-psychiatrist-bhopal/calendar
0200f726-e134-436d-98f6-5516eaa648eb,Devine Foundation- Tarot Reading Services,GENERAL_CLINIC,,Narmada Rd,"1st Floor, F.F. 10 Johnson Tower, Narmada Rd, Jabalpur, Madhya Pradesh 482001",23.1457731,79.9285698,Gorakhpur,087708 97701,,
6eebfaba-d7de-4b96-8bd7-b23799b61b7a,Safalho Career Experts - Counseling and Psychotherapy Services,PSYCHIATRY_CLINIC,,South Civil Lines,"314, Sheela Cinema Compound, South Civil Lines, Jabalpur, Madhya Pradesh 482001",23.1617837,79.9477515,Adhartal,070490 69330,info@safalho.com,http://www.safalho.com/
7b44aab8-0631-4659-9abc-afb97f74152d,Dr. Umesh Pathak MBBS MD,GENERAL_CLINIC,,Jabalpur Rd,"PATHAK Neuropsychiatry & De-addiction clinic, Susheel medical Building, Jabalpur Rd, near Indira Gandhi Congres bhawan, near Indira Gandhi District Hospital, Ekta Colony, Shanti Nagar, Seoni, Madhya Pradesh 480661",,,Adhartal,080878 66112,,
70670876-c10d-4829-83df-fa113ed7067f,Dr. Gupta Nasha Mukti Clinic,GENERAL_CLINIC,,Katni Road,"Katni Road, Damoh Naka, Shanti Nagar, Jabalpur, Madhya Pradesh 482002",23.1880598,79.9318318,Adhartal,,,
56ae83dc-c11e-41e8-85d7-99fc669e66f3,WAKE-UP (PSYCHOLOGY COUNSELING CENTRE),PSYCHIATRY_CLINIC,,Unnamed Road,"6W52+58W, Unnamed Road, Karmeta, Jabalpur, Madhya Pradesh 482002",23.2079916,79.900835,Vijay Nagar,094256 59425,payalchourasia1979@gmail.com,https://wakeupcounseling.com/
7e21f116-8a8b-4d5f-8fb8-e65b35e2232e,SPASHT Hearing & Speech Therapy Clinic,GENERAL_CLINIC,,Napier Town,"272, in front of Naveen Vidhya Bhawan, Napier Town, Jabalpur, Madhya Pradesh 482001",23.1606426,79.934629,Vijay Nagar,0761 358 3470,admin@spashtindia.com,https://www.spashtindia.com/
95549ab1-9ff0-4f2b-bda0-3fca4549243a,Mental wellness,PSYCHIATRY_CLINIC,,Vijay Nagar Rd,"66, Vijay Nagar Rd, Vijay Nagar, Jabalpur, Raksha, Madhya Pradesh 482002",23.1874072,79.9051119,Vijay Nagar,,,
f1493451-f6ed-4219-b35b-4223132879a0,Department of Psychiatry,ENT_CLINIC,,Doctors Colony,"4VXH+FQQ, Doctors Colony, Medical College Colony, Jabalpur, Madhya Pradesh 482003",23.1487027,79.8794779,Tilwara,,,
e96011d0-143e-4255-9c5e-a2a7f5b162bd,PAHAL De-addiction & Rehabilitation Center,PHYSIOTHERAPY_CENTER,,Jasuja City,"Vidhya Nilay Bhawan, LIG 213, behind Jain Nursing Home, Jasuja City, Dhanvantari Nagar, Jabalpur, Madhya Pradesh 482003",23.1563525,79.8711554,Tilwara,082696 51087,info@pahalbhopal.com,https://pahaljabalpur.com/
9533dd40-71d3-40cf-90ba-0de33bb7cc5e,𝗡𝗮𝘀𝗵𝗮 𝗠𝘂𝗸𝘁𝗶 𝗞𝗲𝗻𝗱𝗿𝗮 𝗝𝗮𝗯𝗮𝗹𝗽𝘂𝗿 - 𝗕𝗲𝘀𝘁 𝗡𝗮𝘀𝗵𝗮 𝗠𝘂𝗸𝘁𝗶 𝗞𝗲𝗻𝗱𝗿𝗮 𝗶𝗻 𝗝𝗮𝗯𝗮𝗹𝗽𝘂𝗿,GENERAL_CLINIC,,Patan Rd,"Before RTO, Manas Bihar, Patan Rd, Karmeta, Patan, Jabalpur, Madhya Pradesh 482002",23.197932,79.9060067,Karmeta,093292 85344,sensatish37@gmail.com,https://nashamuktikendrajabalpur.org/
f5596594-1daa-478e-b404-b767a02afa32,Positivelife counselling,GENERAL_CLINIC,,South Civil Lines,"509 Bhasin Residency, near Jackson Hotel, South Civil Lines, Jabalpur, Madhya Pradesh 482001",23.1640782,79.9579758,Civil Lines,094078 51915,johnbeju@yahoo.co.in,https://apnabusinesscard.com/Positivelife-Counselling
f7a12555-a07a-4884-b2a6-64ffd7e0bdb8,TheCompleteHealth - Dr Manisha Kapoor,GENERAL_CLINIC,,near Ghadi Chowk,"First Floor, Kailash Bhawan, 14/514, near Ghadi Chowk, Vijay Nagar, Jabalpur, Raksha, Madhya Pradesh 482002",23.1897614,79.9103016,Civil Lines,082875 64590,,https://www.facebook.com/thecompletehealth.info
c016e8d8-dd08-4e2e-b52a-9cc319527869,Nav Jyoti Nasha Mukti & Punarwas Kendra,GENERAL_CLINIC,,Gwarighat Main Rd,"Gwarighat Main Rd, Aastha Nagar, Awadhpuri Colony, Gwarighat, Jabalpur, Madhya Pradesh 482008",23.1152426,79.9236045,Gwarighat,098931 61251,,
e797ce40-44b2-4a9a-bc60-2270a2f921bd,Himanshi Matani - Counselling Psychologist,PSYCHIATRY_CLINIC,,Bharipur Rd,"H.No.60, Bharipur Rd, Badi Omti, Jabalpur, Madhya Pradesh 482002",23.1715399,79.9385961,Gol Bazar,073542 69135,,
1d084c8a-7809-4b83-a565-75b8bb472bdc,DR.ABHILASH SHUKLA,GENERAL_CLINIC,,Govindh Bhavan Colony,"5X74+VJW, Govindh Bhavan Colony, South Civil Lines, Jabalpur, Madhya Pradesh 482001",23.1647457,79.9565645,Gol Bazar,094244 30645,,
285267c9-b2f9-4998-8b11-775f8931b75d,Madhuram multi rehabilitation centre,PHYSIOTHERAPY_CENTER,,Madan Mahal Railway Station Rd,"4th, gate, Near, Madan Mahal Railway Station Rd, Wright Town, Jabalpur, Madhya Pradesh 482002",23.1633918,79.9210457,Gol Bazar,093401 13875,,
d6f38d99-2f8c-420b-b8cd-cb7087262436,"TranceHeal Hypnotherapy & Reiki Healing for Anxiety, Stress, Depression, OCD, Phobia, PLR Jabalpur",PSYCHIATRY_CLINIC,,Govindh Bhavan Colony,"in front of Chief Justice Bungalow, Govindh Bhavan Colony, South Civil Lines, Jabalpur, Madhya Pradesh 482001",23.164522,79.9635918,Cherital,093002 09945,admin@tranceheal.in,https://tranceheal.in/
711d0b14-8ab0-4aae-8db9-aa4b57edab10,Sankalp Child Care and Development Centre,PEDIATRIC_CLINIC,,near Prem Mandir Road,"299, near Prem Mandir Road, Wright Town, Jabalpur, Madhya Pradesh 482002",23.1640051,79.9249141,Cherital,099999 72603,office.sankalpcentre@gmail.com,https://www.sankalpcentres.com/
7077c876-fb5b-4e84-b3b9-b199803b5873,Nivaran Child Rehabitation Center,PEDIATRIC_CLINIC,,Sneh Nagar Rd,"Gate No.4, Animesh Gupta, Sneh Nagar Rd, opposite P & T Telegraph Factory, Wright Town, Jabalpur, Madhya Pradesh 482001",23.1638759,79.9203422,Cherital,089597 77177,nivaran538@gmail.com,https://www.apnabusinesscard.com/Nivaran-Child-Rehab-Centre
6e648036-a595-41cb-819e-9cf6922786b5,Shashi Mishra - Speech Therapist & Audiologist (Assistant),GENERAL_CLINIC,,Madan Mahal,"1739, Nishant Niwas, In front of Gurunanak Cold Storage Amanpur, Madan Mahal, Jabalpur, Madhya Pradesh 482002",23.1578648,79.9131238,Cherital,093027 89333,speakwelljbp@gmail.com,https://jabalpurhelpline.com/shashi-mishra-speech-therapist-and-audiologist-assistant
4527da19-5b47-4492-9748-2a12ca67e091,Dr. Moti Kushwaha Healing hand Physiotherapy हीलिंग हैंड फिजियोथैरेपी,PHYSIOTHERAPY_CENTER,,Ahinsha Chowk Janki Nagar Road,"Ahinsha Chowk Janki Nagar Road, Behind DOMINOS Sant Santaji Colony 1st Left, Vijay Nagar, Jabalpur, Madhya Pradesh 482002",23.1854149,79.9112223,Cherital,083197 55403,,https://mymedisage.com/profile/942946?utm_source=share&utm_medium=WMobile&utm_campaign=942946
0527ad39-1fc9-4fed-a8df-c11cad7a859c,Dr.Kanha Gautam || Physiotherapist,PHYSIOTHERAPY_CENTER,,Madan Mahal Railway Station Rd,"Near Underbridge, Madan Mahal Railway Station Rd, ride, Jabalpur, Madhya Pradesh 482001",23.1647391,79.921812,Cherital,,,
8ba12535-f939-4de8-9a6a-39975cd5fa7a,Akasa Child Rehab Center,PEDIATRIC_CLINIC,,Ekta Chowk,"Above Physiotherapy Centre, Kachnar Avenue, Ekta Chowk, near Paroha Vision Building, Vijay Nagar, Jabalpur, Madhya Pradesh 482002",23.1827804,79.9015285,Cherital,091799 88071,archanadub@gmail.com,https://www.apnabusinesscard.com/Archna-Dubey-%28Rehabilitation-Psychologist%29
44e06eeb-6351-4bb4-840f-461b2f99ce74,"Dr.S.R.Kushwaha ""Dr.Shubh for Physiotherapy""",PHYSIOTHERAPY_CENTER,,Ukhri Rd,"Savitri Cinema Compound, 205, Ukhri Rd, near Small wonders senior secondary school, Baldeobagh, Sheetalpuri, Jabalpur, Madhya Pradesh 482002",23.1783659,79.923639,Cherital,096859 65749,,https://wa.me/919685965749
37d23546-fdda-4684-8778-94b46fdab217,Pitambara PhysioCare & Rehab,PHYSIOTHERAPY_CENTER,,MR-4 Rd,"1st Floor, Plot no 7, MR-4 Rd, behind Neelkanth Hotel, Vijay Nagar, Jabalpur, New Adaresh Colony, Madhya Pradesh 482002",23.1777316,79.9112937,Cherital,094064 73638,pitambaraphysiocarerehab@gmail.com,https://apnabusinesscard.com/Pitambara-Physio-Care-and-Rehab
d64796ef-a43e-450e-9077-45e18efaff08,Dr YOGENDRA GOHIIL ACUPRESSURE & REIKI HEALER,PHYSIOTHERAPY_CENTER,,Gupteshwar Rd,"Maha Nadda, Gupteshwar Rd, Hathital, Jabalpur, Madhya Pradesh 482001",23.1549485,79.9214936,Cherital,095895 08403,,
d9bad347-9b15-47ce-af8e-a1f0b831f17a,Madan Mahal,GENERAL_CLINIC,,Sudhama Nagar,"5W67+MWR, Sudhama Nagar, Shukla Nagar, Ranipur, Jabalpur, Madhya Pradesh 482002",23.1617436,79.9147546,Cherital,093403 20982,,
40f8b9bc-4fa7-4be2-96c9-7a3e0ea631e1,SHREE PHYSIOTHERAPY AND REHABILITATION CLINIC,PHYSIOTHERAPY_CENTER,,Rani Durgawati Rd,"tiraha, Rani Durgawati Rd, Nav Nivesh Colony, Ganga Nagar, Jabalpur, Madhya Pradesh 482002",23.1598968,79.8919778,Cherital,089648 23668,,
2f0ce6b8-a027-4d93-bb7d-44ba90e19c8a,Vahi Sanjeevani (Therapist Tilottama Dewangan),GENERAL_CLINIC,,Rajul Township,"Rajul Township, C43, Rajul City, Tilhari, Jabalpur, Madhya Pradesh 482020",23.1186707,79.9755109,Rani Durgavati,074705 95349,,
ba1e7638-93dd-447f-8eeb-5dc9e51e9b21,Nivaran Nasha Mukti Kendra - Nasha Mukti Kendra | Rehabilitation | Deaddiction | Best Addiction Recovery Center in Jabalpur,PHYSIOTHERAPY_CENTER,,Neemkheda,"Mahatma Gandhi Homeopathic Medical College DPS School Gour Tiraha, opp. Marble Rock School, Neemkheda, Jabalpur, Madhya Pradesh 482021",23.093422,80.00741,Medical Road,089895 45233,,
415074b5-8914-4332-99ce-071967b1d1ad,Geragem co.Ltd,GENERAL_CLINIC,,KanchGhar,"5XG6+FQR, KanchGhar, Jabalpur, Madhya Pradesh 482001",23.1762335,79.9618802,Hanuman Tal,,,
6f941f37-dc69-45b0-851d-a0aab6a34862,Ceragem Kanchghar Jabalpur (Zonal Office),GENERAL_CLINIC,,KanchGhar,"1, KanchGhar, Jabalpur, Madhya Pradesh 482001",23.179857,79.9632739,Hanuman Tal,089890 89797,,https://ceragem.co.in/
56ff1906-843f-417c-a05e-a2e47c7c808d,Life Mantra Counseling Services,GENERAL_CLINIC,,Shakti Nagar Chowk,"1770/A, 2nd Floor, Karwal Tower, Shakti Nagar Chowk, Gupteshwar Rd, Jabalpur, Madhya Pradesh 482001",23.1471184,79.9165832,Katanga,095605 45837,,https://lifemantracounseling.in/
165b1e49-f1db-4fe5-86af-b73b37f72b02,Atmanamm,GENERAL_CLINIC,,Nagrath chowk,"Nagrath chowk, South Civil Lines, Jabalpur, Madhya Pradesh 482001",23.162784,79.9421626,Katanga,090078 68666,,https://www.instagram.com/atmanamm?igsh=MXZtMHBjdmtzaGRr
e9b29670-3c34-4012-b2cd-57178463f03f,Little one Speech therapy center Jabalpur,ENT_CLINIC,,Premnagar,"Premnagar, Hathital, Jabalpur, Madhya Pradesh 482001",23.1533952,79.9180257,Katanga,097700 26983,,
4c4907b0-586a-4792-b50e-eb44722baf29,HDR Speech and Hearing Clinic,GENERAL_CLINIC,,Ladli Laxmi Path,"Shivshakti Parisar, Wing B, R-2, 2nd Floor, Near Shree Chandimata Mandir, Madan Mahal, Ladli Laxmi Path, Jabalpur, Madhya Pradesh 482002",23.1618085,79.9175308,Katanga,095894 41112,hdrspeechtherapy2017@gmail.com,https://www.apnabusinesscard.com/HDR-Speech-and-Hearing-Clinic
260daf4d-a702-48a0-8256-786d96ccccc6,New Hope Clinic (Multi Disciplinary Clinic),GENERAL_CLINIC,,Road,"HIG C-24, Road, near Gurukul school, Sai Colony, Dhanvantari Nagar, Jabalpur, Madhya Pradesh 482003",23.1632076,79.8732187,Panagar,082340 13037,pinkiaslp53@gmail.com,https://www.apnabusinesscard.com/New-Hope-Clinic
557668e1-4c3f-4b8e-ba8d-51de578a37c6,Fs physiocare clinic,PHYSIOTHERAPY_CENTER,,Char Khamba Rd,"5WRR+3C3, Char Khamba Rd, Ansar Nagar, Gohalpur, Jabalpur, Madhya Pradesh 482002",23.1901387,79.9410453,Gohalpur,,,https://sites.google.com/view/fs-physiocare-clinic-?usp=sharing
dee846fa-520f-49b6-a37f-d89489c93ee4,Bahorabag,GENERAL_CLINIC,,Char Khamba Rd,"5WQR+G3F, Char Khamba Rd, Ansar Nagar, Gohalpur, Jabalpur, Madhya Pradesh 482002",23.1888065,79.9401746,Gohalpur,,,
148e6459-14f0-4d34-99a8-2f282b3a3de6,FS Physiocare Clinic – Women Health & orthopaedic Physiotherapy,PHYSIOTHERAPY_CENTER,,Char Khamba Rd,"5WMP+XPG, Char Khamba Rd, near by jani aata chakki, Ansar Nagar, Gohalpur, Jabalpur, Madhya Pradesh 482002",23.1849325,79.9368276,Gohalpur,,,
2a903ea0-ee8a-461f-9bc8-0f578b5ee898,Shree Bhasha Vikash Kendra,GENERAL_CLINIC,,Agrawal Colony,"Agrawal Colony, near Khermai Mandir Road, Nove Adaresh Colony, Sneh Nagar, Jabalpur, New Adaresh Colony, Madhya Pradesh 482002",23.1674629,79.9159445,Gohalpur,091312 22638,sanjaytiwaribvk@gmail.com,https://www.apnabusinesscard.com/Shree-Bhasha-Vikash-Kendra
ad1f3879-ef72-4ead-bc03-943721e91b6d,CUPPING THERAPY IN JABALPUR | Dr MN Ansari,GENERAL_CLINIC,,Unknown,,23.1756951,79.9687529,Gohalpur,084359 23082,,
c00adc6c-2408-4deb-9452-c973dd858fc1,Dr Sumit Jain (MDS) Smile N Braces,DENTAL_CLINIC,,Super market Opposite indian coffee house of super market Malviya chowk,"Super market Opposite indian coffee house of super market Malviya chowk, Hardol Mandir Rd, Jabalpur, Madhya Pradesh 482002",23.1715204,79.931511,Wright Town,086190 86289,jain.sumit462@gmail.com,http://www.smilenbracesjabalpur.com/
7ad936e3-19e7-42c3-bb4f-bb98340c9e50,Dr. Richa Naik ( maxillofacial surgeon/implantologist),SURGICAL_CENTER,,Golbazar,"832, Golbazar, Naik Multispeciality hospital, Wright Town, Jabalpur, Madhya Pradesh 482002",23.1689929,79.9244867,Wright Town,081202 09876,info@nmhjabalpur.com,https://nmhjabalpur.com/
65510098-ff60-41de-beac-77a2767518ba,Dental square,DENTAL_CLINIC,,Napier Town,"opp. madan mahal police station, Napier Town, Jabalpur, Madhya Pradesh 482002",23.1614525,79.9212307,Wright Town,098265 22888,,https://dentalsquarejabalpur.com/dental-ads.html
5119aa5d-eff0-4c14-a39d-67948a508d2c,Healthy smile dental clinic,DENTAL_CLINIC,,Kamla Nehru Nagar,"943, Kamla Nehru Nagar, Wright Town, Jabalpur, Madhya Pradesh 482002",23.1638961,79.9207397,Wright Town,099816 19597,indiaaabhishek.guptasdc@gmail.com,https://www.healthysmilejabalpur.com/
637922af-a5ab-45e1-b23f-10c2e7e8886d,Dr Rohit Mishra (Specialist's Dental Hub),DENTAL_CLINIC,,Madan Mahal Railway Station Rd,"129/1/A, Madan Mahal Railway Station Rd, Wright Town, Jabalpur, Madhya Pradesh 482001",23.1624571,79.9206613,Wright Town,089591 99997,,
84185cff-e9cf-4357-ad93-e99366b3cb6e,Gargi Dental Care,DENTAL_CLINIC,,Home Science College Rd,"Home Science College Rd, near ashish hospital, Wright Town, Jabalpur, Madhya Pradesh 482002",23.1604746,79.9238016,Wright Town,099074 66222,gargimtiwari07@gmail.com,https://www.apnabusinesscard.com/Gargi-Dental-Care
b2ced3ed-8bf2-43e1-85be-df6deed48976,Dr. Priyank Dubey,GENERAL_CLINIC,,Madan Mahal Railway Station Rd,"pillar no 136, 2388, near, Madan Mahal Railway Station Rd, opp. Hanuman Papers, Wright Town, Jabalpur, Madhya Pradesh 482002",23.1626772,79.920741,Wright Town,091110 07776,drpriyankdubey@gmail.com,https://apnabusinesscard.com/Dr-Priyank-Dubey-%28MDS%29
bf551b46-f94c-4452-8165-7502e67b60dc,DENTAL STUDIOZ,DENTAL_CLINIC,,Wright Town,"Jai Shri Krishna Building, near High-Tech MRI Centre, Wright Town, Jabalpur, Madhya Pradesh 482002",23.1672544,79.9298524,Wright Town,077710 80124,,https://www.instagram.com/dental.studioz/
a85f4280-2e6f-4565-a0a6-a2ad52e1caab,Gentle Dental Care by Dr. Rohit Gupta,DENTAL_CLINIC,,Gole Bazar,"678, opposite दत्त मंदिर, near National Hospital, Gole Bazar, Wright Town, Jabalpur, Madhya Pradesh 482002",23.1703043,79.9284812,Wright Town,0761 407 0726,drrohitgupta.gdc@gmail.com,https://apnabusinesscard.com/Dr-Rohit-Gupta
f786928d-8df9-49a0-a69d-bfe69c81b129,Deshmukh Dental Clinic,DENTAL_CLINIC,,Russel Chowk,"Russel Chowk, Napier Town, Jabalpur, Madhya Pradesh 482002",23.1642532,79.9357746,Wright Town,090095 57733,,http://www.deshmukhdental.in/
eefcb0c9-e1a0-4a34-832a-c0c6155b0107,Dr.Baharani Dental Clinic,DENTAL_CLINIC,,Gole Bazar,"opp. OLD Jamdar Hospital, Gole Bazar, Wright Town, Jabalpur, Madhya Pradesh 482002",23.1696971,79.9287792,Wright Town,090097 00109,,
3250acef-bf70-4245-9a2e-6395d0eebf6c,Saket Dental Clinic & Orthodontic Centre,DENTAL_CLINIC,,Gol Bazar Rd,"mahakaushal school, Shaheed Smarak, 664, Gol Bazar Rd, Wright Town, Jabalpur, Madhya Pradesh 482001",23.1708863,79.9280789,Wright Town,,,
7fdb7537-b4d3-4939-b2ac-e586cc7f7258,Denticaa Dental Clinic,DENTAL_CLINIC,,Mohanlal Hargobindas Hospital Road,"Nalini Apartment, Mohanlal Hargobindas Hospital Road, near Astha Medical, Wright Town, Jabalpur, Madhya Pradesh 482001",23.1654853,79.9242353,Wright Town,,,
6011c7a6-c9fd-4e8d-8f88-af3338d3d045,KRITAN Family Dental Care,DENTAL_CLINIC,,4th Bridge Rd,"4th Bridge Rd, near sahil Honda, in front of geetanjali school, Napier Town, Jabalpur, Madhya Pradesh 482001",23.1592421,79.9371916,Wright Town,094794 66662,,https://kritanfamilydentalcare.in/
426b42a3-362d-4f7c-b810-e9be752371df,Dental House,DENTAL_CLINIC,,Ranital,"Gate No 2, opp, Hanuman Mandir Gali, Ranital, Jabalpur, Madhya Pradesh 482002",23.168402,79.9236629,Wright Town,084355 83310,dentalhouse91@gmail.com,https://dentalhousejbp.com/
7f55cf8b-d8b4-4449-a0a6-7691f0fc5d5e,Chauhan Dental Clinic - Dentist in Jabalpur,DENTAL_CLINIC,,Aaga Chowk,"Rajul Complex , Aaga Chowk, Madhya Pradesh 482002",23.1753008,79.9245682,Wright Town,093035 88899,,http://dentistinjabalpur.com/
f9a4203c-ac2e-44a1-b5bb-b6e1fef903e5,Dr Saket Tiwari Dentist (smile studio),DENTAL_CLINIC,,Wright Town,"Kishore kuti, near Paras hotel, Wright Town, Jabalpur, Madhya Pradesh 482002",23.1654361,79.9293881,Wright Town,,,
9d9b2e84-4409-4e65-9661-8a1e5a716864,Trivedi Dental Center,DENTAL_CLINIC,,Satya Ashoka Hotel Road,"1553, Satya Ashoka Hotel Road, Wright Town, Jabalpur, Madhya Pradesh 482002",23.1653569,79.9250342,Wright Town,076124 90686,trivedidental01@gmail.com,https://trivedidentalcenter.com/
b5b04b19-ff4a-447b-92bc-c40038d61be6,"Dr Vinny Bhasin MDS, Dental Clinic And Orthodontic Centre(No Branches)",DENTAL_CLINIC,,near karamchand chowk,"near karamchand chowk, before, Ganjipura, Jabalpur, Madhya Pradesh 482002",23.1709777,79.9345498,Wright Town,082240 88224,,
9608db37-d0c1-4ac2-9839-0c9bd72a2948,Dr. Mayank,GENERAL_CLINIC,,Shatabdipuram,"Plot no 14/A, Shatabdipuram, Ukhri Rd, beside galaxy Hospital, Vijay Nagar, Jabalpur, Madhya Pradesh 482002",23.1782735,79.9129496,Wright Town,096919 55231,dr.mayank86@gmail.com,https://drmayankjaindental.co.in/
520666fc-37ea-4d76-9ec3-09b44ab68ffb,Dental Vibes,DENTAL_CLINIC,,Milloniganj,"24, Milloniganj, Chhota Fuhara, Uprainganj, Jabalpur, Madhya Pradesh 482002",23.1830325,79.9336693,Wright Town,,,
0dfaaf2e-6543-4893-9209-e0ea4eaca0fe,DR HU WEI PING DENTAL CLINIC,DENTAL_CLINIC,,FIRST FLOOR CORPORATION MARKET,"5W7J+XPP, FIRST FLOOR CORPORATION MARKET, Jabalpur, Madhya Pradesh 482002",23.1649623,79.9318162,Wright Town,,,
da68759f-ed1e-43aa-82a5-403b2f4bd28e,Shine Dental clinic(braces and implant centre),DENTAL_CLINIC,,Transport Nagar,"E-18/2 chandaal bhata, near sudhir transport, Transport Nagar, Jabalpur, Madhya Pradesh 482002",23.1910502,79.9249525,Wright Town,099269 16665,,
51176bd8-213b-4638-9010-9ea8126ea8ce,Rathore Dental Clinic,DENTAL_CLINIC,,Chowk,"Shop No- 754, Chowk, Kachhiyana Rd, Gole Bazar, LordGanj, Jabalpur, Madhya Pradesh 482002",23.172312,79.9289244,Wright Town,099937 94474,9pmsundayclosedrathoredentalclinic@gmail.comfull,https://rathoredentalclinic.com/
c8be9063-e713-4c7a-a4f9-8726d4bbae1a,"Liao Dental Clinic, Jabalpur (since 1943)",DENTAL_CLINIC,,254 Main Road Andherdeo,"254 Main Road Andherdeo, Tularam Chowk, Fuhara Rd, Jabalpur, Madhya Pradesh 482002",23.1743082,79.92817,Wright Town,096172 56770,,
4be28932-a6e6-409b-b716-a3bd0c2cd6d6,Rada Dental Care,DENTAL_CLINIC,,Napier Town,"Shop no.2, A Z Heights, behind Hotel Kartik, Napier Town, Jabalpur, Madhya Pradesh 482001",23.1667818,79.9381741,Wright Town,091831 15073,,https://www.instagram.com/radadentalcare?igsh=bWRieXhuOXJqdXY1
a9f3d10b-8bfa-4618-afde-147dbb93586c,Dental Planet,DENTAL_CLINIC,,Beside Of Naveen Marketing,"431, Beside Of Naveen Marketing, Sheetalpuri Tiraha, Ukhri Rd, Baldev Bagh, Jabalpur, Madhya Pradesh 482002",23.1786668,79.9212635,Wright Town,096302 26488,,https://dentalplanetjabalpur.com/
e391a64a-725a-4917-8cc0-3c77dbf39556,Dr Neelesh Soni,GENERAL_CLINIC,,Cherital,"Samdariya Complex, Shop no 3 1st Floor, Cherital, Jabalpur, Madhya Pradesh 482002",23.181302,79.926732,Wright Town,098265 80696,,
e96362f3-3a72-42c9-a01e-c736d670a5ce,Dr Arvind Sahu Dental Clinic,DENTAL_CLINIC,,Ganjipura Rd,"Ganjipura Rd, Ganjipura, Jabalpur, Madhya Pradesh 482002",23.1721171,79.9316967,Wright Town,098270 93556,,
c727179a-46ca-4d0c-972b-207ccf592189,Rishi Dental Clinic (Dr. Kriti Awasthi),DENTAL_CLINIC,,Ranital Chowk,"Ranital Chowk, near uday nursing home, opp. gaushala, Wright Town, Jabalpur, Madhya Pradesh 482002",23.1694239,79.9240888,Wright Town,079996 99305,rishiclinic11@gmail.com,https://jabalpurhelpline.com/rishi-dental-clinic-dr-kriti-awasthi
697ecbb2-8743-421f-bea6-861f955ce3c8,Dr. Abhijeet Rusia,GENERAL_CLINIC,,Dixitpura Rd,"Front of Hitkarini Girls School, Dixitpura Rd, Uprainganj, Jabalpur, Madhya Pradesh 482002",23.1794096,79.9297389,Wright Town,099818 14466,,
4fac9728-aab3-45c5-a1ff-6c951b3c3ed0,Anuraag Dental Care & Implant Centre,DENTAL_CLINIC,,Madan Mahal Link Road,"Wing-B, Shiv Shakti Parisar, G-6, Madan Mahal Link Road, near Chandi Mata Mandir, Shukla Nagar, Ranipur, Jabalpur, Madhya Pradesh 482002",23.1618476,79.9175831,Wright Town,081477 47182,,https://www.bestdentistjabalpur.in/
0297b862-b9f5-4282-bb14-e20c6e303029,Dr Nupur Dental Clinic - best dental clinic in jabalpur,DENTAL_CLINIC,,1st,"block Entrance, 1st, Jabalpur, Madhya Pradesh 482002",23.1605612,79.923324,Wright Town,094253 24482,,
991d6dc9-4433-4cb1-9600-a554b376e31f,Dixit's Dental Care - Dr. Nikit Dixit MDS (Periodontist & Implantologist),DENTAL_CLINIC,,Dixitpura Rd,"Choti Devan, Infront of Dizaa pharmaceuticals, Dixitpura Rd, Uprainganj, Jabalpur, Madhya Pradesh 482002",23.1797723,79.928607,Wright Town,098938 67266,,
491a7258-0ce7-40a6-b5c4-ab64268622fa,Rohini Dentistrii Dental & Aesthetic Clinic Jabalpur,DENTAL_CLINIC,,Madan Mahal Railway Station Rd,"2386, Madan Mahal Railway Station Rd, Wright Town, Jabalpur, Madhya Pradesh 482002",23.1626485,79.9207434,Wright Town,093018 24730,kurariyaavni9@gmail.com,https://www.apnabusinesscard.com/Rohini-Dentistrii
bbd5e88f-691a-425f-b9ab-269c17f650f9,Tooth and Gum Dental Clinic (Dr.Ruby Gupta Periodontist),DENTAL_CLINIC,,Mahanadda Rd,"Mahanadda Rd, opp. Hotel Gulzar, Hathital, Jabalpur, Madhya Pradesh 482001",23.1546685,79.9258283,Wright Town,096696 18030,,
0efaca1e-2e8f-491e-9d87-211b99a7b30d,Dr. Vandana Tripathi,GENERAL_CLINIC,,South Civil Lines,"Shop No. 1, Datt Residency, opp. Railway Stadium, South Civil Lines, Jabalpur, Madhya Pradesh 482001",23.1645768,79.9457204,Wright Town,093291 97202,drvandudubey@gmail.com,http://www.vtdentalcare.in/
c3c9c478-030a-4716-9ace-9ecc35f65a17,Dr. Ambuj Thakur Clinic,GENERAL_CLINIC,,Madan Mahal Railway Station Rd,"Gate No. 4, Telegraph Office Square, Madan Mahal Railway Station Rd, Wright Town, Jabalpur, Madhya Pradesh 482002",23.1634985,79.921138,Wright Town,095892 46588,,
af18bc7a-da47-4424-9f50-c43e5cda2dbe,The Perfect Smile Dental Clinic,DENTAL_CLINIC,,Marhatal,"JDA Complex, civic centre, 8/9, Marhatal, Jabalpur, Madhya Pradesh 482002",23.1686215,79.9346618,Wright Town,080737 92808,tusharkapoor89@gmail.com,https://jabalpurhelpline.com/the-perfect-smile-dental-clinic-dr-tushar-kapoor
be988fa6-1ab0-43db-9bf6-f05863cb98e2,Dr. Sanjay Chhattani Dental Clinic,DENTAL_CLINIC,,Wright Town,"1942, Wright Town, Jabalpur, Madhya Pradesh 482002",23.1639207,79.925835,Wright Town,,,
d544ee2a-8136-4780-9aa2-cd17695d8252,Kimaya Clinic,GENERAL_CLINIC,,Napier Town,"Shop no 6 Ground Floor, Hotel Krishna Complex, opposite Rani Durgavati Museum, Napier Town, Jabalpur, Madhya Pradesh 482002",23.1639252,79.9341185,Wright Town,078980 60333,,
ce6f4792-8314-41dd-a9eb-3dfc16769415,Root Canal and Implant Center,ENT_CLINIC,,Tagore Railway Colony,"Shop no. 10, near 2nd bridge, Old sheela Talkies, Tagore Railway Colony, South Civil Lines, Jabalpur, Madhya Pradesh 482001",23.1615453,79.9472424,Wright Town,098938 67984,gaurav.rampuri@gmail.com,https://jabalpurhelpline.com/root-canal-and-implant-center
92dea683-f49e-4b54-8408-6e5eb707eeaf,Tiwari Dental Clinic And Braces Center Jabalpur,DENTAL_CLINIC,,Madan Mahal,"5W49+J5C Front In Dashmeshdwar, Madan Mahal, Jabalpur, Madhya Pradesh 482002",23.1565625,79.9179375,Wright Town,093021 77770,,
d4da1c40-0f12-4d10-b6fd-6ca3b1e73a22,Tru Smile Dental Clinic,DENTAL_CLINIC,,Market Gaumata Chowk,"Shop No 14, Pandit Ravishankar Shukla Stadium, Market Gaumata Chowk, Wright Town, Jabalpur, Madhya Pradesh 482002",23.1653467,79.9264279,Wright Town,090284 40772,trusmiledentaljbp@gmail.com,https://apnabusinesscard.com/Tru-Smile-Dental-Clinic
7c6b9bb1-f5f1-4229-9a99-5900403a9c98,Dr. Chou Dental Clinic - Dental Surgeons in Jabalpur,DENTAL_CLINIC,,Malaviya Chowk,"near, Malaviya Chowk, Ganjipura, Jabalpur, Madhya Pradesh 482002",23.1693723,79.9325242,Wright Town,098270 65988,,
d3dfabda-984b-47c5-807d-0a1a3c5736f5,Ekdant Dental Care | Dental Clinic in Jabalpur,DENTAL_CLINIC,,Sneh Nagar Rd,"406, Sneh Nagar Rd, opp. STAR GLASS DECOR, Labour Chowk, Nove Adaresh Colony, Nav Adarsh Colony, Sneh Nagar, Jabalpur, New Adaresh Colony, Madhya Pradesh 482002",23.167087,79.912956,Wright Town,097136 01111,,https://ekdant-dental-care.grexa.site/
e8614353-9d67-4256-8afe-6f04046daa28,Dr G.D. Awadhiya,GENERAL_CLINIC,,Malaviya Chowk,"Ground Floor, Shyam Arcade, Malaviya Chowk, Wright Town, Jabalpur, Madhya Pradesh 482002",23.1694612,79.9318026,Wright Town,094251 52208,,
e0a33103-ca12-4fe8-a009-4562f4e991f2,Dubey Dental Clinic,DENTAL_CLINIC,,Front of St Norbert school Chowk Bhawartal garden,"Front of St Norbert school Chowk Bhawartal garden, Russel Chowk, Napier Town, Jabalpur, Madhya Pradesh 482002",23.1633635,79.9322599,Napier Town,093000 69696,,
3629bce0-0d6b-46b3-b8f1-5f650eba91f9,Dr Prathmesh Rai (Arunodaya Dental Clinic),DENTAL_CLINIC,,Napier Town,"1140, Shastri Bridge, near Bank of Baroda, Napier Town, Jabalpur, Madhya Pradesh 482001",23.1591417,79.9298043,Napier Town,074007 02457,,https://www.arunodayadentalclinic.com/
a9c1556e-5c1d-492d-ac00-3a3576935e30,Om Dental Clinic & Cosmetic Dental LASER Center,DENTAL_CLINIC,,Napier Town,"Napier Town, Jabalpur, Madhya Pradesh 482002",23.163416,79.9328608,Napier Town,0761 408 3620,,
95ba98bf-8b7f-405d-8574-6ccec165846a,Bright Smile Dental Care,DENTAL_CLINIC,,Near City Hospital,"2nd Floor, Galaxy Complex, Near City Hospital, Napier Town, Jabalpur, Madhya Pradesh – 482001, Jabalpur, Madhya Pradesh 482002",23.1625179,79.9310861,Napier Town,,,
5662cd84-48df-4028-bf8a-ba5479e599f6,SMILE ZONE DENTAL CLINIC,DENTAL_CLINIC,,4th Bridge Rd,"4th Bridge Rd, in front of Geetanjali school, behind Sahil Honda, Napier Town, Jabalpur, Madhya Pradesh 482001",23.1592161,79.9370733,Napier Town,089821 22274,,
ef768a5d-547f-4ceb-90b7-9959a09c8c94,Meenu Dental Care,DENTAL_CLINIC,,Napier Town,"Chandrika Towers, Napier Town, Jabalpur, Madhya Pradesh 482001",23.1608782,79.9300698,Napier Town,087703 23457,,
c5c5f1ea-c466-4a5f-9588-fcda6359d000,Dental Clinic Dr. Nawneet Jaiswal,DENTAL_CLINIC,,Dr Barat Rd,"5W7P+5VG, Dr Barat Rd, Napier Town, Jabalpur, Madhya Pradesh 482001",23.1629485,79.9372103,Napier Town,,,
12d4debe-0e47-4713-9cd0-2ea421c67563,Shriram Dental Cilinc,DENTAL_CLINIC,,Napier Town,"5W8M+7WW, Awadhpuri, Napier Town, Jabalpur, Madhya Pradesh 482001",23.1657318,79.9348177,Napier Town,098063 78025,,
56d17cdd-9d35-4e01-80aa-bf037bd5e7ae,Cute Smile Dental Clinic and Implant Centre Dr Dheera and Dr Apoorve Sareen,DENTAL_CLINIC,,Napier Town,"311(2011),Napier Town, Next to Maharishi Vidya Mandir II Behind Steps, Showroom, next to Chawla Apartment, Jabalpur, Madhya Pradesh 482001",23.1603717,79.9382402,Napier Town,094251 52739,,
795ea8d6-7333-4635-88c3-ef951556b2c2,Dr. Zeeshan Raza's Smile & Shine Dental Aesthetic clinic,DENTAL_CLINIC,,Napier Town,"Shop No.9, Ground Floor, Centre Plaza, Naudira Bridge, Napier Town, Jabalpur, Madhya Pradesh 482001",23.1660606,79.9371906,Napier Town,081032 18404,,
bb03996e-98a6-48da-ac0a-528252679de8,Dr. Arti Agrawal (Dental Surgeon),DENTAL_CLINIC,,Napier Town,"Sarvodaya Hospital, 864, Napier Town, Jabalpur, Madhya Pradesh 482001",23.1618929,79.935081,Napier Town,098266 27378,sarvodayhospitaljbp@gmail.com,http://jabalpurhelpline.com/dr-arti-agrawal-dental-surgeon
a680ed16-d96d-49b7-86a0-fdc988cffd93,Dr. Dhirawani 's Multispeciality Dental Clinics,MULTISPECIALTY_HOSPITAL,,Jabalpur Hospital & Research Centre,"Jabalpur Hospital & Research Centre, Russel Crossing, Madhya Pradesh 482001",23.162205,79.936134,Napier Town,098261 33255,,https://www.eka.care/doctor/dr-rajesh-dhirawani-maxillofacial-surgery-jabalpur?utm_source=gmb&utm_medium=website&utm_campaign=032023
25655658-b031-4e1b-bd69-678cd0e0bdef,Agrawal Dental Clinic,DENTAL_CLINIC,,Dr. Barat road,"Samdariya Royal Homes, Dr. Barat road, Russel Chowk, Napier Town, Jabalpur, Madhya Pradesh 482001",23.1601461,79.9395475,Napier Town,,,
7a9d21ff-fb93-4e5b-a79e-b2beb24cd7eb,DENTAL CLINIC,DENTAL_CLINIC,,Jabalpur Hospital to Shastri Bridge Rd,"5W6J+768, Jabalpur Hospital to Shastri Bridge Rd, Napier Town, Jabalpur, Madhya Pradesh 482001",23.1606708,79.9305711,Napier Town,,,
4f63d6ec-7614-46af-b82e-f6171f1ec3ae,Dr Nishkarsh Jaiswal Pearl Dental Clinic & Implant Centre,DENTAL_CLINIC,,South Civil Lines,"2444/1, Clock Tower, South Civil Lines, Jabalpur, Madhya Pradesh 482001",23.1686932,79.9397702,Napier Town,,,
11376eee-4da5-4789-9bbe-deacf4e37efd,Dr. Chhattani Dental And Eye Clinic,DENTAL_CLINIC,,Wright Town,"Wright Town, Jabalpur, Madhya Pradesh 482002",23.1642056,79.926,Napier Town,098272 26070,,
068aee0d-29a2-4a0d-970b-a57a924ec8a7,De Leny Mathew Dentist JBP,DENTAL_CLINIC,,Dr Barat Rd,"5W6Q+FPC, Dr Barat Rd, Napier Town, Jabalpur, Madhya Pradesh 482001",23.1611992,79.9392663,Napier Town,,,
d11949ee-06a1-442d-9468-4ad9171cad80,Sukh Sagar dental & maxillofacial clinic,DENTAL_CLINIC,,Golbazar Road,"1006, Narsingh Building, Golbazar Road, Ranital Chowk, Jabalpur, Madhya Pradesh 482002",23.1702961,79.9242039,Napier Town,095759 84810,,https://dentalclinicjabalpur.com/
8744be8a-d412-4f73-b15b-280fa97cfc49,Dr Ashupriya's Dental Clinic,DENTAL_CLINIC,,Gole Bazar,"Shop no 7, Pragya Point Apartment, Besides, Dr Mehta, Gole Bazar, Wright Town, Jabalpur, Madhya Pradesh 482002",23.1705785,79.9250234,Napier Town,087705 11577,,
17b1b010-801b-45fb-9c71-6358a73bc990,ELITE DENTAL CARE,DENTAL_CLINIC,,Naya Mohalla,"front of hind furniture, 1137, Naya Mohalla, Jabalpur, Madhya Pradesh 482002",23.1680246,79.9374582,Napier Town,078690 32768,,
de8f48f6-63b9-476e-b472-ff8e98bbd83d,Rose Dental Clinic & Smile Design Centre,DENTAL_CLINIC,,Dr. BARAT ROAD,"Dr. BARAT ROAD,, 726, Russel Chowk, near Samdariya Hotel, Napier Town, Jabalpur, Madhya Pradesh 482001",23.1611629,79.9390279,Napier Town,099266 60170,,
0f357262-1557-4424-95c3-c311cf1c3251,"Dr Sharad Chaturvedi, Dental Clinic, Jabalpur",DENTAL_CLINIC,,Bhavartal Garden Rd,"Wellbe Wellness, Platinum Plaza, 290-C, Bhavartal Garden Rd, in front of Spandan Heart, Napier Town, Jabalpur, Madhya Pradesh 482001",23.159899,79.932629,Napier Town,090985 11090,,https://www.wellbewellness.in/
3a565ab4-b5af-487d-8f96-616f2ce92acb,Xpert Dental Clinic,DENTAL_CLINIC,,road,"5W6M+22H, road, near bhvartal garden, Napier Town, Jabalpur, Madhya Pradesh 482001",23.160061,79.9326208,Napier Town,083191 97548,,
ca5f2d3f-aea9-418c-82d8-7feea488cd09,Dr.Ashdhir Madan Mahal Dental Clinic,DENTAL_CLINIC,,Premnagar,"Agrawal Complex, Dashmesh Dwar, gurudwara, opp. Madan mahal, Premnagar, Hathital, Jabalpur, Madhya Pradesh 482001",23.155299,79.9181224,Madan Mahal,0761 403 2200,,
5c5bc900-1885-4f59-8825-0d6ead3869b3,Abhinav Dental Care,DENTAL_CLINIC,,Nagpur Rd,"No.8, Bhasin Acropolis, Nagpur Rd, beside Gulati Petrol Pump, Madan Mahal, Jabalpur, Madhya Pradesh 482002",23.1542583,79.9125652,Madan Mahal,083590 17239,drabhinav.shri@gmail.com,https://abhinavdentalcare.com/
2c85a7f8-5f20-4d15-a214-e049e6fefc20,Dr Abhinav Shrivastava MDS (Orthodontist & Cosmetic Dentist),DENTAL_CLINIC,,Madan Mahal,"Bhasin Acropolis, beside Gulati Petrol Pump, Madan Mahal, Jabalpur, Madhya Pradesh 482002",23.1541269,79.9127112,Madan Mahal,,,
2136cc34-e623-4921-bb97-1ea2060a976a,Dadiala Dental Clinic,DENTAL_CLINIC,,Madan Mahal,"First Floor Above Veerumal Medical Hall, Madan Mahal, Jabalpur, Madhya Pradesh 482001",23.1564301,79.9192049,Madan Mahal,090397 85569,,
18816370-5a67-486c-8a07-b9485e2017f8,Dr. Rashi Dental Clinic,DENTAL_CLINIC,,Ratan Nagar,"shop no 192, Ratan Nagar, Madan Mahal, Jabalpur, Madhya Pradesh 482001",23.1480281,79.9131216,Madan Mahal,094249 27945,,
0e3d2ec6-4cc0-4989-a2da-e50a0040dbd6,Dr pushpraj Kesharwani (MDS)JK Dental Clinic,DENTAL_CLINIC,,MR-4 Rd,"Muskan Plaza,Aadi plaza complex, MR-4 Rd, near narmada hospital, Shatabdipuram Phase 2, Jabalpur, Madhya Pradesh 482002",23.1744104,79.9097372,Madan Mahal,098935 27940,,https://digiqure.com/app/doctors/dr-pushpraj-kesharwani-dentist-jabalpur
26115315-2158-4026-9167-ba9e1f8d4abf,Dr. Sunil Chauhan laser Dental Clinic,DENTAL_CLINIC,,Aaga Chowk,"Office no 1, Ground Floor , Rajul Complex Near dargah , Aaga Chowk, Jabalpur, Madhya Pradesh 482002",23.1743261,79.9254301,Madan Mahal,094251 57606,,https://dr-sunil-chauhan.grexa.site/
565278a6-a467-4631-930f-58d8c75ed54d,CBM Dental Clinic,DENTAL_CLINIC,,Main Road,"Main Road, Ganjipura, Jabalpur, Madhya Pradesh 482002",23.174197,79.931894,Madan Mahal,0761 403 9135,,
cdb359ba-2ecf-4baf-a58f-f8a45fc2e4ab,Specialist's Dental Hub,DENTAL_CLINIC,,Madan Mahal Railway Station Rd,"129, 1/A, Madan Mahal Railway Station Rd, Wright Town, Jabalpur, Madhya Pradesh 482002",23.1625371,79.9210129,Madan Mahal,,,
576bc1fa-bcba-453a-a6cf-f4e30c028666,Agrawal Dental Clinic & Laser Center,DENTAL_CLINIC,,Gorakhpur Rd,"1050, Gorakhpur Rd, Hathital, Jabalpur, Madhya Pradesh 482001",23.1506009,79.9262872,Madan Mahal,089897 32273,,
34a3f403-ebfc-49bf-b601-b5fde800ce26,Dr Asrani's Gorakhpur Dental Care Center,DENTAL_CLINIC,,Gorakhpur Main Rd,"1325 Opposite S Medical stores, Gorakhpur Main Rd, Jabalpur, Madhya Pradesh 482001",23.1532506,79.9312568,Gorakhpur,0761 400 6382,asranisumit@gmail.com,https://jabalpurhelpline.com/gorakhpur-dental-care-center
737b09c0-78cf-4111-9061-79d018b10596,Gorakhpur Dental Care Centre,DENTAL_CLINIC,,Gorakhpur,"NH 12A, Gorakhpur, Jabalpur, Madhya Pradesh 482001",23.1536333,79.9298007,Gorakhpur,0761 400 6382,asranisumit@gmail.com,https://www.apnabusinesscard.com/Gorakhpur-dental-Care-Center
d7ddd8ba-dff2-4909-974b-ef5115dfbd76,Wisdom Dental Clinic-Multispeciality Dental Clinic,MULTISPECIALTY_HOSPITAL,,Narmada Rd,"Narmada Rd, Ratan Colony, Gorakhpur, Jabalpur, Madhya Pradesh 482001",23.1468399,79.9268769,Gorakhpur,0761 404 0240,,
70195974-1247-4a73-95bf-c792ad5f611e,Jabalpur Speciality Dental Clinic,DENTAL_CLINIC,,Narmada Rd,"Amrit Apartment , Opposite Hawabagh Church, Besides Crystal Restaurant, Narmada Rd, Jabalpur, Madhya Pradesh 482001",23.1454404,79.9276953,Gorakhpur,098274 89250,drmangeshngp@yahoo.co.in,http://jabalpurdental.in/
8841a095-95ed-4c77-a367-da371b645ed5,Dr. Neha Asrani,GENERAL_CLINIC,,Main road,"dental care centre, Main road, opposite Satish medical stores, Gorakhpur, Jabalpur, Madhya Pradesh 482001",23.1545824,79.9294505,Gorakhpur,088238 04603,smileography@gmail.com,https://smileography.in/
d657f304-47d0-416d-ab81-b66aee85238f,"Apex Dental Clinic Dr.Aditya Punj, Dental Surgeon",DENTAL_CLINIC,,Narmada Rd,"46, Narmada Rd, opposite Police Station, Gorakhpur, Jabalpur, Madhya Pradesh 482001",23.1486842,79.926782,Gorakhpur,075093 47174,,
8a5ab983-25d2-4f39-b776-a72d47abadbf,Dr Honey Singh 🦷 (Santokh Singh Dental Care),DENTAL_CLINIC,,Gurudwara Road,"1788, Gurudwara Road, near Howbagh Station, Gorakhpur, Jabalpur, Madhya Pradesh 482001",23.1553754,79.9329215,Gorakhpur,082230 29693,,
d5f09cb9-81a8-4ee8-a4ae-e2ecf1f50d77,Apex dental clinic,DENTAL_CLINIC,,narmada road opposite gorakhpur police station beside bank of india narmada road branch,"46,narmada road opposite gorakhpur police station beside bank of india narmada road branch, Gorakhpur, Jabalpur, Madhya Pradesh 482001",23.1484579,79.9267703,Gorakhpur,075093 47174,,
eb0cc810-4aff-42de-bf15-e4406defb459,Bhatia Dental Clinic,DENTAL_CLINIC,,Gorakhpur,"5W2P+H3X, Gorakhpur, Jabalpur, Madhya Pradesh 482001",23.1514922,79.9352383,Gorakhpur,092005 96596,,
28c5c1f6-1cbd-4521-8d77-1955ec5a6cc1,Dr. Mangesh Ghate dentist,DENTAL_CLINIC,,Ratan Colony,"4WWH+526, Ratan Colony, Gorakhpur, Jabalpur, Madhya Pradesh 482001",23.1454111,79.9275219,Gorakhpur,,,
a8ae372b-756d-4baf-b4b6-362ee9e89e8a,Chen Dental Clinic,DENTAL_CLINIC,,Main Road,"Main Road, Katanga Rd, Gorakhpur, Jabalpur, Madhya Pradesh 482001",23.1505187,79.9348789,Gorakhpur,093002 32653,,https://www.facebook.com/Chen-Dental-Clinic-113606892708698/
4eeb091f-9cdf-4bfd-b054-02e4877fb49b,Vijayshree Dental Clinic | Dr.Naman Jain | Dental surgeon | Jabalpur,DENTAL_CLINIC,,Beside Vimala Medicose Suvidha Market,"Beside Vimala Medicose Suvidha Market, Chowk, Shakti Nagar, Jabalpur, Madhya Pradesh 482001",23.146914,79.91469,Gorakhpur,099812 50750,,
18b999cc-ea03-44a7-9001-73888473e58b,SMILES By Dr SHANKARAN,DENTAL_CLINIC,,main road,"C/O manjusha nursing & maternity home, Kingsway, main road, sadar bazar, Jabalpur, Madhya Pradesh 482001",23.1544439,79.9480251,Gorakhpur,,info@smilesbydrshankaran.com,http://smilesbydrshankaran.com/
d4f9e51e-4802-4807-a2e1-5e5492cdfdff,Dr.Poornansh Shrivastava's - DIVINE DENTISTRY,DENTAL_CLINIC,,D Colony Plot No -1 Landmark,"D Colony Plot No -1 Landmark, C.O, near Gulmohar Park, beside Dinesh Sharma Weilding, Sanjeevani Nagar, Jabalpur, Madhya Pradesh 482003",23.1683715,79.8982608,Gorakhpur,070007 79791,,https://32daantokiseva.com/32daantokiseva/poornansh-shrivastava
b794e6d4-940d-40cb-a1ed-39176f0d1d83,Dr Anand's Dental Clinic,DENTAL_CLINIC,,main road,"Shop no 2, infront of SIYA TVS showroom, mohini apartment, main road, opposite Siya TVS Showroom, Ravindra Nagar, Adhartal, Jabalpur, Madhya Pradesh 482004",23.198867,79.9467778,Adhartal,098931 31144,,
5a154428-7484-4b92-8a1a-98130591abea,Dental Clinic Adhartal,DENTAL_CLINIC,,Ram Nagar,"184, Jain Mandir Lane, opposite Target India Press, Ram Nagar, Alok Nagar, Bhumi Vikash Bank Colony, Adhartal, Jabalpur, Madhya Pradesh 482004",23.1986092,79.9424435,Adhartal,094256 33720,,
5411e826-97e5-4025-b206-35249c904d59,Just Smile Dental Clinic/ Dr. A S Bal BDS(RGUHS KARNATAKA) MDS(Ortho{Braces and smile design }),DENTAL_CLINIC,,3rd Building,"3rd Building, Bus Stop, beside Post Office, near Anand Nagar, Ashok Nagar, Bhumi Vikash Bank Colony, Adhartal, Jabalpur, Madhya Pradesh 482004",23.196466,79.9432952,Adhartal,094256 40008,,
f78231b8-bee4-4d4e-9a36-51289cb27aa6,Taneja's Dental Clinic,DENTAL_CLINIC,,Papa ji dream Market,"Papa ji dream Market, Dhani ki kutiya Main road, near Ram mandir, Pushpak Nagar, Adhartal, Jabalpur, Madhya Pradesh 482004",23.2021484,79.9409225,Adhartal,062646 91673,,
751b0b17-cf5d-4fef-8e92-5b14d05abd95,Shri Hari Dental & General Clinic,DENTAL_CLINIC,,in front of Heera Pahalwan Building,"Sindhi Camp, in front of Heera Pahalwan Building, Jabalpur, Madhya Pradesh 482002",23.1834072,79.945009,Adhartal,,,
7586e11f-aaea-485d-a94a-503bfbbf0771,Dental House,DENTAL_CLINIC,,Chamber no 4,"Chamber no 4, Jabalpur, Madhya Pradesh 482002",23.1901263,79.9513534,Adhartal,,,
e3794499-526c-4318-9933-449f9fd6d366,Singh Dental Clinic - Dr Sandeep Singh,DENTAL_CLINIC,,Shop Number 17 Adhartal Chaupati at Adhartal nagar nigam market,"Shop Number 17 Adhartal Chaupati at Adhartal nagar nigam market, Adhartal, Jabalpur, Madhya Pradesh 482004",23.2011897,79.9509073,Adhartal,098932 34050,,
4fe2186f-3934-4f23-abd8-6cdefb4b658f,Dr Nida’s Dental Clinic & Oral cancer Diagnostic Centre,DIAGNOSTIC_CENTER,,Ravindra Nagar,"779, opposite Spring Days School, Ravindra Nagar, Adhartal, Jabalpur, Madhya Pradesh 482004",23.1981286,79.9456392,Adhartal,096858 85740,,
5bc9e87d-c021-48b2-bf85-efdcf98b96cd,Superspeciality Dental Clinic (Dr. Rahul Mehrotra- MDS),SUPERSPECIALTY_HOSPITAL,,Main Rd,"shop no, 151, Nirmal Hospital, Main Rd, in front of Allahbad Bank, KanchGhar, Jabalpur, Madhya Pradesh 482001",23.179473,79.9623804,Adhartal,095897 27237,drrahulmehrotra82@gmail.com,https://www.apnabusinesscard.com/Dr-Rahul-Mehrotra-%28MDS%29
70fba280-30a9-47d5-8513-15e4fd437eda,KHARE DENTAL CLINIC,DENTAL_CLINIC,,Jai Prakash Nagar Rd,"6W2X+295, Jai Prakash Nagar Rd, Jai Prakash Nagar, Adhartal, Jabalpur, Madhya Pradesh 482004",23.2000209,79.9484852,Adhartal,093035 38111,,
ee03ab55-7acb-4c97-939b-355ccebadc38,Dental Clinic (Dr. Deepti Dubey),DENTAL_CLINIC,,Anand Nagar,"Vimal Nursing Home, opposite to DhaniKutiya, nearby Kamla Bhandar, Anand Nagar, Adhartal, Jabalpur, Madhya Pradesh 482004",23.1983082,79.9466797,Adhartal,090982 03343,,
7d12327c-012c-48e4-ae70-3fe42cb39b8a,AL NOOR DENTAL CLINIC,DENTAL_CLINIC,,Mansarovar Colony,"5XX2+3MH 3499_DB, Mansarovar Colony, Adhartal, Jabalpur, Vehicle Fac. Jabalpur, Madhya Pradesh 482004",23.1976918,79.9517242,Adhartal,,,
400ebc55-2e3c-45a2-a3a8-0ae0fae797b5,AL-Gani Dental & day care centre,DENTAL_CLINIC,,Adhartal,"5WRR+3G3, Adhartal, Jabalpur, Madhya Pradesh 482002",23.1901404,79.9412718,Adhartal,078792 19204,,
b3dbbdac-94ee-4ed5-bbd6-b9bfa988d835,Akas dental clinic,DENTAL_CLINIC,,Amkhera Rd,"6W3P+W6X, Amkhera Rd, Jagriti Nagar, Adhartal, Jabalpur, Madhya Pradesh 482004",23.2048582,79.935612,Adhartal,,,
cfcc06de-ee37-4f30-9708-b32ce71dccc6,Akash Dental clinic,DENTAL_CLINIC,,Jagriti Nagar,"near pani Tanki, Jagriti Nagar, Adhartal, Jabalpur, Madhya Pradesh 482004",23.2066855,79.9357617,Adhartal,091315 21327,,
a25aaf4d-41ff-473b-a10d-eb2d8fc34ff5,"Tooth O'Clock (A Multispeciality Oro-Dental Studio) - Dr. Chirag Suhane, B.D.S., M.D.S., F.A.G.E.",MULTISPECIALTY_HOSPITAL,,Ukhri Rd,"12-122, Baldev Bagh, Ukhri Rd, in front of Small Wonders School, Jabalpur, Madhya Pradesh 482002",23.1785674,79.9236544,Adhartal,089626 15528,,
8317c280-af55-4621-9242-571fafb35f49,Dr. Sanil Agrawal - Dental Clinic,DENTAL_CLINIC,,Cheri Taal garden Road,"Cheri Taal garden Road, front of Bablu Mishra House, Saraswati Colony, Jabalpur, Madhya Pradesh 482002",23.1825293,79.9264015,Adhartal,095846 22947,items.sanil.agrw@gmail.com,https://www.sanildentalclinic.com/
0478a671-d713-4e1a-9d34-d2f9ad4a71c2,Royal Dental Clinic,DENTAL_CLINIC,,Main Rd,"Main Rd, beside Petrol Pump, BeoharBagh, Ghamapur, Jabalpur, Madhya Pradesh 482001",23.174122,79.947383,Adhartal,093032 45261,,
3e23f9f2-8523-46c7-b688-2e4b04887a7b,Dr Heena chauhan,GENERAL_CLINIC,,Ranital Link Road,"Shop no 1 , Rajul Complex , Near me, Ranital Link Road, near Aaga Chowk, Jabalpur City, Jabalpur, Madhya Pradesh 482002",23.175786,79.9239273,Adhartal,093019 11999,,https://chauhandentalclinic.in/
c6513624-2e93-422a-b6cb-9fbaba06a1ab,Shipra Dental Care,DENTAL_CLINIC,,Unnamed Road,"Unnamed Road, Prem Nagar, Jabalpur, Madhya Pradesh 482002",23.1823974,79.9438405,Adhartal,090398 86209,,
b02cfba7-d411-4bb1-a3d4-388425b208ed,"Dr. Swapnil Jain, Shwet Dental Clinic",DENTAL_CLINIC,,Shivnagar,"MIG 26,Shivnagar, near Sai Mandir, near Krishi Upaj Mandi, Damoh Naka, Jabalpur, Madhya Pradesh 482002",23.1890988,79.9216579,Adhartal,090984 28284,,https://digiqure.com/app/doctors/dr-swapnil-jain-dentist-jabalpur
2bdd53d9-1dc1-496a-aa32-db5c0047368c,AGRAWAL DENTAL CLINIC,DENTAL_CLINIC,,Vijay Nagar,"Vijay Nagar, Jabalpur, Raksha, Madhya Pradesh 482002",23.1862496,79.9105738,Vijay Nagar,093011 92828,,
a7295a2b-571f-4107-86d6-ca2fe679cef1,Dental Ace Maxillofacial & Dental Clinic,DENTAL_CLINIC,,Kachnar City Rd,"Kachnar City Rd, near Shalby Hospital, Vijay Nagar, Jabalpur, Raksha, Madhya Pradesh 482002",23.1861664,79.9079299,Vijay Nagar,079871 45787,,
4c254489-4511-409f-892e-4da05999012c,Trishika Dental Care,DENTAL_CLINIC,,Ahinsa Chowk,"Ahinsa Chowk, Vijay Nagar, Jabalpur, Raksha, Madhya Pradesh 482002",23.1846435,79.9102893,Vijay Nagar,062654 74631,,
0345c9ad-ad99-47f5-bc26-f8c31575b318,Vijay Nagar Dental Clinic,DENTAL_CLINIC,,MR-4 Rd,"644, MR-4 Rd, Vijay Nagar, Jabalpur, Raksha, Madhya Pradesh 482002",23.1889103,79.9121837,Vijay Nagar,094070 21009,,
3cd23b34-c226-4bbe-960a-571a163aa1ee,Shri Narayana Dental Care (Dr. Divya Dubey),DENTAL_CLINIC,,Yashwar Nagar,"Shop No 23, Yashwar Nagar, Kanchan Vihar, Vijay Nagar, Jabalpur, Raksha, Madhya Pradesh 482002",23.1880932,79.9016674,Vijay Nagar,088157 71871,,
c4957385-4d68-4660-8af5-105a12cc4b15,Dental Plaza. दांत का दवाखाना,DENTAL_CLINIC,,Vijay Nagar,"Shop No. B-16, JDA Complex, Deendayal Upadhyay Marg, Vijay Nagar, Jabalpur, Madhya Pradesh 482002",23.1916503,79.9140197,Vijay Nagar,,,
a20725d6-5e0d-4ded-9052-9ac0f4e961df,Sanjeevni Dental Clinic,DENTAL_CLINIC,,MR-4 Rd,"2C, MR-4 Rd, Janki Nagar, Jabalpur, Madhya Pradesh 482002",23.182913,79.9097649,Vijay Nagar,094249 34655,,
447674bc-c494-481f-936e-a610cc814d5b,Sharma Dental Clinic,DENTAL_CLINIC,,Deendayal Chowk,"Balaji Heights, Deendayal Chowk, Jabalpur, Madhya Pradesh 482002",23.1945964,79.9133141,Vijay Nagar,099269 86404,,
89256a0b-04b2-48ac-8937-171717f6bbcd,Hitarth dental clinic,DENTAL_CLINIC,,Ghadi Chowk,"Ghadi Chowk, Kanchan Vihar, Vijay Nagar, Raksha, Madhya Pradesh 482002",23.1910613,79.9079581,Vijay Nagar,,,
e673b893-b329-4b3f-aee7-a94c439342eb,"Meenakshi Dental Clinic , Jabalpur",DENTAL_CLINIC,,MR-4 Road,"Beside Sapient Heights School, MR-4 Road , Vijay Nagar, near SBI Chowk, Jabalpur, Madhya Pradesh 482002",23.1897188,79.9136171,Vijay Nagar,097556 20760,drnitin.raghuwanshi@gmail.com,http://jabalpurhelpline.com/meenakshi-dental-clinic
ed43bea7-306a-4319-bd65-11179d72224b,Varshney And Son's Smiles Care,DENTAL_CLINIC,,Vijay Nagar,"Plot No.992/ House No.3036, Beside SBI Qrts., near Survey Of India, Vijay Nagar, Jabalpur, Madhya Pradesh 482002",23.189304,79.9064776,Vijay Nagar,096696 56777,,
a36aa350-c00d-42f7-8601-05fd115c78b0,Dr Teeth Dental Clinic(Dr. Manika Tantuway),DENTAL_CLINIC,,MR-4 Rd,"Besides Narmada Hospital, A 16, MR-4 Rd, Shatabdipuram Phase 1, Jabalpur, Madhya Pradesh 482002",23.1770247,79.9097074,Vijay Nagar,084508 70547,,
e2fbb046-78d3-42e3-9ffa-289d3c2b0e1c,"Dental care Dr Yashish Arora,Dr Monika Arora.Ranjhi near mastana Barat ghar Jabalpur",DENTAL_CLINIC,,Unnamed Road Ranjhi,"Unnamed Road Ranjhi, Bengali Colony, Jabalpur, Madhya Pradesh 482005",23.2035873,80.0026927,Ranjhi,,,
e487fee9-d363-4121-bb3e-7156cb1c6623,Dr. Vivek Multi speciality Dental Clinic,DENTAL_CLINIC,,sanjay nagar near ravan park ranjhi,"sanjay nagar near ravan park ranjhi, Ranjhi, Manegaon, Jabalpur, Madhya Pradesh 482005",23.2078431,80.0045674,Ranjhi,094257 18979,,
01fa3b81-fabc-4ed0-8cdd-4aaec5be3358,Healthy Smile Dental Ranjhi,DENTAL_CLINIC,,shop no 144 main road chungi chowk,"shop no 144 main road chungi chowk, chandrashekhar ward, near mauni tiraha, Ranjhi, Jabalpur, Madhya Pradesh 482005",23.197623,80.0036099,Ranjhi,,,
67ce48b9-1697-4957-b1e1-c375a09c630a,Dr Rohit Dental Clinic,DENTAL_CLINIC,,jda market,"jda market, 92 New, Ranjhi - Bada Patthar Rd, Ranjhi, Manegaon, Jabalpur, Madhya Pradesh 482005",23.2077847,80.002386,Ranjhi,091318 47387,,
66cff031-9252-406b-856f-5c086bab6667,Sahu Dental Care,DENTAL_CLINIC,,Bengali Colony,"beside Jain temple, near aashirwad baarat Ghar, Ranjhi, Bengali Colony, Jabalpur, Madhya Pradesh 482005",23.2013409,80.0015193,Ranjhi,,,
de2d786a-c82a-441a-b82f-c43ea51f44fd,MITHILESH DENTAL CLINIC,DENTAL_CLINIC,,MASTANA CHOWK,"MASTANA CHOWK, Ranjhi, Raksha Karmachari Colony, Jabalpur, Madhya Pradesh 482005",23.202369,80.001148,Ranjhi,095848 38383,,
b1a403bc-2599-4ee4-a78e-edf36507c3a6,Jha Orthodontics & Dental Solutions,DENTAL_CLINIC,,Ranjhi Mohaniya Rd,"Ranjhi Mohaniya Rd, opposite Jain Mandir Jha market, beside Ashirwad Baratghar, Ranjhi, Bengali Colony, Jabalpur, Madhya Pradesh 482005",23.2013797,80.0017957,Ranjhi,093021 51406,,https://instagram.com/jhaorthodontics?igshid=YmMyMTA2M2Y=
e89671f2-af32-4675-9c21-ee4dd63649b8,Hardwar dental clinic,DENTAL_CLINIC,,Opp. Ranjhi police station Ranjhi bazaar,"Opp. Ranjhi police station Ranjhi bazaar, Madhya Pradesh 482011",23.1951204,79.9966835,Ranjhi,,,
35b3c86d-c8e2-45d1-a9f8-e2c64cd01ff5,Dentist@Home24hour Oncall,DENTAL_CLINIC,,Unknown,,,,Ranjhi,099995 60242,,
dd006834-2cb5-46ce-9b97-f70f3c9e7a0f,Dental Home- Dr Garima Tiwari,DENTAL_CLINIC,,Garha,"opp. Kali Mata Mandir, Garha, Jabalpur, Madhya Pradesh 482003",23.1575113,79.8966317,Garha,089627 45995,,
617d54a1-de96-44e3-876e-9a6236de9153,HAZARI DENTAL CLINIC,DENTAL_CLINIC,,Garha Rd,"SHOP NO 9 SNEH KUNJ, Garha Rd, Besides MEHTA PETROL PUMP, Labour Chowk, Jabalpur, Madhya Pradesh 482002",23.1674354,79.9119214,Garha,090390 95222,,https://hazari-dental-clinic.grexa.site/
a1a4c820-260e-42d8-89d3-373df5692452,Dr Neelima Namdev,GENERAL_CLINIC,,Devtal road,"Devtal road, behind hitkarini boy's school, Garha, Jabalpur, Madhya Pradesh 482003",23.1583163,79.8962759,Garha,083198 03991,,
df845889-25ea-4aeb-ac83-b4283f2db16f,SHUBHA DENTAL CARE,DENTAL_CLINIC,,durga Colony,"Shree Ram Madaiya, durga Colony, Shahi Naka Rd, Subhash Nagar, Sanjeevani Nagar, Jabalpur, Madhya Pradesh 482003",23.1620938,79.8945545,Garha,062632 70848,,
23915896-286b-4e4a-bb5e-73b101083450,32 Dental Clinic By Dr Neha Vashisth,DENTAL_CLINIC,,Sanjeevani Nagar,"238, Sanjeevani Nagar, Garha, Jabalpur, Madhya Pradesh 482003",23.1665534,79.8991734,Garha,,,
d8c06d55-9848-44d5-8907-0eb71a9dc3b3,Nandgirikar Dental Clinic( Dr Nidhi Nandgirikar),DENTAL_CLINIC,,Garha Rd,"318, Garha Rd, in front of sukoon Sweets, Labour Chowk, Nove Adaresh Colony, Sneh Nagar, Jabalpur, Madhya Pradesh 482002",23.1659802,79.9130683,Garha,091111 83344,nidhi4584@gmail.com,https://apnabusinesscard.com/Nandgirikar-Dental-Clinic
a540ba4c-4cf5-423f-b45a-75db8521e083,Shri Sai Nath Dental Clinic,DENTAL_CLINIC,,Garha Bazar Rd,"Anand Kunj, Tiraha, Garha Bazar Rd, Mohan Vihar Colony, Garha, Jabalpur, Madhya Pradesh 482003",23.1620277,79.8995891,Garha,090392 42287,,
24786cef-3aa5-4e1a-b338-837cbfe39853,Badgaiyan Dental Clinic,DENTAL_CLINIC,,Subhash Nagar,"5V5V+P36 Panda Ki Madiya, Subhash Nagar, Garha, Jabalpur, Madhya Pradesh 482003",23.1592777,79.8926398,Garha,079995 20250,,
0df08331-69bb-4daf-9151-d552c7afad0f,Vishesh Dental Clinic (Dr Brij Singh),DENTAL_CLINIC,,Garha Rd,"5W86+WXV, Garha Rd, near Bharat Provision, Labour Chowk, Nove Adaresh Colony, Yadav Colony, Jabalpur, New Adaresh Colony, Madhya Pradesh 482002",23.167379,79.9124271,Garha,,,
aded2312-670c-4c23-a9c0-7f66668a106d,Mekalsuta dental clinic (Dr. Indrapal Singh Kanwar - Prosthodontist),DENTAL_CLINIC,,Sanjeevani nagar,"Sanjeevani nagar, Garha, Jabalpur, Madhya Pradesh 482003",23.1655565,79.8999377,Garha,093003 25469,indrapalsinghkanwar@gmail.com,https://www.apnabusinesscard.com/Dr-Indrapal-Singh-Kanwar-%28Prosthodontist%29
bee03fdb-5953-4471-a3cc-16c584642cfb,Dr. Smita Yadav,GENERAL_CLINIC,,mool chand yadav market,"mool chand yadav market, Garha Rd, near mama market, Nove Adaresh Colony, Daya Nagar, Yadav Colony, Jabalpur, New Adaresh Colony, Madhya Pradesh 482002",23.1689718,79.9163878,Garha,097704 78688,,
5c6840ee-67ec-403f-9342-a0abebbe417d,PRAKASH DENTAL CLINIC,DENTAL_CLINIC,,Garha Rd,"1st floor, prakash chashme wale, Garha Rd, Patrakar Colony, Yadav Colony, Jabalpur, Madhya Pradesh 482002",23.1694862,79.9191117,Garha,086021 56866,,
7bb5ed48-9969-4996-85fa-a365f727e395,Perfect Dental Clinic,DENTAL_CLINIC,,mool chand yadav market,"mool chand yadav market, Garha Rd, Nove Adaresh Colony, Daya Nagar, Yadav Colony, Jabalpur, New Adaresh Colony, Madhya Pradesh 482002",23.1692204,79.9170495,Garha,097704 78688,,
6d0ba4bd-d841-46cd-a89b-5e9e8af9733c,Shreeram Dental Clinic,DENTAL_CLINIC,,Medical Garha,"4VXJ+8W3, Medical Garha, Jabalpur, Madhya Pradesh 482003",23.1482652,79.8823009,Garha,088713 36667,,
3b59727a-202d-43ba-8b0e-0992745177f6,Vishuddh Dental Care and Physiotherapy Center,PHYSIOTHERAPY_CENTER,,Jai Nagar Rd,"237, Jai Nagar Rd, near Labour Chowk, Nove Adaresh Colony, Yadav Colony, Jabalpur, New Adaresh Colony, Madhya Pradesh 482001",23.1680362,79.9128492,Garha,094249 15699,,
ae994015-f630-4a71-bc5a-46fc1badca43,Dr. Shubhangi Tiwari | Dentist,DENTAL_CLINIC,,Medical College Colony,"near Pisanhari ki Madhiya, opposite of Police Quarters, Medical College Colony, Jabalpur, Madhya Pradesh 482003",23.1495294,79.885002,Garha,,helpdesk@apollo247.com,https://www.apollo247.com/doctors/dr-shubhangi-tiwari-40b6fe72-b2a7-47dd-aedd-953ac86deea0?utm_source=gmb_docverse&utm_medium=clinics&utm_campaign=doctors
0c991560-c2da-401f-956f-2bb3d3d9760e,Gayatri Dental Clinic,DENTAL_CLINIC,,Garha,"Anand Kunj, Garha, Jabalpur, Madhya Pradesh 482003",23.161452,79.8993249,Garha,094251 56779,,
eb647d72-f63d-4c42-b658-1dfa09536792,Nema Dental Care Center,DENTAL_CLINIC,,near Sanjeevani Nagar,"Hanuman Mandir Gali, near Sanjeevani Nagar, next to Deep Gas Agency, Sanjeevani Nagar, Jabalpur, Madhya Pradesh 482003",23.1642063,79.9053715,Garha,094253 87451,,
c86e72a0-7dc1-43d6-b76f-dad09b36b409,City dental care,DENTAL_CLINIC,,Madan Mahal Railway Station Rd,"272, Madan Mahal Railway Station Rd, Shukla Nagar, Garha, Jabalpur, Madhya Pradesh 482002",23.16158,79.9091318,Garha,,,
093fccd2-e916-4869-b34e-9b283df7637c,Dental clinics,DENTAL_CLINIC,,Garha Rd,"5W86+WXV, Garha Rd, Labour Chowk, Nove Adaresh Colony, Yadav Colony, Jabalpur, New Adaresh Colony, Madhya Pradesh 482002",23.1672622,79.9124317,Garha,,,
d90471b0-8412-43d3-8785-6ff8c25f7b92,Oral and Dental Health Care Clinic,DENTAL_CLINIC,,Jai Nagar Rd,"01, Jai Nagar Rd, in front of gupta sweets, Nove Adaresh Colony, Daya Nagar, Yadav Colony, Jabalpur, New Adaresh Colony, Madhya Pradesh 482002",23.1692768,79.9172261,Garha,0761 400 7057,,
41f8eead-5561-4472-a9cf-c96d28caa21e,Anuraag Dental Clinic,DENTAL_CLINIC,,Nove Adaresh Colony,"5W98+F8R, NH 7, Nove Adaresh Colony, Daya Nagar, Yadav Colony, Jabalpur, New Adaresh Colony, Madhya Pradesh 482002",23.168726,79.9157549,Garha,,,
54051bff-83ff-4fa9-a7d4-2d3b5527a419,Dr Rajni Ahuja's Dental Clinic,DENTAL_CLINIC,,Garha Rd,"Shop no. 6, Gulati Complex, Garha Rd, opposite mama hotel, Nove Adaresh Colony, Madan mahal chowk, Jabalpur, Madhya Pradesh 482002",23.1691735,79.9175239,Garha,,,
3695d3c9-d6ea-4b0d-990f-1270f2adc7cf,Dental arena,DENTAL_CLINIC,,Garha Rd,"infront of, ganga sagar, lake, Dental arena, Garha Rd, Madan Mahal, Jabalpur, Madhya Pradesh 482002",23.1588273,79.9121207,Garha,,,
29ef05bd-1e99-454f-b35d-81bef8559634,Vardaan Dental Clinic,DENTAL_CLINIC,,VARDAAN' D-26 HIG,"VARDAAN' D-26 HIG, Dhanvantari Nagar, Jabalpur, Madhya Pradesh 482003",23.1582279,79.873253,Tilwara,079858 50992,,
126ca3a4-8a77-4c14-ac10-590669cc98c0,Dr. Divya Sharma,GENERAL_CLINIC,,Main Road,"5V9X+9VH, Main Road, Sanjeevani Nagar, Sagar, Jabalpur, Madhya Pradesh 482002",23.1684417,79.8997409,Tilwara,,,
ce8e0e4a-b948-4b80-bc21-c7824598e117,"Dr. Vibhor Hazari, Dr. Anushree Hazari",GENERAL_CLINIC,,Yadav Colony,"Yadav Colony, Jabalpur, New Adaresh Colony, Madhya Pradesh 482002",23.1673961,79.9119257,Tilwara,,,
18d574f5-5e4e-4610-8d61-6a681c0fac1b,Kandikonda Multispeciality Dental Clinic,MULTISPECIALTY_HOSPITAL,,National Colony,"National Colony, 45, Shakti Bhawan Rd, near Naaptol Office, Rampur, Jabalpur, Madhya Pradesh 482008",23.1423442,79.9207168,Tilwara,096322 22651,kmdcjabalpur@gmail.com,https://www.apnabusinesscard.com/Kandikonda-Multispeciality-Dental-Clinic
648f7a21-1916-4b74-ac25-4209c9bc57a4,Shivay Dental Clinic,DENTAL_CLINIC,,MR-4 Rd,"MR-4 Rd, near Aadi Plaza, Shatabdipuram Phase 2, Jabalpur, New Adaresh Colony, Madhya Pradesh 482002",23.1753542,79.9097468,Tilwara,,,
264f91e8-edf7-4959-a11f-d1fa4475f8bd,Hari Asha Dental Clinic,DENTAL_CLINIC,,Durga Colony,"21, Durga Colony, Sanjeevani Nagar Main Road, Near Royal School, Jabalpur, Madhya Pradesh 482003",23.1656045,79.8986776,Tilwara,075099 06590,,
6d0d589d-5c5b-421d-a94a-aabeda628a20,Smile World Dental Clinic,DENTAL_CLINIC,,Nove Adaresh Colony,"beside Roma Chatterji Hospital, Nove Adaresh Colony, Daya Nagar, Yadav Colony, Jabalpur, New Adaresh Colony, Madhya Pradesh 482002",23.1691646,79.9156163,Tilwara,099075 59760,,
a42918ff-1f2c-438f-8671-48b89d8b902c,Dant Chikitsa Kendra,GENERAL_CLINIC,,Sanjeevani Nagar,"5V8X+5F7, Sanjeevani Nagar, Jabalpur, Madhya Pradesh 482003",23.1654123,79.8986799,Tilwara,0761 400 6022,,
abe5ae7a-b917-48bd-bdb3-af9b50b06332,Dr. Pragya Dental Prosthodontics and Implant Center,DENTAL_CLINIC,,Katangi Road Near St. Aloysius School,"Plot No. 5, Opposite Kaushalya Dham Appartment, Katangi Road Near St. Aloysius School, Jabalpur, Madhya Pradesh 482002",23.213592,79.9003144,Karmeta,078800 36632,,
3d3f851d-a2ae-4a84-8329-b17a9c5eb284,Mahakaushal Dental Clinic Dr.Sonali Agrawal,DENTAL_CLINIC,,Shankar Nagar,"Shankar Nagar, Karmeta, Jabalpur, Madhya Pradesh 482002",23.2055735,79.8974245,Karmeta,062632 79929,mahakaushaldentalclinic31@gmail.com,https://apnabusinesscard.com/Dr-Sonali-Agrawal-%28Dental-Surgeon%29
19071364-dc13-4ae5-9d56-87622ffae15f,Jabalpur dental clinic (mangalam hospital dental unit),HOSPITAL,,Katangi Rd,"Mangalam Hospital Dental Unit, Katangi Rd, Mother Teresa Nagar, Karmeta, Jabalpur, Madhya Pradesh 482002",23.2054499,79.9039671,Karmeta,,,
9a25314f-84cf-437f-8ac2-cc23eb5cf0b5,Chandrodya dental clinic Dr Harsh Richhariya and Dr Aastha Richhariya,DENTAL_CLINIC,,Dixitpura Rd,"475, Dixitpura Rd, near sai mandir, next to KCE institute teachers colony, Uprainganj, Jabalpur, Madhya Pradesh 482002",23.1798787,79.9287621,Karmeta,094251 87577,,
c6f8175e-d857-4252-ac93-2c7f525c95b7,Aditya Dental Clinic (Dr. Kush Kumar Sharma),DENTAL_CLINIC,,Katangi Rd,"Mother Teresa, Katangi Rd, opp. TVS Showroom, Karmeta, Jabalpur, Madhya Pradesh 482002",23.210087,79.901699,Karmeta,0761 407 0333,kushggsharma@gmail.com,https://jabalpurhelpline.com/aditya-dental-clinic-dr-kush-kumar-sharma
9860d242-6a99-4b70-bcab-f78a58bd0522,Balaji Dental Clinic,DENTAL_CLINIC,,Katangi Rd,"11, Katangi Rd, Karmeta, Jabalpur, Madhya Pradesh 482002",23.2053188,79.9038803,Karmeta,088715 52941,,
c5002ee0-0d17-4fa7-8930-18a45b062d6c,Arogya health and dental clinic,DENTAL_CLINIC,,Deendayal chowk,"Deendayal chowk, Raksha, Jabalpur, Madhya Pradesh 482002",23.1929452,79.915777,Karmeta,088390 00959,,
ff215e1d-9d7d-4eb2-93a8-429b684b90ac,Dental Solution,DENTAL_CLINIC,,Damoh Naka,"No.35, behind Maneesh medical store, Damoh Naka, Jabalpur, Madhya Pradesh 482002",23.1861089,79.9301365,Karmeta,084638 28219,,
9ddf3a1b-b349-49b9-b5b9-0da99c82a0cb,Dental Care and Implant Centre (Dr. Nishant Shrivastava - MDS),DENTAL_CLINIC,,Main Rd,"Chandaal Bhata, Main Rd, Damoh Naka, Transport Nagar, Jabalpur, Madhya Pradesh 482002",23.1870379,79.9264253,Karmeta,097132 49822,,https://digiqure.com/app/doctors/dr-nishant-shrivastava-dentist-jabalpur
4881b2ed-c018-4486-ba86-3157dba6a14b,Haji Quadeer Munshi Dental House,DENTAL_CLINIC,,Infront of Sardar Angency,"Infront of Sardar Angency, Gohalpur Rd, Gohalpur, Jabalpur, Madhya Pradesh 482002",23.1884154,79.9357944,Karmeta,075664 81303,,
fa1ed6de-0bf3-428f-8e48-b62e2a4d31eb,Dr. Rini Jain,GENERAL_CLINIC,,Ukhri Rd,"Ukhri Rd, near Small Wonder school, beside Shreeram Bhawan, Baldeobagh, Sarvodaya Nagar, Jabalpur, Madhya Pradesh 482002",23.1793736,79.9179608,Karmeta,,drrinisinghai@gmail.com,https://www.apnabusinesscard.com/Dr-Rini-Jain-%28Dental-Surgeon%29
d2b24c18-2ca0-4af6-ac07-03843117f82e,Dr. Zia Multispeciality Dental Clinic,MULTISPECIALTY_HOSPITAL,,life Medical Stores Market,"149, life Medical Stores Market, Opp Chhota Anjuman Islamiya School, Gohalpur Main Road, Jabalpur, Madhya Pradesh 482002",23.1888542,79.9358175,Karmeta,085190 83094,,
2f9705f6-4a4b-4b7a-bb05-fd1edc62c6a4,Rusia Dental Care,DENTAL_CLINIC,,Uprainganj,"Uprainganj, Jabalpur, Madhya Pradesh 482002",23.1794006,79.9297615,Karmeta,099818 14466,,
ec31576e-820a-494d-a8dc-1301449fcd6b,Dubey Dental Care,DENTAL_CLINIC,,in front of Parijat Building,"Dubey Dental Care, cherital, in front of Parijat Building, Jabalpur, Madhya Pradesh 482002",23.1821556,79.9273383,Karmeta,094258 15809,,
49395527-6dde-4491-923d-9e41875362eb,Dental Solutions,DENTAL_CLINIC,,Ganji Nagar,"Ganji Nagar, Adhartal, Jabalpur, Madhya Pradesh 482002",23.1915568,79.9359999,Karmeta,,,
cf328698-af7c-47d7-bb8a-dca593ebba7e,Dr Swapnil Kosta Dental Clinic,DENTAL_CLINIC,,Shiv Nagar Main Rd,"H7, Shiv Nagar Main Rd, near Sanskardhani Gas Agency, beside Dr Priyank Chaturvedi, Damoh Naka, Sarvodaya Nagar, Jabalpur, Madhya Pradesh 482002",23.1872512,79.9232324,Karmeta,074151 24904,,
31bdc158-080e-459f-9f00-d7525ca1ed2a,Vaishnavi Dental clinic,DENTAL_CLINIC,,South Civil Lines,"Opposite railway stadium Datt residency, South Civil Lines, Jabalpur, Madhya Pradesh 482001",23.1645048,79.9454796,Civil Lines,097702 37228,,
17e02d08-113d-44ee-9633-9aef6f029463,Ram Dental Clinic,DENTAL_CLINIC,,B.M Colony,"5XH5+WM7, in front of Sarvodaya English Middle School, Kanchghar, B.M Colony, Jabalpur, Madhya Pradesh 482002",23.1797891,79.959164,Civil Lines,,,
47776e2f-9f80-4318-bec0-7eb4f8ed19e2,Aadhya Dental Care Clinic,DENTAL_CLINIC,,Main Rd,"5X75+R4W, Main Rd, Govindh Bhavan Colony, South Civil Lines, Jabalpur, Madhya Pradesh 482001",23.1646126,79.9578427,Civil Lines,094065 38208,,
3051558e-ad67-43af-92e8-eefb4e1b9651,Smile Dental Clinic,DENTAL_CLINIC,,South Civil Lines,"5XH6+QVC, near sheetlamai, South Civil Lines, Jabalpur, Madhya Pradesh 482001",23.1794398,79.9621302,Civil Lines,078283 28285,,
4fa86053-7c1b-4677-90ff-8e61c307597a,Oro Care Dental Clinic,DENTAL_CLINIC,,Geet Vihar Colony,"695/1, Geet Vihar Colony, Polipather, Narmada Road, Narmada-Gwarighat Rd, Bhim Nagar, Polipather, Jabalpur, Madhya Pradesh 482008",23.1239624,79.9293304,Gwarighat,075662 45457,,http://www.facebook.com/orocareclinic
cbb332ab-2461-411f-90b0-f66414888e59,Shree Dental Care,DENTAL_CLINIC,,Gwarighat Main Rd,"2737, Gwarighat Main Rd, beside Uco Bank, near South Avenue Mall, Bhim Nagar, Polipather, Jabalpur, Madhya Pradesh 482008",23.1231639,79.9277613,Gwarighat,082249 55899,thakreshobha@gmail.com,https://jabalpurhelpline.com/shree-dental-care
10237c9e-985f-4dee-984c-f8f0ba0d8756,CHITRANSH DENTAL CLINIC,DENTAL_CLINIC,,Katanga tiraha gwarighat road,"Shop number 22 GOODLUCK apartment, Katanga tiraha gwarighat road, Jabalpur, Madhya Pradesh 482001",23.1500741,79.9342596,Gwarighat,076124 80063,,
7c2bfc6d-5f17-4625-88b1-c434a31cf43e,Jabalpur Dental Services,DENTAL_CLINIC,,Prestige Town,"opposite hotel delight, Prestige Town, South Civil Lines, Jabalpur, Madhya Pradesh 482001",23.1632565,79.9546516,Jabalpur Cantt,094243 06377,,
fcf67556-c810-476d-a070-b14e116b6c50,Adora Dental clinic,DENTAL_CLINIC,,Railway Station Rd,"5X74+62V, Railway Station Rd, Tagore Railway Colony, South Civil Lines, Jabalpur, Madhya Pradesh 482001",23.1631099,79.955033,Jabalpur Cantt,093031 29524,,
c009cc41-4744-4c2c-8fb9-e0391c042395,32 Gems Dental Clinic,DENTAL_CLINIC,,Denning Rd,"55, Denning Rd, Prestige Town, South Civil Lines, Jabalpur, Madhya Pradesh 482001",23.161327,79.9581159,Jabalpur Cantt,094250 24939,,
7fe4065d-8d28-4cae-bd7f-756acb4870a4,Kushwaha dental clinic,DENTAL_CLINIC,,Housing Board Colony,"Housing Board Colony, Prestige Town, South Civil Lines, Jabalpur, Madhya Pradesh 482001",23.1593266,79.9548355,Jabalpur Cantt,,,
003a9451-9145-4b81-90ad-85008133c838,Military Dental Centre Jabalpur,DENTAL_CLINIC,,Cantt,"Cantt, Jabalpur, Madhya Pradesh 482001",23.141464,79.9541891,Jabalpur Cantt,,,
ec09277e-aac0-4c8b-9ca4-f5ce4236b438,"Oracle CBCT, OPG, Dental Imaging & Diagnostics",IMAGING_CENTER,,Napier Town,"Shop no. 12, Dixit Pride Mall, opp. Tayabali petrol pump, Napier Town, Jabalpur, Madhya Pradesh 482001",23.1660246,79.9389197,Jabalpur Cantt,0761 350 0277,,
ebc7ecb0-675e-465e-bbef-ca30c7d5dd21,"FaciO Oral and Maxillofacial surgery clinic, Dental Implant care and face surgery",DENTAL_CLINIC,,Suvidha Market,"Suvidha Market, Gupteshwar Rd, in front of coal mines, Shakti Nagar, Jabalpur, Madhya Pradesh 482001",23.1464097,79.9150561,Shakti Nagar,097245 20015,,
882da96d-ac3d-4b30-8ede-5aa8421e696a,SAI DENTAL CLINIC,DENTAL_CLINIC,,Panch Sheel Nagar,"Sai Dental clinic, Square, next to Neel Gas Agency, Panch Sheel Nagar, Satyanand Vihar, Square, Rampur, Jabalpur, Madhya Pradesh 482008",23.1402383,79.9258027,Shakti Nagar,093000 02706,,
b20c7e7c-3a11-4001-a630-23cfca50e831,Kumar Dental Clinic,DENTAL_CLINIC,,Narmada Rd,"Kumar Hospital 92, Narmada Rd, opposite Central Bank of India, opposite Hanuman Mandir, Adarsh Nagar, Rampur, Jabalpur, Madhya Pradesh 482008",23.1322498,79.92846,Shakti Nagar,079993 23018,,http://www.kumarhospital.com/
83e080c7-494b-414c-8194-c373985ea8bf,Harsh Dental Care (Dr. Harshit Shrivastava),DENTAL_CLINIC,,Kripal Chowk Rd,"Near, Kripal Chowk Rd, Gupteshwer Ward, Premnagar, Gupteshwar, Jabalpur, Madhya Pradesh 482001",23.1500882,79.9180757,Shakti Nagar,0761 407 0333,hshrivastava778@gmail.com,http://jabalpurhelpline.com/harsh-dental-care-and-maxillofacial-centre
1590845f-46e5-4d22-a19c-cf24d7b43262,Bilhari MaxilloFacial Dental Clinic,DENTAL_CLINIC,,Mandla - Jabalpur Rd,"House no 1074, Mandla - Jabalpur Rd, near Bada Hanuman Temple, Bilhari, Jabalpur, Madhya Pradesh 482020",23.1297335,79.9649956,Shakti Nagar,097899 58433,,
2183f780-75cc-4840-b938-a2316109bab7,Agrawal dental clinic,DENTAL_CLINIC,,Agrawal dental clinic State bank atm k baju se Dr. Satyendra mishra k samne Ramnagar road Azad chowk,"4WPF+GVC, Agrawal dental clinic State bank atm k baju se Dr. Satyendra mishra k samne Ramnagar road Azad chowk, Rampur, Jabalpur, Madhya Pradesh 482008",23.1363224,79.9246443,Shakti Nagar,097543 25857,,
04f3c793-996c-44d4-bb39-b12e086706bc,Dr Kotwani's Dental Clinic,DENTAL_CLINIC,,MP housing board office,"Shop no. 2, MP housing board office, road, Hathital, Jabalpur, Madhya Pradesh 482001",23.149946,79.923669,South Civil Lines,081095 55655,,
edc6fadd-7c5e-4380-be3a-75ce93384760,Hora Dental Care,DENTAL_CLINIC,,RD Medical centre,"RD Medical centre, 821/1, Gole Bazar, Wright Town, Jabalpur, Madhya Pradesh 482002",23.1699891,79.9267663,Gol Bazar,093408 60693,,
b80e0a04-7493-48a0-8b18-9a1c61ff75b0,Shubhi dental & cosmetic care,DENTAL_CLINIC,,Ambika hardware,"Ambika hardware, next to master kitchen, Gole Bazar, Wright Town, Jabalpur, Madhya Pradesh 482002",23.1717907,79.9294402,Gol Bazar,091319 89831,,https://mez.ink/shubhi
ce31c228-04c0-4e84-a900-32a84ae40e5a,Dr Jyoti Ghoshal - Dental Clinic,DENTAL_CLINIC,,Ganjipura,"Shop 4, Kalptaru Apartment, opposite Lane of Indian Coffee House, behind Vijan Palace, Ganjipura, Jabalpur, Madhya Pradesh 482002",23.1712367,79.9352288,Gol Bazar,,,
a383a9d1-548b-4d5b-87d9-b90ff72315d5,Dr. Mukherjee's Dental Clinic,DENTAL_CLINIC,,Chowk,"5WCQ+48J, Chowk, Badi Omti, Jabalpur, Madhya Pradesh 482002",23.1703449,79.9382579,Gol Bazar,0761 324 0070,,
3a043f2e-d979-4d3b-a71c-2f474fe4c584,Aarya Dental Clinic,DENTAL_CLINIC,,In front of LordGanj Police station,"5WFJ+FFV, In front of LordGanj Police station, Madhya Pradesh 482002",23.1737458,79.9311664,Gol Bazar,,,
3ed0e1cc-e048-440e-a808-3d4a011a415a,𝗕𝗮𝗴𝗵𝗲𝗹 𝗛𝗼𝗺𝗲𝗼 𝗛𝗮𝗹𝗹 - Homeopathic Clinic in Sadar | Homeopathic Medical Store |Dental Clinic in Sadar Jabalpur,PHARMACY,,Sadar,"Gali, Street Number 2, near Kali Mandir, Sadar, Jabalpur, Madhya Pradesh 482008",23.1516207,79.9454195,Sadar Bazar,098261 28483,,https://baghelhomeohall.com/
604d19ef-e4ea-4845-8f6f-1e3afb2475ba,Dr. Neha Chansoria : Dentist,DENTAL_CLINIC,,Bazar,"Bazar, 25no. Bungalow, Chansoria compound, Sadar, in front of Shivaji Ground, Jabalpur, Madhya Pradesh 482001",23.1535748,79.9463606,Sadar Bazar,,,
482e3b82-3ac0-4f90-9763-37483fd3a210,Dr. Niharika Gupta,GENERAL_CLINIC,,Kamla Nehru Nagar,"943, Kamla Nehru Nagar, Wright Town, Jabalpur, Madhya Pradesh 482002",23.1639896,79.9205614,Kamla Nehru Nagar,095892 10497,,
fc5a1231-c768-4bed-8f34-85794c0e9722,Dr. Kohli Sarvraj Orthodontist Jabalpur Hospital,HOSPITAL,,Russel Chowk,"Hospital and Research Centre, Russel Chowk, Napier Town, Jabalpur, Madhya Pradesh 482001",23.162205,79.936134,Russel Chowk,094251 52568,,http://drkohli.clinic.net.in/
7caa8591-b7ad-4c0c-8aff-167899b67176,Dental Clinic,DENTAL_CLINIC,,Gohalpur Rd,"5WQR+CH5, Gohalpur Rd, Milloniganj, South, Jabalpur, Madhya Pradesh 482001",23.1885109,79.941482,Miloniganj,073544 55666,,
7729cea4-3130-4f41-b018-ae2fde83b407,Shreem Dental Clinic,DENTAL_CLINIC,,Main Rd,"Main Rd, Jai Prakash Nagar, Adhartal, Jabalpur, Madhya Pradesh 482004",23.2000769,79.9486007,Miloniganj,,,
cf3fa5e1-a65b-4292-9995-3621bd963ed9,dr Heena chauhan Dental Clinic,DENTAL_CLINIC,,Dhanwantary Nagar Main Rd,"Chauhan dental clinic, Dhanwantary Nagar Main Rd, Damohnaka, MP Housing Board Colony, Dhanvantari Nagar, Jabalpur, Madhya Pradesh 482003",23.1567139,79.8736002,Damohnaka,090984 20556,,http://chauhandentalclinic.in/
f4d6f650-5d1c-4073-a806-778cfc2f74ce,Dental house,DENTAL_CLINIC,,Central Ordinance Depot Area,"5XQM+RX7, Central Ordinance Depot Area, Jabalpur, Madhya Pradesh 482011",23.1895412,79.9849074,Damohnaka,0761 492 5952,dentalhouse91@gmail.com,https://dentalhousejbp.com/
978f9874-8b56-4c03-9209-b2a5bbbc26cf,Dr.Abhishek Bhojak-Dental surgeon,DENTAL_CLINIC,,ghadi chowk,"ghadi chowk, 428, Vijay Nagar, Jabalpur, Madhya Pradesh 482002",23.1910136,79.9065498,Kachnar City,,,
3b34ea95-3fc9-4a60-8223-bf160304eb17,Dr. Shreya Chouksey (Om dental care and implant centre),DENTAL_CLINIC,,Shastri Nagar,"1098, in front of bada patthar, near Medical college, Shastri Nagar, Jabalpur, Madhya Pradesh 482003",23.1443688,79.8789211,Shastri Nagar,087706 58106,,
b2eead7a-29ae-493a-96ca-35b08f4a7910,Nirmal dental care center,DENTAL_CLINIC,,Doctors Colony,"NH45, Doctors Colony, Medical College Colony, Jabalpur, Madhya Pradesh 482003, Dhanvantri Nagar, square, Jabalpur, Madhya Pradesh 482003",23.1550294,79.8752394,Shastri Nagar,,,
4aed0b1d-169f-4a3c-b7e6-9076ae612a9d,ॐ डेन्टल क्लीनिक,GENERAL_CLINIC,,Ghamapur Rd,"5WGW+RP7, Ghamapur Rd, Lalmati, Jabalpur, Madhya Pradesh 482002",23.1770404,79.9467971,Ghamapur,,,
621ea817-a283-4a99-a6e1-d97ebf52dc8b,NIRMAL DENTAL CARE,DENTAL_CLINIC,,Kendriya Vidyalaya Rd,"5W3R+CXX, Kendriya Vidyalaya Rd, Katanga, Jabalpur, Madhya Pradesh 482001",23.1536143,79.9424762,Katanga,099810 98274,,
6678051f-5b12-4196-b715-079b4a387d83,Dental clinic,DENTAL_CLINIC,,Sanjeevani Nagar,"5VCR+7XJ, Sanjeevani Nagar, Jabalpur, Madhya Pradesh 482003",23.1707081,79.892396,Sanjeevani Nagar,,,
b51414d3-852f-4be4-9f43-18a4a693a552,Sairam Dental Clinic,DENTAL_CLINIC,,Ukhri Tiraha State Bank Colony,"Shop No.85, Ukhri Tiraha State Bank Colony, Madhya Pradesh 482002",23.1795921,79.9171236,Sanjeevani Nagar,099263 70998,,
a8c19be0-0b29-473e-a2c8-5eb0218f99e9,harshita dental clinic,DENTAL_CLINIC,,Tilhari,"Tilhari, Jabalpur, Madhya Pradesh 482020",23.1244631,79.9679077,Tilhari,,,
c8977f29-780e-40ec-a60c-956e45267064,Dr Ravi Dental Health Clinic,DENTAL_CLINIC,,Rajul Township,"GULATI BUILTECH, Rajul Township, Marketing complex 1, Mandla - Jabalpur Rd, Tilhari, Jabalpur, Madhya Pradesh 482021",23.1176312,79.9735184,Tilhari,097138 53079,ravi63prakash@gmail.com,https://www.apnabusinesscard.com/Dental-Health-Clinic
ac5a02ba-9849-44bf-bf2e-3c275e3a5f7b,Dental Care Bilhari (Dr. Monika Arora),DENTAL_CLINIC,,Main Road,"Main Road, above Janta Medical Hall, Bilhari, Jabalpur, Madhya Pradesh 482020",23.1311496,79.9646084,Tilhari,099268 32121,dentistshimla@gmail.com,https://www.apnabusinesscard.com/Dental-Care-Bilhari
730e9243-a518-4e1e-94cb-bd0c7d49b9ef,Dentocare and implant center,ENT_CLINIC,,Mandla Road,"Dentocare,Infront of Bar Fly Restaurant, Tilhari,Mandla Road, Jabalpur, Madhya Pradesh 284, Madhya Pradesh 482020",23.1146376,79.9747699,Tilhari,083053 44744,,
4eca7774-34ea-477d-a9aa-21df0f79110a,Dr. Anamika Arora - MDS (Braces Specialist),DENTAL_CLINIC,,Mandla - Jabalpur Rd,"Smile Zone Dental Clinic, Mandla - Jabalpur Rd, below Mahawar Gym, beside bellagante salon, Bilhari, Jabalpur, Madhya Pradesh 482020",23.1303157,79.9642952,Tilhari,094073 38216,,
9e28e2ee-0a55-4937-814e-a4e8b447bbb6,Star Dental Clinic (Dr. Durga Bakalwar),DENTAL_CLINIC,,Dutt township Gate,"Shop No. 2-3, Dutt township Gate, First floor, Mandla - Jabalpur Rd, opp. Sports Club of, Tilhari, Jabalpur, Madhya Pradesh 482021",23.1160548,79.9737338,Tilhari,094065 25939,drdurga.inder@gmail.com,https://www.apnabusinesscard.com/Star-Dental-Clinic
bc7d8203-edd8-4271-8207-e2b375a2995d,"Dr. Sonu sharma, sharma dental clinic",DENTAL_CLINIC,,Bilhari,"NH30, near pathak petrol pump 482020, Bilhari, Jabalpur, Madhya Pradesh 482020",23.1283359,79.9654077,Tilhari,097537 73526,,
5f344434-3998-4209-a321-ccb848da1053,Dr. Sourabh Khare Dental Clinic,DENTAL_CLINIC,,Mandla Road,"Mandla Road, Bilhari, below New Care Medicose, Jabalpur, Madhya Pradesh 482020",23.1308991,79.9646947,Tilhari,076126 05507,,
3d33c9a0-ae43-4833-90ea-e57f96b4b7e5,Sharma Dental Clinic,DENTAL_CLINIC,,Mandla - Jabalpur Rd,"Petrol Pump, Near, Mandla - Jabalpur Rd, Bilhari, Jabalpur, Madhya Pradesh 482020",23.1283461,79.9654124,Tilhari,097537 73526,,
6f41fc14-e3a8-4a0e-bb29-b5539598b139,Mamta dental clinic,DENTAL_CLINIC,,Mandala Rd,"441, Mandala Rd, near Sharma Tutorials, Bilhari, Jabalpur, Madhya Pradesh 482020",23.1327957,79.9638256,Tilhari,083191 89136,,
57f1b2b2-9529-4512-8743-0a4809740cd2,C.L Dental clinic,DENTAL_CLINIC,,Mandla - Jabalpur Rd,"gour tiraha, Mandla - Jabalpur Rd, near baba dairy, Jabalpur, Padariya, Madhya Pradesh 482021",23.1051785,79.9863345,Tilhari,,,
cfee8dc2-f1a8-421c-9697-7379c7e5e19e,Pranita Dental Clinic,DENTAL_CLINIC,,Sadar,"9, Kingsway, near Indian Coffee House, behind Indore Sweets, Sadar, Jabalpur, Madhya Pradesh 482001",23.1537376,79.9489786,Tilhari,088399 82113,,
8c16c1fc-e06f-47b8-8718-747f7c825f76,Dr. Gaurav Bhattacharya Dental Clinic,DENTAL_CLINIC,,Mandla Road,"4XM7+4FQ, Mandla Road, Bilhari, Jabalpur, Madhya Pradesh 482020",23.1328461,79.9637311,Tilhari,098266 84674,,
ca338307-b6ce-48e2-be7d-a621e119ce0b,Roy Dental Clinic,DENTAL_CLINIC,,Agarwal Market,"Agarwal Market, Mandla Road, Bilhari, Jabalpur, Madhya Pradesh 482020",23.1329429,79.9641036,Tilhari,076126 01405,,
423a322d-cf37-4141-9394-ae9983425dc7,AVIRAL CLINIC,GENERAL_CLINIC,,rajul city,"rajul city, Bilhari, Jabalpur, Madhya Pradesh 482020",23.1301676,79.9668429,Tilhari,,,
ad221898-cb65-4232-aa8b-b9fc7d61b30f,Army Dental Hospital,HOSPITAL,,Cantt,"4XR3+HM2, Cantt, Jabalpur, Madhya Pradesh 482001",23.141398,79.9541506,Tilhari,,,
a61718be-7657-4d2e-bb2e-4c900f9e17bd,Dant Ka Dawakhana,GENERAL_CLINIC,,Mandla Road,"4XM7+4FQ, Mandla Road, Bilhari, Jabalpur, Madhya Pradesh 482020",23.1328461,79.9637311,Tilhari,098266 84674,,
800b7f93-8222-4828-83d0-7c849964c276,डेन्टल क्लीनिक,GENERAL_CLINIC,,Mandla - Jabalpur Rd,"4XH8+85R, Mandla - Jabalpur Rd, Sant Jalaram Bappa Nagar, Cantt, Jabalpur, Madhya Pradesh 482020",23.1283712,79.9653873,Tilhari,,,
7f8df412-1f10-4bde-be34-c86a22d0e1ac,Y H dental lab,PATHOLOGY_LAB,,Sadar Cant,"behind Empire theatre, Sadar Cant, Jabalpur, Madhya Pradesh 482001",23.1510723,79.9486489,Tilhari,093014 02806,,
bca35bf6-be65-4604-94ce-1379ad2b2297,Jha Orthodontics And Dental Solutions,DENTAL_CLINIC,,Unknown,,,,Tilhari,,,https://instagram.com/jhaorthodontics?igshid=NDRkN2NkYzU=
81087394-8268-4339-8612-360a0277b7eb,Dr. Surendra Kumar Pandey,GENERAL_CLINIC,,Mandla - Jabalpur Rd,"4XM7+5FQ, Mandla - Jabalpur Rd, Sant Jalaram Bappa Nagar, Cantt, Jabalpur, Madhya Pradesh 482020",23.1329696,79.9637283,Tilhari,,,
66cff5f5-249a-4cff-b78e-8e8c8e71955d,Dental world Super Speciality dental clinic,DENTAL_CLINIC,,Kisani mohalla main road,"32WW+74W, Kisani mohalla main road, Barela, Madhya Pradesh 483001",23.0957379,80.0453219,Barela,,,
7832ecea-31fc-43f9-ae7e-b102f71da003,Dental Clinic (Dr. Deepti Dubey),DENTAL_CLINIC,,Bazar Mohalla,"Bazar Mohalla, Main Road, Barela, Madhya Pradesh 483001",23.0963519,80.0512924,Barela,,,
881343c2-0c74-418d-90a7-5334e395a682,ma sharda pathology lab and dental clinic,PATHOLOGY_LAB,,main road,"bus stand, main road, Barela, Madhya Pradesh 483001",23.0964461,80.0542929,Barela,093990 68368,,
804246e5-b85d-461b-8880-bcfcbd42744d,Reva Dental Clinic & Facial Surgery Centre,DENTAL_CLINIC,,Narmada Rd,"192, Narmada Rd, Panch Sheel Nagar, Satyanand Vihar, Adarsh Nagar, Gupteshwar, Jabalpur, Madhya Pradesh 482001",23.1400962,79.9264029,Barela,089628 59234,,
b29fa7f6-f41b-44c6-9977-3024f680e9a5,Dental Clinic Dr. Rishi Dev Batav,DENTAL_CLINIC,,Bhatauli,"Bhatauli, Madhya Pradesh 482021",23.1172654,79.9753452,Barela,097138 96998,,
bf4fc2e8-aeeb-4624-a49b-76f761227d93,Veer Oral And Dental Clinic,DENTAL_CLINIC,,Main Road,"NH 7, Main Road, Panagar, Jabalpur, Madhya Pradesh 483220",23.2890345,79.9948919,Panagar,090988 75300,,
f1a142eb-7e71-4654-a85a-60fc64117d4e,Daant Ka Dawakhana,GENERAL_CLINIC,,National Highway-7 Road,"National Highway-7 Road, Near Saraswati Higher School, Panagar, Jabalpur, Madhya Pradesh 483220",23.2834049,79.9926419,Panagar,093035 27071,,
375dce51-663a-48b1-a4e0-6ee1ae98d108,Aastha dental clinic,DENTAL_CLINIC,,Station road,"Station road,Bhedaghat, chowk, Jabalpur, Madhya Pradesh 483053",23.1569656,79.8016489,Bhedaghat,081093 58222,,
264ae9a2-7788-4a0a-bf69-ec32894e3486,JABALPUR DENTAL & DERMA CLINIC,DENTAL_CLINIC,,Rewa Colony,"Ram Chappar, 12, High Court Susayati, Rewa Colony, Rampur, Jabalpur, Madhya Pradesh 482008",23.1278944,79.9163172,Bhedaghat,,,
906e614a-d169-4878-9328-0fd1ad851149,Dr. Rashmita Shrivastava (Root Canal Specialist & Dental Cosmetologist),DENTAL_CLINIC,,Chandrika Apartments Gupteshwar road,"Harsh dental care, 361/D-1, Chandrika Apartments Gupteshwar road, Kripal Chowk Rd, Jabalpur, Madhya Pradesh 482001",23.1500739,79.9180565,Bhedaghat,086009 00911,rashmita943@gmail.com,http://jabalpurhelpline.com/dr-rashmita-shrivastava-endodontist-and-cosmetologist
ac45ffed-3887-4413-99e0-78829da889de,Om Dental Lab,PATHOLOGY_LAB,,MPEB Road,"17, MPEB Road, Sahakar Nagar, MPSEB Colony, Rampur, Jabalpur, Madhya Pradesh 482008",23.1361389,79.918505,Bhedaghat,093008 20598,,
cb318747-d3e9-48b3-b8a1-5db9129acab3,Parsai Dental Clinic,DENTAL_CLINIC,,Rampur Chhapar Rd,"4WM9+2MM, Rampur Chhapar Rd, Vijay Nagar, Chapra, Rampur, Jabalpur, Madhya Pradesh 482008",23.1325875,79.9191771,Bhedaghat,090984 37864,,
dffb130a-6aa2-43f4-a045-a0b79e5201e2,TEETH CARE by Dr Prachi Agrawal,DENTAL_CLINIC,,Ratan Nagar Rd,"near, Ratan Nagar Rd, in front of Ajay tent house, Madan Mahal, Jabalpur, Madhya Pradesh 482001",23.148894,79.9125083,Bhedaghat,070670 15988,,
19e751fe-06c8-4faa-a31b-4c636265c5c3,Dr P K Agrawal,GENERAL_CLINIC,,Ratan Nagar,"State Bank of India, 3, Ratan Nagar, Jabalpur, Madhya Pradesh 482001",23.1474236,79.9132472,Bhedaghat,011 4358 7057,,
2af7b5ef-607e-4e64-8ba1-77b5f22841c6,Vita Dental Lab,PATHOLOGY_LAB,,New Shastri Nagar,"New Shastri Nagar, Shastri Nagar, Jabalpur, Madhya Pradesh 482003",23.1398339,79.8759622,Bhedaghat,,,
8840d5aa-fd04-4e73-95cb-471fc2b57554,Family Dental Clinic,DENTAL_CLINIC,,Sudha Vihar,"04 commercial Wing, Sudha Vihar, Rampur, Jabalpur, Madhya Pradesh 482008",23.1237957,79.9136731,Bhedaghat,,,
0670083c-360d-439c-89c0-72397f83a8b2,Shailesh Dental Clinic,DENTAL_CLINIC,,New Shastri Nagar,"0025, New Shastri Nagar, Shastri Nagar, Jabalpur, Madhya Pradesh 482003",23.1404814,79.8726642,Bhedaghat,075250 23506,,
aba74479-2d71-45fc-be93-aa9ae8d0b511,Gyanani Dental Clinic,DENTAL_CLINIC,,Nagpur road,"5W36+5H5, Nagpur road, besides bagga in hotel Madan Mahal, Madhya Pradesh 482001",23.1528955,79.9114712,Bhedaghat,,poonamgyanani@gmail.com,http://jabalpurhelpline.com/gyanani-dental-clinic
295562e6-f02b-463b-bcc7-59ae35d65f05,Dmls Dental Centre,DENTAL_CLINIC,,nagar,"20sahkar, 20, nagar, Sahakar Nagar, MPSEB Colony, Rampur, Jabalpur, Madhya Pradesh 482008",23.1361193,79.9181989,Bhedaghat,,,
d95937f0-dd72-4368-9574-760f875e6d48,Dr Ravi Agrawal EYE HOSPITAL,HOSPITAL,,Napier Town Naveen vidya bhawan road,"Napier Town Naveen vidya bhawan road, Near, Bhavartal Garden Rd, Jabalpur, Madhya Pradesh 482001",23.1608223,79.9346605,Wright Town,0761 406 5762,,http://drraviagrawal.in/
8f1b29be-f65d-4394-8712-5570588d859a,Daksh Netralaya Eye Hospital | Best Eye Hospital in Jabalpur,HOSPITAL,,Gole Bazar,"First Floor, Omega Children's Hospital, Gole Bazar, Wright Town, Jabalpur, Madhya Pradesh 482001",23.1714131,79.927048,Wright Town,091110 21252,dakshnetralaya@gmail.com,http://www.dakshnetralaya.in/
a717535c-ac3e-4187-a14c-aaa68391c73b,𝗩𝗶𝘀𝗶𝗼𝗻 𝗘𝘆𝗲 𝗖𝗮𝗿𝗲 𝗛𝗼𝘀𝗽𝗶𝘁𝗮𝗹 - Ophthalmologist| Eye Specialist| Cataract Surgeon| Retina specialist| Eye Hospital in Jabalpur,HOSPITAL,,Wright Town,"Infront of Arun Dairy, Near, Telegraph Gate #4, Wright Town, Jabalpur, Madhya Pradesh 482002",23.1631902,79.9225081,Wright Town,076124 14171,,https://visioneyecarehospital.com/
e7a75edb-8351-4b2e-a69d-c251535b6fca,Centre For Sight Group of Eye Hospitals | JABALPUR | MADHYA PRADESH,HOSPITAL,,near Bhavartal Garden Road,"811, Renuka Tower, near Bhavartal Garden Road, Napier Town, Jabalpur, Madhya Pradesh 482001",23.1619263,79.9355978,Wright Town,080 6542 3838,,https://www.centreforsight.net/eye-hospitals-in-india/jabalpur/renuka-towers?utm_source=GMB&utm_medium=Local+Pack&utm_campaign=GMB_Renuka_Towers_Jabalpur
f7fc32be-e115-4670-9c98-592b9dfa293f,ASG Eye Hospital - Jabalpur,HOSPITAL,,Napier Town landmark:,"124, Napier Town landmark:, near, Shastri Bridge, Jabalpur, Madhya Pradesh 482001",23.1592086,79.9303712,Wright Town,0674 617 2418,jabalpur@asgeyehospital.com,https://asgeyehospital.com/hospital/shastri-bridge-jabalpur
189fdb52-8436-4eaa-a647-b16a85b5fc97,"Agrawal Eye Care Centre Dr Mudit Agrawal Dr Hitesh Agrawal Cataract, Laser Eye Surgery, Glaucoma, Retina Treatment Jabalpur",EYE_CLINIC,,Nagpur road,"Opposite Hotel Gulzar, Between chotiline crossing and Mahanadda, Nagpur road, Madan Mahal, Jabalpur, Madhya Pradesh 482001",23.154836,79.925354,Wright Town,080857 75561,agrawaleyecarecentre@gmail.com,https://agrawaleyecare.com/
62886daa-ee5f-4757-a51d-c6762bd7c184,Virat Netralaya,GENERAL_CLINIC,,Prem Mandir Rd,"Infront of, Prem Mandir Rd, Wright Town, Jabalpur, Madhya Pradesh 482001",23.1641634,79.924858,Wright Town,073542 80661,,
110b94d0-bafe-47a4-9b5f-75f85bc79d6e,PARAMBA NETRALAYA ( Dr NITIN SONI),GENERAL_CLINIC,,Gole Bazar,"2nd floor, above slim point, Gole Bazar, Wright Town, Jabalpur, Madhya Pradesh 482002",23.1716603,79.9268417,Wright Town,098939 65609,info@parambanetralaya.com,https://www.parambanetralaya.com/
d4cb5966-f816-4f1b-817d-64c3ffd2cd3a,Chitrakoot Eye Hospital,HOSPITAL,,Badi Ukhri Chowk,"Badi Ukhri Chowk, beside Global Hospital, Vijay Nagar, Jabalpur, New Adaresh Colony, Madhya Pradesh 482002",23.1780943,79.9122049,Wright Town,,,
5a6a1630-3eca-42b8-b2b4-a624e3778ea8,Dr Aboli Pansey | Opthalmologist | Anant Multispeciality Hospital,MULTISPECIALTY_HOSPITAL,,SUBHDRA KUMARI WARD,"ANANT NURSING HOMES PVT LTD, 299-B, SUBHDRA KUMARI WARD, Wright Town, Jabalpur, Madhya Pradesh 482002",23.1655369,79.9221896,Wright Town,,,https://ananthospital.org/
b0efe12f-664e-49bb-b37e-eac3bb8081d7,I PLUS SUPERSPECIALITY EYE HOSPITAL/ BATALIA EYE HOSPITAL,SUPERSPECIALTY_HOSPITAL,,Naya Mohalla,"opposite nscb convention centre, near Tayabali petrol pump, Naya Mohalla, Jabalpur, Madhya Pradesh 482001",23.1671788,79.9394429,Wright Town,076126 22136,scbatalia@gmail.com,https://jabalpurhelpline.com/batalia-eye-hospital
8da0dbb0-7f55-4cc7-b2eb-1397f12492c7,Dr. Kaustubh Harshey,GENERAL_CLINIC,,Golbazar,"Daksh Netralaya, 1st Floor Omega Children's Hospital, Golbazar, Madhya Pradesh 482002",23.1715348,79.9271882,Wright Town,,dakshnetralaya@gmail.com,https://jabalpurhelpline.com/daksh-netralaya
1a4d92df-821c-42ef-9516-02467c7a4334,Dr. Mayuri Borah (I Plus Superspeciality EYE Hospital),SUPERSPECIALTY_HOSPITAL,,Clock Tower Rd,"I Plus Superspeciality Eye Hospital, Clock Tower Rd, opposite Netaji Subhash Chandra Bose Convention Center, GHANTAGHAR, Napier Town, Jabalpur, Madhya Pradesh 482001",23.1672037,79.9394471,Wright Town,078283 47011,mayuriborah1627@gmail.com,https://jabalpurhelpline.com/dr-mayuri-eye-specialist
3699a5d2-6054-45c4-8bde-4c4407f841c3,"Dr. Chaitali Patel Harshey (Cataract, Cornea and Glaucoma Surgeon)",EYE_CLINIC,,Omega Children's Hospital Golbazar,"Daksh Netralaya, 1st Floor, Omega Children's Hospital Golbazar, Madhya Pradesh 482002",23.1715364,79.9271959,Wright Town,,dakshnetralaya@gmail.com,https://jabalpurhelpline.com/daksh-netralaya
70f56aab-b4dc-4050-bd24-9bb40e8d51f0,Roshan Netralaya and Retina Foundation,EYE_CLINIC,,near Bhavartal Garden Road,"Sudarshan Motor Crossing, 122A, near Bhavartal Garden Road, Napier Town, Jabalpur, Madhya Pradesh 482001",23.1601689,79.9323211,Wright Town,0761 407 1888,contact@roshannetralaya.com,https://roshannetralaya.com/
74d64bd4-d234-4afb-830c-fb2195073ca7,Dr Brajesh Chaudhary,GENERAL_CLINIC,,Wright Town,"5WCF+6QG, Wright Town, Jabalpur, Madhya Pradesh 482002",23.1705658,79.9244746,Wright Town,,,
613799a9-2b4c-45e5-9214-714f0e7275f5,Sai Shiva Netrayala,GENERAL_CLINIC,,Kachnar Road,"Kachnar Road, Ahinsa Chowk, beside shalby hospital, Vijay Nagar, Jabalpur, Madhya Pradesh 482002",23.185268,79.9093805,Wright Town,087708 01881,,
09cc34c9-0d47-4a9a-aa88-4e64b933f9c8,DRISHTI EYE CARE,EYE_CLINIC,,near Ukhari Chowk,"Drishti eye care Amrit Clinics, near Ukhari Chowk, Jabalpur, Madhya Pradesh 482002",23.1783265,79.9119141,Wright Town,097702 06946,,
c258f6b8-7a6b-4756-9d72-120843c66e34,Netra Jyoti Eye Care & Laser Center - Dr Mukesh Khatri,EYE_CLINIC,,Napier Town,"Napier Town, Jabalpur, Madhya Pradesh 482001",23.1624753,79.9397076,Wright Town,093006 22900,,
4d52fd5d-ac6d-4575-aabd-94125b8ea439,Chhavi Eye Clinic,EYE_CLINIC,,Kachnar City Rd,"Chhavi eye clinic, 1354, Kachnar City Rd, near fresh point, Vijay Nagar, Jabalpur, Raksha, Madhya Pradesh 482002",23.1869877,79.9059563,Wright Town,088188 66444,,
024b896b-79ce-4efe-be6a-da1ab53fd74a,DR SOURABH SONI BEST EYE AND LASER CLINIC,EYE_CLINIC,,Shanti Nagar Rd,"264, Gali, 11, Shanti Nagar Rd, near Jain Mandir, Damoh Naka, Jabalpur, Madhya Pradesh 482002",23.1890789,79.9287607,Wright Town,094258 34642,dr_soni2003@yahoo.com,http://jabalpurhelpline.com/dr-sourabh-soni-eye-care-clinic
dd9eea22-e639-43a4-8ac5-43bd8319cf3a,Dr Ravin N Das Eye Clinic,EYE_CLINIC,,Anjuman Market,"Shop #7, Ground Floor, Anjuman Market, 2, Malaviya Chowk, Marhatal, Jabalpur, Madhya Pradesh 482002",23.1694316,79.9323549,Wright Town,098261 23453,,
ca6183e9-4388-4b21-be1f-f0fc6d668089,"Shiv Netralay, Eye Hospital Shiv Netralay, Dr. Ritesh Shukla, Glaucoma Specialist, Eye Specialist, Cataract Surgeon",HOSPITAL,,3rd Floor,"3rd Floor, Ram Janki Bhavan, opposite LIC Divisional Office, Madan Mahal, Jabalpur, Madhya Pradesh 482001",23.1528295,79.910539,Wright Town,074008 43242,,
d5ff9275-a1db-4a29-9f50-6393c41ef112,Eye Specialist Jabalpur Padma Eye Care Center,EYE_CLINIC,,MR-4 Rd,"MR-4 Rd, Yadav Colony, Jabalpur, New Adaresh Colony, Madhya Pradesh 482002",23.1706372,79.9101099,Wright Town,078980 33993,,
79215d62-c8e5-4f10-a854-fd866c8d0db3,Dr Shikha Dubey Eye Clinic,EYE_CLINIC,,road,"5WHH+9C7, Vaidhraj ki gali, Dixitpura, Sabji Mandi, road, Niwadganj, Jabalpur, Madhya Pradesh 482002",23.1787482,79.9284898,Wright Town,,,
212bc73c-2815-4643-a48f-bbb864cd3fff,TRINETRA DIAGNOSTIC AND EYE CARE CLINIC,DIAGNOSTIC_CENTER,,behind NEELKANTH HOTEL UKHARI CHOWK,"behind NEELKANTH HOTEL UKHARI CHOWK, Sheetalpuri, Jabalpur, New Adaresh Colony, Madhya Pradesh 482002",23.1776044,79.9111844,Wright Town,083496 34400,,https://rpenterprises.my.canva.site/trinatra-diagnostic-eye-care-clinic
1906132a-b9f6-4048-aaed-3b3056a372eb,NethraDham Eye Hospital,HOSPITAL,,CBI Office Road,"Plot No. 5, JDA Scheme, No. 14, CBI Office Road, near SR Mall, opp. Board Office, Vijay Nagar, Jabalpur, Madhya Pradesh 482002",23.1904965,79.9112979,Wright Town,076126 46470,netradham@gmail.com,https://apnabusinesscard.com/Nethradham-Eye-Hospital
5fa493d6-58d9-4bff-8201-6c60a8948f72,Husain Eye Care Centre (Dr. Shabbir Husain),EYE_CLINIC,,4th Bridge Rd,"Besides Sahil Honda, 4th Bridge Rd, Napier Town, Jabalpur, Madhya Pradesh 482001",23.1592376,79.9373331,Wright Town,099818 27754,drhusains60@gmail.com,http://jabalpurhelpline.com/husain-eye-care-Centre-dr-shabbir-husain
27d9a917-68a5-40ed-b9a5-ecb1e2b2fc57,Eye Fect Eye wear and Contact lens Clinic,EYE_CLINIC,,vidhya bhawan road,"Punjab sindh Bank, Near, &, vidhya bhawan road, beside Dr. Sachin Loothra Skin Clinic, near Jabalpur, Bhwartal to, Navneen, Jabalpur, Madhya Pradesh 482001",23.1607131,79.9346415,Wright Town,099930 30022,,
970aa6a8-7729-4861-90ed-e84522310d7b,Advance Laser And Phaco Centre,DERMATOLOGY_CLINIC,,near Super Market Coffee House,"80, Agarwal Bhawan, near Super Market Coffee House, Ganjipura, Jabalpur, Madhya Pradesh 482002",23.1714792,79.9316202,Wright Town,095890 04128,,
6b45150a-5c69-4c16-8e60-cb79937e11bf,Hemraj eye care & optical center (Neetesh gour),EYE_CLINIC,,Subhash Nagar,"5V6V+HC7, MP SH 22, Subhash Nagar, Chandan Colony, Garha, Jabalpur, Madhya Pradesh 482003",23.1610162,79.8932899,Wright Town,098263 68844,neeteshgour9@gmail.com,https://www.apnabusinesscard.com/Hemraj-Eye-Care-and-Optical-Center
11a95183-258e-4829-9125-1cec55ddd211,Eye Wellness Clinic (Dr.Ahtesham Ansari),EYE_CLINIC,,Raddi Chowki,"near Maqsooda Ansari Hospital, Nai Basti, Raddi Chowki, Gohalpur, Jabalpur, Madhya Pradesh 482004",23.1929415,79.9401787,Wright Town,,eyewellnessjbp@gmail.com,https://jabalpurhelpline.com/dr-ahtesham-ansari-eye-specialist
21058226-2585-4a78-a408-719c86dc4584,"Dr Saurabh Deshmukh - Best Retina Doctor, Retina Surgeon, Eye Doctor, Eye Surgeon, Cataract Surgeon, Uvea Expert, Jabalpur",EYE_CLINIC,,Bhavartal Garden Rd,"811, Renuka Tower, Centre for Sight, near, Bhavartal Garden Rd, Napier Town, Jabalpur, Madhya Pradesh 482001",23.1618826,79.9356084,Wright Town,070023 10270,,https://www.eyelearn.in/drsaurabhdeshmukh/
83fe8ff4-6041-41b4-a58b-360a4ea79bf7,Dada Virendra puri Ji Eye Institute(Dvjei Netralaya)-Best Eye Hospital in Jabalpur|Free Eye Check-up|Eye Bank|Fellowship,HOSPITAL,,road,"Jotpur, Near Tilwara Bridge, Chargawan, road, Jabalpur, Madhya Pradesh 482003",23.105728,79.8668249,Wright Town,091110 91188,dvjei.jbp@gmail.com,https://dvjei.org/
8dfa5c6b-3c7f-4b69-8c3b-785c7a302ae3,Dr chhabra,GENERAL_CLINIC,,Gurandi Market Rd,"5WFP+8WR, Gurandi Market Rd, Gurandi, Jabalpur, Madhya Pradesh 482002",23.173373,79.9372578,Wright Town,,,
9cd59e7f-5aff-4691-bac3-0ce42a75846e,"Titan Eye+ at Sadar, Jabalpur (Buy 1 Get 1 Free)",EYE_CLINIC,,Sadar Main Rd,"25, Sadar Main Rd, opp. Tanishq, next to Rajbhog sweets, Malhotra Compound, South Civil Lines, Jabalpur, Madhya Pradesh 482001",23.1543125,79.9441537,Wright Town,091110 02382,,https://www.titaneyeplus.com/
7dfcfec1-9f19-40be-aa77-4d71ff12aa1a,"Titan Eye+ at Russel Chowk, Jabalpur (Buy 1 Get 1 Free)",EYE_CLINIC,,Russel Chowk,"Russel Chowk, near jabalpur hospital, Napier Town, Jabalpur, Madhya Pradesh 482001",23.1622826,79.9368196,Wright Town,0761 404 0666,,https://www.titaneyeplus.com/
9e51dc75-3bdc-47be-91a7-2cea5a425071,Shriram Eye clinic,EYE_CLINIC,,253 Sanjeevani Nagar,"253 Sanjeevani Nagar, Garha, Jabalpur, Madhya Pradesh 482002",23.1656137,79.9004385,Wright Town,093409 54316,,
fcd9bf69-119f-4498-8465-3795a2c1cd68,Shri Sadhna Netralaya (Dr. Tarun Aharwal - Eye Specialist),EYE_CLINIC,,near Deendayal Chowk,"DD Complex, A-19, near Deendayal Chowk, Vijay Nagar, Jabalpur, Raksha, Madhya Pradesh 482002",23.191823,79.9140904,Wright Town,,,
4a03a985-0408-46dc-af4c-edfa298961dd,"Dr Ashish Nema Ahinsha Chowk, Vijay Nagar Jabalpur",GENERAL_CLINIC,,Vijay Nagar,"5WP5+3QW, Vijay Nagar, Jabalpur, Raksha, Madhya Pradesh 482002",23.185247,79.9094489,Wright Town,099812 16981,,
d73f8089-4c8e-483b-884d-531b85cf0cf7,AMAN EYE CARE AND OPTICAL CENTER,EYE_CLINIC,,Gupteshwar Rd,"4WVC+X22, Gupteshwar Rd, Sethi Nagar, Gupteshwar, Jabalpur, Madhya Pradesh 482001",23.1448773,79.9200024,Wright Town,074152 21295,,
f42e3d8e-953d-4ec0-8e00-8158306ea21e,Dr. Khatri eye care,EYE_CLINIC,,Napier Town,"5W7Q+2V9, near income tax office, Napier Town, Jabalpur, Madhya Pradesh 482001",23.1625427,79.9397331,Napier Town,,,
31865758-7ec4-41fe-9ee9-00884127afb7,dr atul aharma,GENERAL_CLINIC,,MR-4 Rd,"5WC6+725, MR-4 Rd, Yadav Colony, Jabalpur, New Adaresh Colony, Madhya Pradesh 482002",23.1706345,79.9101286,Napier Town,,,
bb3ece70-56df-45f8-a29e-81974d42b2e2,Jabalpur Advanced Lasik Laser Centre,EYE_CLINIC,,Napier Town,"Akhilalaya Apartment B Block, Flat No 1 Ground Floor,, Napier Town, Opp. Microsoft Service / Nokia Care Centre, Jabalpur, Madhya Pradesh 482001",23.159361,79.932366,Napier Town,0761 401 6668,,
36bd14ba-ed7f-46ab-8399-76d99bba6839,Dr. Saras Jain Eye Clinic,EYE_CLINIC,,Uprainganj,"Uprainganj, Jabalpur, Madhya Pradesh 482002",23.1831377,79.9281777,Napier Town,091313 97386,,
84c1ea03-9d83-4a32-91bb-4ee63b680220,DRISHTI EYE HOSPITAL,HOSPITAL,,Nagpur Rd,"Madan Mahal, Nagpur Rd, Premnagar, Maheshpur, Jabalpur, Madhya Pradesh 482002",23.1558277,79.9152035,Napier Town,094258 66800,,
37f049b1-aeae-48e0-bead-a5268c0be530,Inder Opticians (इंद्र चश्मे वाले),GENERAL_CLINIC,,Badi Omti,"Shop No. 411, Badi Omti, Jabalpur, Madhya Pradesh 482008",23.1707262,79.9379304,Napier Town,093295 67747,,
7c7aba13-c36e-4634-bab6-5d6c05167226,DEEWAN EYE,EYE_CLINIC,,Jabalpur Hospital to Shastri Bridge Rd,"5W6P+P2X, Jabalpur Hospital to Shastri Bridge Rd, Napier Town, Jabalpur, Madhya Pradesh 482001",23.1618521,79.9351034,Napier Town,,,
0abfe220-7e7a-4292-930e-e8279be26179,Eye Care Optical,EYE_CLINIC,,Chowk,"Infront Of Dr Mishra Eye Hospital, Chowk, Daya Nagar, Yadav Colony, Jabalpur, Madhya Pradesh 482002",23.1690822,79.917424,Napier Town,093008 71444,,
ff88e81b-1de6-4fef-8cc9-c909e670f9ea,TN Shukla Eye Hospital,HOSPITAL,,Priyadarshni Colony,"52C2+68H, near Nature Park, Priyadarshni Colony, Jabalpur, Madhya Pradesh 482005",23.1710139,80.0015491,Gorakhpur,,,
ae8494a5-70fe-4aed-9284-ddfaf91b9703,Anu I care netra clinic,GENERAL_CLINIC,,Amkhera Rd,"442, 6W4P+VP5, 442, Amkhera Rd, Jagriti Nagar, Adhartal, Jabalpur, Madhya Pradesh 482004",23.207092,79.937026,Adhartal,088390 31462,,
aea43bc0-7b3b-4eee-9a71-e3b6d3ccf5e8,Mamta Eye Care And Opticals,EYE_CLINIC,,Dhani ki kutiya road,"Dhani ki kutiya road, Alok Nagar, Adhartal, Jabalpur, Madhya Pradesh 482004",23.20184,79.9419352,Adhartal,083190 27064,,
d88d015d-7148-4ee2-ab19-fd5ebac14b1e,Atul Ansari Netra Chikitsalaya,GENERAL_CLINIC,,Unnamed Road,"5WXW+894, Unnamed Road, Ravindra Nagar, Adhartal, Jabalpur, Madhya Pradesh 482004",23.1982679,79.9459471,Adhartal,,,
2774a1ad-4656-4259-b771-3e871472670d,Dr. Shahjahan ali,GENERAL_CLINIC,,Ravindra Nagar,"149, Ravindra Nagar, Adhartal, Jabalpur, Vehicle Fac. Jabalpur, Madhya Pradesh 482004",23.1986048,79.9458102,Adhartal,096919 45848,,
6cc23219-f220-4529-afda-7cfb3053adf8,Navjyoti eye care Dr Rukmendra Pratap Singh Warkade,EYE_CLINIC,,Mastana Chowk Rd,"1637, Mastana Chowk Rd, Ranjhi, Bengali Colony, Jabalpur, Madhya Pradesh 482005",23.2035573,80.0024431,Adhartal,070240 76325,,https://navjyotieyecare.in/
559bb1e7-539d-4743-8787-4f0fd6ce4010,Anu eye Care,EYE_CLINIC,,New Ram Nagar,"6W4P+VR4, New Ram Nagar, Jagriti Nagar, Adhartal, Jabalpur, Madhya Pradesh 482004",23.2071467,79.9370895,Adhartal,,,
c88c7459-832b-40f7-b5bc-a5df88e318c8,Prime Eye Care & Optical,EYE_CLINIC,,Ghamapur Rd,"Ghamapur Rd, Lalmati, Jabalpur, Madhya Pradesh 482001",23.1789078,79.9552932,Adhartal,077480 29898,,
a7d952ad-56ff-4f1e-9edd-c5d256c91a6a,Lenskart.com at Adhartal Jabalpur (First Lens Replacement Free),ENT_CLINIC,,Anand Nagar,"Ground Floor, House No 2138/1, Plot No 265, Anand Nagar, Adhartal, Jabalpur, Madhya Pradesh 482004",23.1967322,79.9436959,Adhartal,080 6235 9047,adhartal.jabalpur@lenskartstore.com,https://www.lenskart.com/stores/lenskart-com-adhartal-jabalpur-Aadhartal-jabalpur-70612/Home
748f5bf9-20c4-431f-b268-102d2a730b6e,iMax EYE CARE,EYE_CLINIC,,Saif Nagar,"Saif Nagar, Anand Nagar, Adhartal, Jabalpur, Vehicle Fac. Jabalpur, Madhya Pradesh 482004",23.1961712,79.9434902,Adhartal,,,
11d1dd37-e7b9-42b6-bbdb-af051cbc9fc6,krishna optical,EYE_CLINIC,,Vijay Nagar,"Vijay Nagar, Indore, Raksha, Madhya Pradesh 482002",23.1920392,79.9141595,Vijay Nagar,,,
6e456a52-b05b-4efb-841c-2cd4d3a901f0,Sudarshan Eye Care (Dr. Anuj Pratap Singh),EYE_CLINIC,,Bajnamath Rd,"jda 2b, Ex-12, Bajnamath Rd, Medical Garha, Jabalpur, Madhya Pradesh 482003",23.1409027,79.8796173,Vijay Nagar,089591 89556,dr.anujpratap@gmail.com,https://jabalpurhelpline.com/sudarshan-eye-care
bc85e328-b690-4b2e-a327-8e6dc38b8684,OPTIX SIGHT EYE CARE,EYE_CLINIC,,opposite of mastana timber nursing nagar,"opposite of mastana timber nursing nagar, Ranjhi, JDA Colony, Jabalpur, Madhya Pradesh 482005",23.2033251,80.0052637,Ranjhi,098065 55606,,
baf39746-9035-4017-b22b-31ffc8ff1d8f,Trinetra vision eye care and optometrist clinic and optical shop bilhari,EYE_CLINIC,,Garha Bazar Rd,"5W63+2W8, Garha Bazar Rd, Mohan Vihar Colony, Garha, Jabalpur, Madhya Pradesh 482002",23.1600334,79.9048262,Garha,,,
f2949b24-edf1-402a-bf03-cdc7693b8bdd,Eye,EYE_CLINIC,,Amrit clinics Ukhari tiraha,"infront of Global hospital, Drishti eye care ,Amrit clinics Ukhari tiraha, Jabalpur, Madhya Pradesh 482002",23.1783578,79.9119279,Tilwara,062666 94601,,
13c68cdc-69e7-4103-b23c-f300351d6d22,VISION EYE CARE AND OPTICAL,EYE_CLINIC,,Deen Dhayal,"Bus Stand, Infront of ITI, Deen Dhayal, Jabalpur, Madhya Pradesh 482002",23.1964957,79.9091285,Karmeta,078983 21662,,
73a0061a-ae2d-4f84-8254-bc50e3217a8d,"Lenskart.com at Gwarighat Road, Jabalpur (First Lens Replacement Free)",ENT_CLINIC,,Gwarighat Rd,"Ground Floor, Plot No 7, Sheet No 2, Khasra No 55/4 Patwari Halka 24/ 2, Mouza, 164, Gwarighat Rd, Polipather, Jabalpur, Madhya Pradesh 482008",23.1249594,79.9287946,Gwarighat,087440 85934,narmadagwarigharroad.jabalpur@lenskartstore.com,https://stores.lenskart.com/lenskart-com-gwarighat-road-Gwarighat-Road-jabalpur-287368/Home#book
6100e9b8-721a-4924-aac3-4b9c379a390b,Netram Eye Care & Opticals (Dr. Usha Datt- Eye Specialist),EYE_CLINIC,,Main Road,"2, Datt Duplex, Main Road, near Sports Club of Jabalpur, Tilhari, Madhya Pradesh 482021",23.1146883,79.9747466,Shakti Nagar,089650 89650,netramusha@gmail.com,http://jabalpurhelpline.com/dr-usha-datt-eye-specialist
57c1355c-4425-467c-b664-a1df2095a3ef,NAYANSUKH Opticians,GENERAL_CLINIC,,Shop No 64 Cantonment Main Road,"Shop No 64 Cantonment Main Road, Sadar Bazar, Jabalpur, Madhya Pradesh 482001",23.1542746,79.9452848,Gol Bazar,091312 88829,,http://nayansukh.com/
7b34e715-ee8e-4a44-a7cd-718e428347f8,Bajaj eye zone,EYE_CLINIC,,J K medical,"shop, besides, Victoria Hospital, Shop 4, J K medical, Jabalpur, Madhya Pradesh 482002",23.1710759,79.9374029,Gol Bazar,,,
8fe9e6ac-dc90-4839-9067-cbb5a230f252,Chawla Opticals,EYE_CLINIC,,Railway Station Rd,"Shop No. 2, Sheela Talkies Compound, Railway Station Rd, South Civil Lines, Jabalpur, Madhya Pradesh 482001",23.1611754,79.9474504,Gol Bazar,098937 30198,,
487a1278-9d3c-46bc-8b2e-4e8cf21679ca,Calcutta Opticals,EYE_CLINIC,,Badi Omti,"MP SH 37A, Badi Omti, Jabalpur, Madhya Pradesh 482002",23.1706622,79.9385412,Gol Bazar,093000 52873,imran52873@gmail.com,https://calcutta-opticals.netlify.app/
42a191d3-5bad-42f7-8d22-1561e33b1228,Kapoor & Sons,GENERAL_CLINIC,,Sadar Bazaar,"53, Sadar Bazaar, Jabalpur, Madhya Pradesh 482001",23.1545028,79.9460218,Sadar Bazar,076126 21264,,
af911d6f-e729-4dc8-aef7-abccf06d33ff,Hind Opticians,GENERAL_CLINIC,,Sadar Bazar,"49, Kingsway, Sadar Bazar, Jabalpur, Madhya Pradesh 482001",23.1545167,79.9461904,Sadar Bazar,076126 03398,,
7ea904d0-6d17-485e-9486-fbece975b9dc,Prasad Eye Care,EYE_CLINIC,,Rameshwaram Colony,"140, Rameshwaram Colony, Ukhri Rd, behind True Value, Chowk, Jabalpur, Madhya Pradesh 482002",23.1793736,79.9179608,Russel Chowk,,,
1880795f-9109-4215-bfe0-060d3ebef272,Shri Siddhivinayak Eye & Dental Care Hospital,HOSPITAL,,main road cheritaal infront of sumdariya complex,"main road cheritaal infront of sumdariya complex, Madhya Pradesh 482002",23.1814104,79.9262313,Miloniganj,091097 69761,,
88c80044-2a2f-455c-ac73-0f37a18b9838,Eye specialist,EYE_CLINIC,,Shatabdipuram Phase 1,"in front of Star park, Shatabdipuram Phase 1, Jabalpur, New Adaresh Colony, Madhya Pradesh 482002",23.1754489,79.9122437,Miloniganj,,,
f190d3b7-e629-4527-9c29-65f64b5488ea,"Dr. Shephali Jain (Retina Specialist, Vitreo-Retinal Surgeon)",EYE_CLINIC,,Gorakhpur,"2nd Floor, Pushpa Plaza, Katanga Crossing, Gorakhpur, Jabalpur, Madhya Pradesh 482001",23.1518046,79.9357523,Miloniganj,,drjainshephali@gmail.com,http://jabalpurhelpline.com/dr-shephali-jain-ophthalmologists
aad88a11-0377-4484-860b-16893fad0ba8,NETRA EVUM ISTRI ROG CLINIC,GENERAL_CLINIC,,Shanti Nagar Rd,"GALI NO 11, Shanti Nagar Rd, Damoh Naka, Jabalpur, Madhya Pradesh 482002",23.1890494,79.9287813,Rani Durgavati,,,
9dd790fa-402b-45c4-b1d8-ca447db77057,Soni eye and laser hospital,HOSPITAL,,RAJEEV GANDHI WARD (WARD 31,"STREET 11,NEAR PRITAM DHAM ,RAJEEV GANDHI WARD (WARD 31, Damoh Naka, Jabalpur, Madhya Pradesh 482002",23.1889835,79.9287977,Rani Durgavati,062653 41174,,
7a2ad0da-58fc-49c0-b15f-42cb5eb9cd1c,Dr Rahul Choubey,GENERAL_CLINIC,,Kachnar City Rd,"5WQ3+8G3, Kachnar City Rd, Kanchan Vihar, Vijay Nagar, Jabalpur, Raksha, Madhya Pradesh 482002",23.1881202,79.9035687,Kachnar City,,,
d34e09b1-92e1-4ed3-bb32-5223187e118d,Free Eye testing & Cataract surgery,EYE_CLINIC,,Kachnar City Rd,"1354, Kachnar City Rd, Vijay Nagar, Jabalpur, Raksha, Madhya Pradesh 482002",23.186684,79.906272,Kachnar City,070247 11411,,
23bfa3a9-b002-454f-8771-ed497e28644e,Dr. Manila Khatri,GENERAL_CLINIC,,Prem Mandir Rd,"Infront of, Virat Netralaya, Prem Mandir Rd, Wright Town, Jabalpur, Madhya Pradesh 482002",23.1640067,79.9249118,Gangasagar,,manilakhatri12@gmail.com,https://jabalpurhelpline.com/dr-manila-khatri-eye-specialist
75f724fe-cce3-4d48-972b-57db1f6a8d1b,PALIYA EYE CARE,EYE_CLINIC,,road,"in side, Guor tiraha, Pankaj stationary jbp, front of taaj electrical, road, Barela, Madhya Pradesh 482021",23.1062677,79.9878368,Barela,089658 33175,,
666bab01-11d6-4dff-a7e6-a8c4e6331a5b,सदगुरु नेत्र जाँच केन्द्र। (afflicated by Chitrakoot),GENERAL_CLINIC,,Panagar,"7XRW+HG8, near central bank of india, Panagar, Madhya Pradesh 483220",23.2916617,79.9963758,Panagar,,,
c63ddfa0-6365-44ea-be0f-ea73660c0c1e,360Physio physiotherapy clinic,PHYSIOTHERAPY_CENTER,,Home Science College Rd,"Avm apartment, Home Science College Rd, rode, Wright Town, Jabalpur, Madhya Pradesh 462003",23.1590899,79.927324,Wright Town,,,
5e0a376b-2f24-46ef-9fab-d2b519266058,Best physiotherapist for sports injury Dr Priyanka kurmi,PHYSIOTHERAPY_CENTER,,Gole Bazar,"Rani tal, Naik multi-speciality hospital, Gole Bazar, Wright Town, Jabalpur, Madhya Pradesh 482002",23.169203,79.9246024,Wright Town,062646 32195,,
5bddb293-d140-4cae-927c-2b4d9af740d4,Vignaharta Physio & Rehab Centre - Dr. Sourabh Mishra (B.P.T) (M.P.T Sports),PHYSIOTHERAPY_CENTER,,Transformer 360 Gym Shatabdipuram,"1st floor, Transformer 360 Gym Shatabdipuram, Ukhri Rd, Wright Town, Jabalpur, Madhya Pradesh 482002",23.1706333,79.925088,Wright Town,,,
efaaf4ef-397a-4a9f-86fe-d9e320301f92,Arogya physiotherapy and rehabilitation centre baldeobagh,PHYSIOTHERAPY_CENTER,,Ukhri Rd,"Ukhri Rd, Sheetalpuri, Jabalpur, Madhya Pradesh 482002",23.1781757,79.923505,Wright Town,080853 81502,,
2bda76fe-0501-4e10-af21-4ca7c34f9ed9,PHYSIO FIRST Dr.Ankur Choudhary Dr. Priyanka Choudhary,PHYSIOTHERAPY_CENTER,,Rd,"Rd, Dr Barat Rd, Napier Town, Jabalpur, Madhya Pradesh 482001",23.1610374,79.9388688,Wright Town,098937 58574,,
f301f5c7-6a5e-406d-a77c-40786b570527,Rishi Banshpal (P.T.),GENERAL_CLINIC,,Wright Town,"99/1, near Prem Mandir Jabalpur, Wright Town, Jabalpur, Madhya Pradesh 482002",23.1621603,79.9239882,Wright Town,090399 12821,,
5dbeb4f3-b1c1-45bf-a08e-a96f9da3dc56,Nirakaran Physical Medicine & Rehabilitation Centre,PHYSIOTHERAPY_CENTER,,Wright Town,"1116, MP SH 37A, near Maharashtra High School, Wright Town, Jabalpur, Madhya Pradesh 482002",23.16818,79.92946,Wright Town,094243 11034,,
30f84842-cb20-43d6-9200-d8a65bf94de5,Jabalpur physiotherapy and wellness clinic,PHYSIOTHERAPY_CENTER,,Nav adarsh colony,"Nav adarsh colony, behind mehta petrol pump, Kamla Nehru Nagar, Yadav Colony, Jabalpur, New Adaresh Colony, Madhya Pradesh 482002",23.1678092,79.9106818,Wright Town,075818 37857,msen7581@gmail.com,https://apnabusinesscard.com/Jabalpur-Physical-Therapy-Yoga-and-Anti-Obesity-Clinic
7ca60fa2-109d-4049-bca0-2ac1780750cf,Shreeja physiotherapy centre,PHYSIOTHERAPY_CENTER,,Napier Town,"near Ashish Hospital, Napier Town, Jabalpur, Madhya Pradesh 482002",23.1601767,79.924025,Wright Town,094249 58929,,
df0efbf5-93eb-4ce7-a966-ea979a33cbfd,Lakshya Physiotherapy And Diet Wellness clinic,PHYSIOTHERAPY_CENTER,,Yadav Colony,"Yadav Colony, Jabalpur, Madhya Pradesh 482002",23.1673861,79.9093627,Wright Town,081092 80207,,
79d12daa-d971-4988-9d2b-e1351a81269a,Mohan physiotherapy center - Dr. himanshu Gupta,PHYSIOTHERAPY_CENTER,,Station Rd,"2382 , Mohan mension, Station Rd, near madan mahal thana, Wright Town, Jabalpur, Madhya Pradesh 482002",23.1625281,79.9206485,Wright Town,099935 43211,,
c15198c4-d2cf-4f68-aeaa-1aa0b24fb872,Sahu Home Visit Physiotherapy,PHYSIOTHERAPY_CENTER,,JDA APARTMENT Shatabdipuram,"Flat no 46, JDA APARTMENT Shatabdipuram, behind star park, Premnagar, Hathital, Jabalpur, Madhya Pradesh 482001",23.1561497,79.9192264,Wright Town,085190 10967,,http://healinghealthphysio.in/
f04670c2-c81d-4f16-93c1-8250c040a60c,Heal & Revive physiotherapy clinic Dr Nitin namdev,PHYSIOTHERAPY_CENTER,,MR-4 Rd,"M-40, MR-4 Rd, beside shree sai hospital Medineed next, SBI Chowk, Vijay Nagar, Jabalpur, Raksha, Madhya Pradesh 482002",23.190822,79.913476,Wright Town,097139 20587,us9713920587nitinnamdev1990@gmail.comrequest,https://healandrevive.folioo.in/
b3008df4-3ec6-4e75-b65c-e673b0696e1f,Dr.Rajesh Kumar (Physiotherapist),PHYSIOTHERAPY_CENTER,,Ukhri Rd,"Ukhri Rd, Baldeobagh, Sarvodaya Nagar, Jabalpur, Madhya Pradesh 482003",23.1784402,79.9242384,Wright Town,095895 56601,,
2e012872-8fe6-4522-935c-fdd8d64b3cc0,Swasthikaran physiotherapy clinic,PHYSIOTHERAPY_CENTER,,Ekta chowk,"Ekta chowk, P-25, near Bharat Gas Agency, Rameshwaram Colony, Jabalpur, Madhya Pradesh 482002",23.1824286,79.9075425,Wright Town,093401 85336,,
9a42bdc8-3617-4601-9f6c-ba83297c4690,Jabalpur Physiotheraphy Centre,PHYSIOTHERAPY_CENTER,,Main Rd,"State Bank, Main Rd, Cherital, Jabalpur, Madhya Pradesh 482002",23.1821268,79.9275665,Wright Town,090394 04536,,
3ca959b3-a414-45de-8c5b-7f27f4adbdb3,PHYSIO CARE CLINIC DR.SHUBHAM SONI (PT),PHYSIOTHERAPY_CENTER,,Lala chowk,"Gali no. 06, Lala chowk, Main Rd, Trimurti Nagar, Jabalpur, Madhya Pradesh 482001",23.1962013,79.9229464,Wright Town,073541 61651,,
ed37be89-11cc-4eb3-b74f-ff7ba069be46,Healing Hands Physiotherapy centre,PHYSIOTHERAPY_CENTER,,Amkhera Rd,"Sankat Mochan markat, Amkhera Rd, Nai Basti Gopalpur, Gohalpur, Jabalpur, Madhya Pradesh 482002",23.1967446,79.9345007,Wright Town,073547 03030,,
1aa342d4-63fb-4872-8ead-a933c0c47e0a,Samriddhi Physio Care,IMAGING_CENTER,,Hanumantal Ward,"Hanumantal Ward, Jabalpur, Madhya Pradesh 482002",23.1781398,79.937717,Wright Town,,,
8874dfe7-0ffb-4978-842f-02c10f4ab10b,Dr Sourabh Mishra (Physiotherapist),PHYSIOTHERAPY_CENTER,,Ukhri Rd,"1st floor, Transform 360 gym, Ukhri Rd, Shatabdipuram Phase 1, Jabalpur, New Adaresh Colony, Madhya Pradesh 482002",23.176075,79.9112671,Wright Town,,,
46273eaa-2bc3-49f4-a881-e35983a484d1,Balaji Physiotherapy and rehablitation clinic,PHYSIOTHERAPY_CENTER,,kuchaini parishar,"Damoh Naka, kuchaini parishar, Jabalpur, Madhya Pradesh 482002",23.186691,79.928091,Wright Town,,,
3c1506da-80b5-420e-9f1d-3f68e2722ca5,Bhagyalakshmi Physiotherapy Center | Spine Pain | Sports Injury Physiotherapy | Paralysis Treatment,PHYSIOTHERAPY_CENTER,,Pragya Colony,"Pragya Colony, Jain Mandir, near Navin Vidya Bhawan School, Napier Town, Jabalpur, Madhya Pradesh 482001",23.1596034,79.9357611,Wright Town,073547 13603,,
f733629b-4c45-4007-aa60-8cf229db3667,Madhuram Physiotherapy centre,PHYSIOTHERAPY_CENTER,,Madan Mahal Railway Station Rd,"pillar number 133, infront of flyover, Near 4th number gate, Madan Mahal Railway Station Rd, Jabalpur, Madhya Pradesh 482001",23.1647391,79.921812,Wright Town,,,
9d81c2f1-49d6-4948-bd61-12062438f609,Life Line Physiotheraphy - Treatment for Cervical N Back Pain | Physiotherapist for Any Pain | Physiotherapist for Fracture,PHYSIOTHERAPY_CENTER,,near Lordganj,"Police Station, 917/1, near Lordganj, opposite Shyam Band, LordGanj, Jabalpur, Madhya Pradesh 482002",23.1726841,79.9297637,Wright Town,,,
53813c56-7d25-4e4c-8cef-6cd3cf13c773,VARDHAN PHYSIOTHERAPY CLINIC वर्धन फिजियोथैरेपी क्लीनिक,PHYSIOTHERAPY_CENTER,,Ashok Nagar,"Gate No 1, near JDA Ground, Ashok Nagar, Alok Nagar, Adhartal, Jabalpur, Madhya Pradesh 482004",23.1985075,79.9434365,Wright Town,092023 45618,today.thephysiotherapydepartment@gmail.comadd,https://www.thephysiotherapydepartment.com/
682bed3a-793a-4b5d-a5a2-76832c830dd7,Health cure physiotherapy clinic,PHYSIOTHERAPY_CENTER,,Raza chowk milk skem road,"Raza chowk milk skem road, Madhya Pradesh 482002",23.1934389,79.94267,Wright Town,093039 31849,,
6c16c9bf-e8b8-4f30-a8e4-1f1b1470864d,Healing health Physiotherapy,PHYSIOTHERAPY_CENTER,,677 Durga colony near Royal school Sanjeevani nagar,"677 Durga colony near Royal school Sanjeevani nagar, Garha, Jabalpur, Madhya Pradesh 482003",23.1674764,79.8971928,Wright Town,085190 10967,,
e1abae0e-5206-4097-b1dc-11c07b29dd68,Jabalpur Physiotherapy Centre,PHYSIOTHERAPY_CENTER,,D D complex shop number A1/12 Deendayal chouk,"indian coffee house key picha Deendayal chouk, D D complex, D D complex shop number A1/12 Deendayal chouk, Jabalpur, Madhya Pradesh 482002",23.192742,79.9146607,Wright Town,094251 59905,,
980aa455-f653-44a7-ab5b-114afaca51eb,Sewa Physiotherapy Clinic & Home Care Dr. Prageet Chaurasia,PHYSIOTHERAPY_CENTER,,Premnagar,"Flat No 01, Ashoka Apartment, near dashmesh dwar, Premnagar, Madan Mahal, Jabalpur, Madhya Pradesh 482001",23.1529175,79.9180369,Wright Town,096303 53767,,
0564769e-dbd7-4359-8390-80882435f626,Rehmat physiotherapy care,PHYSIOTHERAPY_CENTER,,Lal Bahadur Shastri ward,"Lal Bahadur Shastri ward, Subbasha ground,subhaniya madarsa, Pasiyana, Jabalpur, Madhya Pradesh 482001",23.1910382,79.9467732,Wright Town,078793 58119,,http://www.rehmat.physio.com/
fa90db98-9dd9-4146-9910-e56ba49213ca,Amrita Wellness- Physiotherapy clinic | Back pain knee pain physiotherapy | Women’s physiotherapy in jabalpur,IMAGING_CENTER,,Kachnar Rd,"Shop no 1, Yash Heights, Oppo, Kachnar Rd, near Kachnar City, Kanchan Vihar, Gate, Jabalpur, Raksha, Madhya Pradesh 482002",23.1880361,79.903024,Wright Town,070493 97779,amrita.wellness.physio@gmail.com,https://apnabusinesscard.com/amrita-wellness
35a6464f-a828-4921-951c-a9b1adc0b1a1,Dr.Omprakash umrele,GENERAL_CLINIC,,Pushpnagar,"Pushpnagar, Kamla Nehru ward, Wright Town, Jabalpur, Madhya Pradesh 482002",23.1664416,79.9269097,Napier Town,,,
ca69137e-873a-43c2-b663-047d769f0be7,Fat to fit aerobics centre,ENT_CLINIC,,Napier Town,"Navketan Bungalow, 914, Napier Town, Jabalpur, Madhya Pradesh 482001",23.1599217,79.9300962,Napier Town,,,
dfe7cc28-676e-4a47-9052-65fea5830f19,Physiotherapy,PHYSIOTHERAPY_CENTER,,Wright Town,"National hospital, Wright Town, Jabalpur, Madhya Pradesh 482002",23.170668,79.9288619,Napier Town,,,
476be1d6-ed11-4485-b898-6c17dcd22184,Dental clinic,DENTAL_CLINIC,,4th Bridge Rd,"4th Bridge Rd, above Ambika classico, beside parampara veg resturent, Napier Town, Jabalpur, Madhya Pradesh 482001",23.1600644,79.9376277,Napier Town,,,
3ad2cd60-c059-4795-a4e8-d9d094804686,New Physiotherapy Centre,PHYSIOTHERAPY_CENTER,,Wright Town,"1768, Near Samadhan Hospital, Wright Town, Jabalpur, Madhya Pradesh 482002",23.163798,79.9225809,Napier Town,096441 25032,,
073ceaae-a520-4ffc-8e20-445876bf49f0,Dr Amit Singh Thakur PhysioTherapist,PHYSIOTHERAPY_CENTER,,Suvidha Market,"Suvidha Market, near Coal Mines office, beside lal Pathology, Shakti Nagar, Gupteshwar, Jabalpur, Madhya Pradesh 482001",23.1470345,79.9152618,Napier Town,097526 78632,,http://dramitsinghthakur.in/
7fa981a6-1c71-41a1-8a9a-82c27dfa406c,E. C. G. And Physiotherapy Center,PHYSIOTHERAPY_CENTER,,Marhatal,"JDA Complex, Civic Center, Marhatal, Jabalpur, Madhya Pradesh 482002",23.166925,79.934337,Napier Town,098261 92076,,
cd867be5-6656-4583-ab06-33d34c40fe53,MM College of physiotherapy & paramedical sciences,PHYSIOTHERAPY_CENTER,,Wright Town,"Wright Town, Jabalpur, Madhya Pradesh 482008",23.1625039,79.9205934,Napier Town,081090 00153,,
9360f0ec-4d15-4061-9ba1-21bd3db3fff0,KUMAR PHYSIOTHERAPY CENTER,PHYSIOTHERAPY_CENTER,,Ekta vihar,"Ekta vihar, 1999, Gupteshwar Rd, Ekta vihar, Ratan Nagar, Madan Mahal, Jabalpur, Madhya Pradesh 482001",23.1495558,79.9120811,Napier Town,075830 00837,,
de0f1ae5-234e-4e4f-aecc-2a060c47d487,Happy Hearts Child Development Center,PEDIATRIC_CLINIC,,Golbazar,"Happy Hearts, behind HDFC Bank, Golbazar, Wright Town, Jabalpur, Madhya Pradesh 482002",23.1688146,79.9259134,Napier Town,090749 95244,,https://happyheartscdc.com/
01d9275d-7ef2-4a5f-9050-a233956818ee,Shreeji Home visit Physiotherapy,PHYSIOTHERAPY_CENTER,,Gurudev Colony,"Madan mahal, Gurudev Colony, Jabalpur, Madhya Pradesh 482003",23.1484693,79.9016654,Napier Town,093995 84650,,http://www.shreejihomevisitphysiotherapy.com/
41617a60-1187-4b73-95b0-7607f8965801,Best Care physiotherapy and Rehabilitation clinic,PHYSIOTHERAPY_CENTER,,Sanjeevani Nagar,"01001, Sanjeevani Nagar, Jabalpur, Madhya Pradesh 482002",23.1652711,79.9023391,Napier Town,097704 46079,,
800ef6c1-e229-4ba6-a9b7-cf1965635624,Kumar Physiotherapy centre,PHYSIOTHERAPY_CENTER,,Sainik society Road,"Sainik society Road, Shakti Nagar, Jabalpur, Madhya Pradesh 482001",23.145875,79.9106998,Napier Town,083055 55600,,
6cc3acd5-3d3f-46b7-844d-3a72d457250e,SD physiotherapy & Rehabilitation Center,PHYSIOTHERAPY_CENTER,,Shakti Nagar,"Manas mandir, Shakti Nagar, Jabalpur, Madhya Pradesh 482001",23.146528,79.9108091,Napier Town,082696 78882,,
faebdcd1-7d79-4366-b18f-d49e3dfb103b,NB Physiotherapy Home Visit,PHYSIOTHERAPY_CENTER,,durga Colony,"durga Colony, 677, Jabalpur, Madhya Pradesh 482003",23.1674089,79.8972023,Napier Town,,,https://www.instagram.com/drn_aazkhan?igsh=cHRjOW8xcHRkdm9l
e864958c-f12e-4ecb-b895-93f6b09218a4,New lifeline physiotherapy pen clinic,PHYSIOTHERAPY_CENTER,,Sharda chawk,"Sharda chawk, Madan Mahal, Jabalpur, Madhya Pradesh 482002",23.153688,79.907814,Napier Town,093016 66655,,
eff7539e-68b2-404a-83db-af602941207a,Healing health Physiotherapy,PHYSIOTHERAPY_CENTER,,Veer savarkar ward,"Veer savarkar ward, 271/2, Shukla Nagar Rd, Garha, Jabalpur, Madhya Pradesh 482003",23.1612887,79.9092564,Napier Town,,,
438f3e7c-63c2-43ad-97e4-c68d252ed083,Dr Shalini soni,GENERAL_CLINIC,,Gurudev Colony,"Madan Mahal Fort, Gurudev Colony, Jabalpur, Madhya Pradesh 482001",23.1483448,79.9016684,Madan Mahal,088399 35126,,
9ebf84fc-fb08-4261-8f9b-461f5683eda2,Dr. Balendra Singh Patel,GENERAL_CLINIC,,Nav Nivesh Colony,"Madan Mahal, Nav Nivesh Colony, Ganga Nagar, Jabalpur, Madhya Pradesh 482002",23.1598658,79.8919975,Madan Mahal,093403 20982,,
09b8e0af-2687-4f31-aa6b-d41895b98cca,Dr.priyanka soni physiotherapy and Rehab center,PHYSIOTHERAPY_CENTER,,Gupteshwar Suvidha market,"Gupteshwar Suvidha market, Coal mines Ground, Dr.priyanka soni physiotherapy center, Shakti Nagar, Jabalpur, Madhya Pradesh 482001",23.1474706,79.9151609,Madan Mahal,099938 81387,,
09dfdbf3-49d9-47cc-8cce-90c7c136f500,Hari om physiotherapy centre Dr Anjali Rajpal (MPT neuro )neurophysiotherapist,PHYSIOTHERAPY_CENTER,,Sanjeevani nagar garha,"Sanjeevani nagar garha, Shahi Naka Rd, Sanjeevani Nagar, Jabalpur, Madhya Pradesh 482003",23.1620942,79.8945546,Madan Mahal,082369 47975,,
4ee111d8-85d6-44a5-9b0b-510c6366f41c,Punarvas Physiotherapy & Pain Relief Center,PHYSIOTHERAPY_CENTER,,Rani Durgavati School Road,"Rani Durgavati School Road, Ganga Nagar, Garha, Jabalpur, Madhya Pradesh 482003",23.1598732,79.8877027,Madan Mahal,089897 19865,,
a6c74fff-0a14-4a94-a113-a84301271b53,Dr. Mukesh kahar physiotherapy service,PHYSIOTHERAPY_CENTER,,Ratan Nagar,"Ratan Nagar, Madan Mahal, Jabalpur, Madhya Pradesh 482001",23.1485573,79.9094751,Madan Mahal,062661 87077,,
2d65b263-1a2b-4844-9743-60830644242f,Vindhya physiotherapy center,PHYSIOTHERAPY_CENTER,,Tilwara Rd,"Tilwara Rd, badda Patthar, Shastri Nagar, Jabalpur, Madhya Pradesh 482003",23.1506873,79.8822774,Madan Mahal,,,
1a5e4847-04c7-48ad-a663-4d3459e77177,Pain Relief Physiotherapy Centre,PHYSIOTHERAPY_CENTER,,State Bank Main Road,"State Bank Main Road, Cherital, Damoh Naka, Uprainganj, Jabalpur, Madhya Pradesh 482002",23.1811506,79.9264852,Madan Mahal,,,
656b9956-0109-4c62-92b8-9956d4844e23,KALYAN PHYSIOTHERAPY,PHYSIOTHERAPY_CENTER,,Narmada Rd,"Baadshah Halwai Mandir, Narmada Rd, in front of krishna hight near badsha, Bhim Nagar, Polipather, Jabalpur, Madhya Pradesh 482008",23.1283893,79.9290998,Madan Mahal,090747 71254,khushboodhurvey89@gmail.com,https://jabalpurhelpline.com/kalyan-physiotherapy-center
5b9c71f6-ff61-41bd-8684-2a2268b70d3d,Physiotherapy Clinic,PHYSIOTHERAPY_CENTER,,Nehru Nagar,"near government medical College, Nehru Nagar, Medical Garha, Jabalpur, Madhya Pradesh 482003",23.1474092,79.8824151,Madan Mahal,,,
0468549a-3478-4ba6-81b9-496470f3b270,Dr. Usha Baghel,GENERAL_CLINIC,,Nehru Nagar,"Apex Hospital, 94, Nehru Nagar, opp. Medical College, Medical Garha, Jabalpur, Madhya Pradesh 482003",23.1474775,79.8822965,Madan Mahal,,,
59473114-1b63-4711-8d3f-4c08e5dc48c8,Om Physiotherapy Clinic and Fitness Centre,PHYSIOTHERAPY_CENTER,,Doctors Colony,"Physiotherapy department, Apex Hospital and research centre, opp. Nscb Medical College And Hospital, Doctors Colony, Medical College Colony, Jabalpur, Madhya Pradesh 482003",23.1514712,79.8814973,Madan Mahal,062630 66692,,
505ae7a8-40c7-4cd6-8a3c-ed4aac1c92a1,DR. LAJPAT RAI NEUROTHERAPY CENTER JABALPUR,NEUROLOGY_CLINIC,,Mohan Vihar Colony,"5V8X+2XQ, Mohan Vihar Colony, Garha, Jabalpur, Madhya Pradesh 482003",23.1650955,79.899981,Madan Mahal,,,
2307aed6-edb0-4501-8757-be5231591a1f,Life care physiotherapy centre,PHYSIOTHERAPY_CENTER,,Sagra,"4VQG+3FW, Sagra, Jabalpur, Madhya Pradesh 482003",23.1377317,79.8762032,Madan Mahal,075875 28291,,
1140747a-6343-4536-9f04-7386f9c00107,"Lakshya physiotherapy,diet & home health care",PHYSIOTHERAPY_CENTER,,Shastri Nagar Rd,"Oppo.little angel school, Shastri Nagar Rd, New Shastri Nagar, Shastri Nagar, Jabalpur, Madhya Pradesh 482003",23.1416078,79.877398,Madan Mahal,079745 15049,,
13b60004-6a6e-43a8-84e1-17b83f8f2462,Dr. Jitendra kumar,GENERAL_CLINIC,,Ganga Nagar Garha,"Punarvas physiotherapy and pain relief clinic, Ganga Nagar Garha, Nav Nivesh Colony, Ganga Nagar, Jabalpur, Madhya Pradesh 482003",23.1598485,79.8877232,Madan Mahal,070001 43784,,https://www.punarvsphysio.com/
9792bb70-5257-4317-aee6-f0d42529b53c,Dr. Rajneesh Patel Physiotherapy,PHYSIOTHERAPY_CENTER,,Madan Mahal Railway Station Rd,"Anant hospital, Madan Mahal Railway Station Rd, Wright Town, Jabalpur, Madhya Pradesh 482002",23.1655339,79.9221883,Madan Mahal,,,
e7d06fba-96b4-45ac-a98d-db36e234fc95,Sakal Physiotherapy And Rehabilitation,PHYSIOTHERAPY_CENTER,,Station Rd,"501/6, Station Rd, Narsingh Ward, Madan Mahal, Jabalpur, Madhya Pradesh 482001",23.1583709,79.9196257,Madan Mahal,,,
833708ab-ac82-4f96-8b3e-293c94338541,Dr. shobharam kushwaha,GENERAL_CLINIC,,Kalimath Rd,"5W67+G64, Kalimath Rd, Madan Mahal, Jabalpur, Madhya Pradesh 482002",23.1612701,79.9130793,Madan Mahal,,,
a59d3f39-6d72-4bb5-afbe-6c6f742cc96e,RAJVENDRA NAMDEV Physiotherapist,PHYSIOTHERAPY_CENTER,,Madan Mahal,"4WX2+9MM dasmesdwar SHUBAHAM hospital, Madan Mahal, Jabalpur, Madhya Pradesh 482001",23.14847,79.901665,Madan Mahal,,,
8c7421c0-e19f-4dca-8e93-a10b97ce03e3,Physiocare centre,PHYSIOTHERAPY_CENTER,,agrawal colony,"400, opposite jain mandir, agrawal colony, Sneh Nagar, Jabalpur, New Adaresh Colony, Madhya Pradesh 482002",23.1672964,79.9170154,Madan Mahal,,,
6157b597-b9de-417d-81c3-b0f6ae7837b7,Spansure Medical Instrument,ENT_CLINIC,,Sanjeevni Nagar road Mukherji hospital ke pass subh chasma house ke baju se sanjeevni nagar road,"5W73+X2C, Sanjeevni Nagar road Mukherji hospital ke pass subh chasma house ke baju se sanjeevni nagar road, Jabalpur, Madhya Pradesh 482002",23.1649296,79.9025241,Madan Mahal,,,
3e17310c-1dd9-4057-85cd-f00ac6cdb893,Bano Physiotherapy Home Visits,PHYSIOTHERAPY_CENTER,,Sanjeevani Nagar,"5V8W+XVG, Sanjeevani Nagar, Jabalpur, Madhya Pradesh 482003",23.1674434,79.8972183,Madan Mahal,,,
6fa4ba3d-3843-429b-b457-7c052d209fc0,Dr. Sharma Physiotherapy Centre,PHYSIOTHERAPY_CENTER,,Gorakhpur Main Rd,"nihalchand, Jain complex, Gorakhpur Main Rd, Gorakhpur, Jabalpur, Madhya Pradesh 482001",23.154022,79.9332339,Gorakhpur,,,
733c0f1a-73e9-4bcb-8637-0ae4bb6e038b,Dr.Dharmendra Athiya Physiotherapist,PHYSIOTHERAPY_CENTER,,behind manya marriage garden in sides,"Varma aata chakky, behind manya marriage garden in sides, New Kanchanpur, Jawaharlal Nehru Krishi Vishwa Vidyalaya Campus, Jabalpur, Madhya Pradesh 482004",23.2031271,79.9630904,Adhartal,097554 30299,,https://bit.ly/4noRgl9
9860e17b-a8f9-4085-aac1-88544f54f861,Mohan Physiotherapy Centre,PHYSIOTHERAPY_CENTER,,NH-7 Main Road,"NH-7 Main Road, Adhartal, Jabalpur, Madhya Pradesh 482004",23.2031221,79.9519082,Adhartal,,,
b445941a-1f36-400a-aa88-9ce370f19e32,Arogya Physiotherapy,PHYSIOTHERAPY_CENTER,,J.P. Nagar,"6W2X+H83, J.P. Nagar, Adhartal, Jabalpur, Madhya Pradesh 482004",23.20139,79.94829,Adhartal,099267 82335,,
40d75f0e-5782-4a29-87f3-0092d8faea04,Physical therapy clinic,GENERAL_CLINIC,,mahakoshal nagar,"near Saraswati school, mahakoshal nagar, Adhartal, Jabalpur, Madhya Pradesh 482004",23.1990873,79.9474325,Adhartal,,,
1b998ee7-784e-42ad-8a85-d9d4dc790295,2nd Chance Physiotherapy and Rehabilitation care,PHYSIOTHERAPY_CENTER,,Champa Nagar,"Ranjhi, Champa Nagar, Jabalpur, Madhya Pradesh 482005",23.2053382,80.0117497,Adhartal,097540 72802,,
6102fdf7-ffb7-40d3-9ed1-047cde7587a9,Health Plus physiotherapy & Acupuncture Clinic,PHYSIOTHERAPY_CENTER,,road,"Katni, road, Suhagi, Madhya Pradesh 482004",23.2188256,79.9581751,Adhartal,,,
d0c76070-ddba-4e99-8334-1370f9697d40,Aarya Physiotherapy Clinic and Rehabilitation Center,PHYSIOTHERAPY_CENTER,,Main Rd,"Shop No:8, Adarsh Complex, Samdaria, Main Rd, near R.C Complex, Cherital, Jabalpur, Madhya Pradesh 482002",23.1829362,79.9274556,Adhartal,,,
e5500566-192e-4845-9fd0-6f411f88dacf,TAJALLI PHYSIOTHERAPY CENTRE,PHYSIOTHERAPY_CENTER,,Naz medical store in front of aadarsh nursing home Noori nagar raddi chowki petrol pump,"Tajalli physiotherapy center, Naz medical store in front of aadarsh nursing home Noori nagar raddi chowki petrol pump, Madhya Pradesh 482002",23.1932832,79.9405963,Adhartal,,,
2e56ed0e-8962-4c24-a20a-8d835ed72321,Dr shama Khan memorial physiotherapy & rehabilitation center,PHYSIOTHERAPY_CENTER,,beside city hospital,"2nd bridge, beside city hospital, Jabalpur, Madhya Pradesh 482001",23.1627421,79.9447584,Adhartal,,,
c0785034-afe0-439d-a068-a318ebe2c1f7,Dr Pooja Soni Physiotherapy & Home Healthcare Services,PHYSIOTHERAPY_CENTER,,Vijay Nagar,"Scheme No 5, beside Vision Paroha Building, Vijay Nagar, Jabalpur, Madhya Pradesh 482002",23.1825352,79.9016358,Vijay Nagar,,,
07e5e067-b141-43ca-be21-c0d98620ab0b,Shri Ram Physiotherapy Center,PHYSIOTHERAPY_CENTER,,Vijay Nagar Rd,"Vijay Nagar Rd, near city post office, Vikas Nagar, Jabalpur, Raksha, Madhya Pradesh 482002",23.1892369,79.9068065,Vijay Nagar,099933 59486,,
6431ba2a-4971-40d7-97e8-82a7476e36f6,Dr.Abhishek Home,GENERAL_CLINIC,,MATHURA VIHAR,"D-2, CLASSIC ENCLAVES, MATHURA VIHAR, Vijay Nagar Rd, Kanchan Vihar, Vijay Nagar, Jabalpur, Madhya Pradesh 482002",23.1943372,79.9012377,Vijay Nagar,,,
7b3bb7b1-578c-468d-a6fc-6b2f275b0d24,𝐃𝐫. 𝐀𝐫𝐯𝐢𝐧𝐝 𝐒𝐨𝐧𝐢 - Patient Care Taker Service in Jabalpur |Nanny Child Care Jabalpur| Physiotherapist in Deendayal,PHYSIOTHERAPY_CENTER,,Infront of Golden Town,"Infront of Golden Town, Green City Rd, Kasoudhan Nagar, Trimurti Nagar, Jabalpur, Madhya Pradesh 482001",23.1976798,79.9181267,Vijay Nagar,095842 12143,drarvindsonijbp@gmail.com,https://jabalpurhelpline.com/soni-home-health-care
1a832789-232b-4a46-b7ad-d8d1956ca96a,Purnayu Physiotherapy and home care services,PHYSIOTHERAPY_CENTER,,Main road,"Main road, Green City Rd, Madhotal, Jabalpur, Madhya Pradesh 482002",23.2055708,79.9142006,Vijay Nagar,094070 59562,sourabhpatel533@gmail.com,https://purnayuphysiotherapyandrehabilitationcenter.com/
d7309cc3-e652-411b-9ebb-6b32b2e69141,Physiotherapy College premvati Jabalpur,PHYSIOTHERAPY_CENTER,,Ahinsa Chowk,"5WM5+P7F, Ahinsa Chowk, Vijay Nagar, Jabalpur, Raksha, Madhya Pradesh 482002",23.1843126,79.9081755,Vijay Nagar,,,
180e0654-60cb-4bec-825c-17c5cd840751,Dr. Arvendra Sen,GENERAL_CLINIC,,Karmeta,"6W47+7MF, Karmeta, Jabalpur, Madhya Pradesh 482002",23.2056977,79.9141858,Vijay Nagar,,,
c5f8c16c-b9b7-4181-9a24-d0c1748a53f8,Nandan physiotherapy clinic dr Rajnandan patel,PHYSIOTHERAPY_CENTER,,Nakshatra nagar star city,"Nakshatra nagar star city, Katangi Rd, Karmeta, Jabalpur, Nandni Ronsara, Madhya Pradesh 482002",23.2180185,79.8974515,Vijay Nagar,070003 15658,,
074f5bca-38fa-4ff3-a302-df570e3bfa64,Active Life Physiotherapy & Diabetes rehabilitation Centre -Dr. Krishna Kumar,PHYSIOTHERAPY_CENTER,,State Bank colony,"State Bank colony, Ukhri road, power house ke pass, tiraha, Jabalpur, Madhya Pradesh 482002",23.1791557,79.9167676,Vijay Nagar,098936 08667,,
1886409f-51f6-4c51-a01f-dcddb24aebe5,Dr Sourabh jain physiotherapy,PHYSIOTHERAPY_CENTER,,Vijay Nagar,"5WR7+XH8, Deendayal Upadhyay Marg, Vijay Nagar, Jabalpur, Raksha, Madhya Pradesh 482002",23.1924057,79.9139473,Vijay Nagar,,,
b37b0e25-b42f-4923-8ce7-07d0ec07b1c1,Exercise house,GENERAL_CLINIC,,Vijay Nagar,"5WR6+82X, Vijay Nagar, Jabalpur, Raksha, Madhya Pradesh 482002",23.1908568,79.9101114,Vijay Nagar,,,
09322ab8-7f94-449e-8f98-002511dbab28,Children Excercise house,PEDIATRIC_CLINIC,,Vijay Nagar,"Plot no 50, scheme no 14, Vijay Nagar, Jabalpur, Raksha, Madhya Pradesh 482002",23.1841145,79.9093415,Vijay Nagar,,,
31510603-41d3-4b0a-a630-860e8640d90c,Health Care Physiotheray Center,PHYSIOTHERAPY_CENTER,,Janki Nagar,"240, Janki Nagar, Laxmipur, Jabalpur, Madhya Pradesh 482002",23.1815904,79.9110561,Vijay Nagar,,,
89105710-20d0-469b-89c8-696da366e145,Aastha physiotherapy and Fitness Centre,PHYSIOTHERAPY_CENTER,,Sanjay Nagar,"3394/8, Ranjhi, Sanjay Nagar, Jabalpur, Madhya Pradesh 482005",23.2074761,80.0036994,Ranjhi,098935 24038,anubhuti.shivhare@gmail.com,https://physioaastha.com/
1bae2f00-b7ef-4984-afa5-de3569bb3a8d,Life Care Physiotherapy Clinic Ranjhi,PHYSIOTHERAPY_CENTER,,Narsingh nagar,"near Saransh Medical, Narsingh nagar, Ranjhi, Bengali Colony, Jabalpur, Madhya Pradesh 482005",23.2045886,80.0040724,Ranjhi,083193 08401,,
5b07dbc3-b1f2-4d01-abd2-1dea24453c9a,Ashish Physiotherapy Center,PHYSIOTHERAPY_CENTER,,JDA Colony,"Ashish Physiotherapy center, Front of St. Joseph convent secondary school, Ranjhi, JDA Colony, Jabalpur, Madhya Pradesh 482005",23.2043795,80.0062016,Ranjhi,,,
1c85d5a1-f4fd-43c0-9339-1e6ab4085012,Namasvi Physiotherapy clinic,PHYSIOTHERAPY_CENTER,,Whikal Road,"Whikal Road, Mastana Chowk Rd, Ranjhi, New Ranjhi, Jabalpur, Madhya Pradesh 482005",23.2046377,80.00081,Ranjhi,,,
f93e4881-1a77-4620-bcd4-94654dbed318,Care physiotherapy centre,PHYSIOTHERAPY_CENTER,,Main Rd,"infront of lenskart showroom, Rada tower, Rada Tower ranjhi, Main Rd, ranjhi, Shanti Nagar, Jabalpur, Madhya Pradesh 482005",23.1878011,79.9275111,Ranjhi,087705 17011,,
52db137c-6b62-4531-afd8-63114216f290,ACTIVE LIFE PHYSIO,PHYSIOTHERAPY_CENTER,,Ashok Vihar,"Ashok Vihar, Jabalpur, Madhya Pradesh 482005",23.2166368,79.9981158,Ranjhi,062603 22960,,
dfa7e3b4-824a-447c-9f53-4e5dd8760472,Dr. Karishma Kushwaha,GENERAL_CLINIC,,Bada Patthar Area,"6254+667, Bada Patthar Area, Manegaon, Jabalpur, Madhya Pradesh 482005",23.2079274,80.0054628,Ranjhi,,,
d7944e57-86a9-4306-9700-5c73e2806f68,फिजियोथेरेपी एंड पेन रिलीफ क्लिनिक डा.सतीश कुमार,GENERAL_CLINIC,,Subhash Nagar,"5V6V+WJR, MP SH 22, Subhash Nagar, Chandan Colony, Garha, Jabalpur, Madhya Pradesh 482003",23.1623572,79.8940027,Garha,,,
efd0bd75-3c12-4242-99c5-30ff96041acc,Kishna Caceshan,GENERAL_CLINIC,,Garha Bazar Rd,"1, Garha Bazar Rd, Subhash Nagar, Garha, Jabalpur, Madhya Pradesh 482003",23.1602566,79.8956865,Garha,079876 30258,,
83bcddeb-9cac-471b-b59d-1820d0b0668f,Plaza Physiotherapy Centar,PHYSIOTHERAPY_CENTER,,Medical College Colony,"Plaza Clinic, opposite of garha, Medical College Colony, thana, Jabalpur, Madhya Pradesh 482003",23.1559628,79.889392,Garha,079748 48991,,
8f25c26d-64d4-4953-9927-b66419713f77,S.R. Physiotherapy Clinic – Strength & Recovery,PHYSIOTHERAPY_CENTER,,Dhanvantari Nagar,"near Community Hall, Dhanvantari Nagar, Jabalpur, Madhya Pradesh 482003",23.1593205,79.8732316,Garha,070498 89088,hi@wa.link,https://wa.link/4fqpij
b889356c-32a6-493e-981f-08ead9b82198,Grace and Grit Physiotherapy,PHYSIOTHERAPY_CENTER,,Lamheta Rd,"Lamheta Rd, near St. Augustine school, Sagra, Jabalpur, Madhya Pradesh 482003",23.1376937,79.8744186,Garha,062647 23736,usgracephysiotherapy90@gmail.comworking,https://graceandgritphysotherapy.lovable.app/
4e4e83de-546b-4846-bb58-8bbb791ff354,Preganest Pregnancy Yoga,GYNECOLOGY_CLINIC,,Garha,"2572, 1, Garha, Jabalpur, Madhya Pradesh 482003",23.157363,79.886951,Garha,082230 58676,,
f4904a87-9e46-44b9-8a40-0b7a68b54a6c,Atul Physiotherapy Centre,PHYSIOTHERAPY_CENTER,,Premnagar,"12, Premnagar, Madan Mahal, Jabalpur, Madhya Pradesh 482001",23.1549093,79.915587,Tilwara,093027 55243,,
4d6ad288-a1ee-4fd0-a6d2-5e15118d1247,Helping Hand Physiotherapy & Rehabilitation Clinic,PHYSIOTHERAPY_CENTER,,Premnagar,"Shop no.-29, Kaushalya plaza, Premnagar, Madan Mahal, Jabalpur, Madhya Pradesh 482002",23.1547504,79.9134154,Tilwara,,helpinghandphysiotherapy1996@gmail.com,https://www.apnabusinesscard.com/Helping-Hand
3f38f7e8-c270-45c1-92b4-350916a7650c,Total Health Physiotherapy,PHYSIOTHERAPY_CENTER,,near Ratan Nagar,"Manav Lok Society, near Ratan Nagar, Ratan Nagar, Madan Mahal, Jabalpur, Madhya Pradesh 482001",23.1474294,79.9089515,Tilwara,079096 66999,,
16d4e6e8-1096-40f6-893e-11a7f0e39d0d,Patel physiotherapy center jabalpur,PHYSIOTHERAPY_CENTER,,Katangi Rd,"Katangi Rd, Shankar Nagar, Karmeta, Jabalpur, Madhya Pradesh 482002",23.2112862,79.9010809,Karmeta,086410 12242,,
e58b4f04-ba7f-44ce-bfc2-206e6cf8301e,BALAJI PHYSIOTHERAPY CENTRE,PHYSIOTHERAPY_CENTER,,Karmeta,"6W33+JRG, Karmeta, Jabalpur, Madhya Pradesh 482002",23.2040738,79.9045699,Karmeta,,,
bf6e5a3e-7f07-42c4-af24-2e3992a9c9dd,SH,GENERAL_CLINIC,,Karmeta,"6W52+CVR, Karmeta, Jabalpur, Madhya Pradesh 482002",23.2086186,79.9021336,Karmeta,,,
738ff780-6969-4ddb-a91a-bef369041c80,Mahakal physiotherapy and rehabilitation center,PHYSIOTHERAPY_CENTER,,Amkhera Rd,"5WXP+F96, Amkhera Rd, Nai Basti Gopalpur, Gohalpur, Jabalpur, Madhya Pradesh 482004",23.1986725,79.935886,Karmeta,,,
ad72a01d-3341-4d25-be69-31a29b231d6d,SS Patel Physiotherapy Centre,PHYSIOTHERAPY_CENTER,,Patel Market,"Kamaniya Gate, Patel Market, Main Road, Maharajpur, Suhagi, Jabalpur, Madhya Pradesh 482004",23.2190565,79.958318,Karmeta,075875 25881,,
61daffe0-0b0d-4e4e-954d-d1306a3a581b,DR M.U khan,GENERAL_CLINIC,,Ansar Nagar,"5WRQ+QC6, Nai Basti, Ansar Nagar, Gohalpur, Jabalpur, Vehicle Fac. Jabalpur, Madhya Pradesh 482002",23.1919072,79.9385106,Karmeta,,,
5af72736-dcd9-42c6-b4f8-a003198ff066,Coura,GENERAL_CLINIC,,Gopal Vihar damohnaka,"no 19, Gopal arcade, Main, Gopal Vihar damohnaka, P N B Colony, Jabalpur, Madhya Pradesh 482002",23.1832141,79.9284993,Karmeta,,,
7881588a-924e-43b4-9dbb-eeb395e76d02,life support 2.O physiotherapy clinic & Home services jabalpur,PHYSIOTHERAPY_CENTER,,COD Colony,"COD Colony, Suhagi, Madhya Pradesh 482004",23.2195781,79.9491238,Karmeta,078285 90895,,https://www.instagram.com/life_support2.0?igsh=ODVjN29vYndydW8w
9241c195-e50c-4c7a-b48b-88d9dfc6ca21,Physiotherapy Centre And Akasa Body Detox,PHYSIOTHERAPY_CENTER,,Vijay Nagar,"Physiotherapy centre, 41, beside Anmol Ashiyana, near Paroha Viaion Building, Vijay Nagar, Jabalpur, Madhya Pradesh 482002",23.1826218,79.9016388,Karmeta,087706 60033,akasa.body.detox@gmail.com,https://www.apnabusinesscard.com/Physiotherapy-Center-and-Akasa-Body-Detox
881ac05e-0b70-4b34-9f72-9291ff476bdf,Pain & Paralysis physiotherapy clinic,PHYSIOTHERAPY_CENTER,,Bilhari,"956, 23, opp. Central Bank Of India, Bilhari, Jabalpur, Madhya Pradesh 482020",23.1322269,79.9641372,Karmeta,079743 95915,,
dfc87fdf-e9c8-44db-abe5-10a38339066a,Dr. Chauhan Physiotherapy Centre,PHYSIOTHERAPY_CENTER,,Sadar Bazar,"Gali No.6, Shiv Shankar Lal Complex, Sadar Bazar, Sadar, Jabalpur, Madhya Pradesh 482001",23.1543389,79.9458498,Civil Lines,098261 73936,,
332e9923-b558-427a-b19a-c56fef6df33a,Ceragem,GENERAL_CLINIC,,1687 JHHMANDAS CHOWK ROAD,"1687 JHHMANDAS CHOWK ROAD, Ghamapur Rd, Lalmati, Jabalpur, Madhya Pradesh 482001",23.179938,79.9576518,Civil Lines,099070 80524,,
279bc83e-51f3-47b7-afe3-6d086df7bbf5,Dr.S.R.kushwaha,GENERAL_CLINIC,,Gwarighat,"C2, Shri Raja Ram Sarkar Parishar, Jhilehri, Gwarighat, Jabalpur, Madhya Pradesh 482008",23.1144125,79.9340923,Gwarighat,,,
e7c71bb0-1a81-4eff-8d62-c1e2d4d4f2de,"Ease Physiotherapy and Rehabilitation ,chiropractic Centre Jabalpur ( Dr Shikha Lariya)",PHYSIOTHERAPY_CENTER,,Gwarighat Main Rd,"Ground floor, SS Palace, Gwarighat Main Rd, beside Om Mens Wear, in front of Royal Oak, Bhim Nagar, Polipather, Jabalpur, Madhya Pradesh 482008",23.1184444,79.925025,Gwarighat,082698 08021,,http://www.easephysiorehab.in/
6ffcce34-dd07-4688-9109-778b93cfdf2d,Jeevan physiotherapy clinic,PHYSIOTHERAPY_CENTER,,1gwarighat road,"1gwarighat road, near gate no, Tagore Nagar, Indirapuri Colony, Rampur, Jabalpur, Madhya Pradesh 482008",23.1288044,79.9317425,Gwarighat,,,
9a7193cb-cd54-4fb0-af79-498447143334,Rudra Physiotherapy,PHYSIOTHERAPY_CENTER,,Gwarighat Main Rd,"Angad mahaveer mandir, Gwarighat Main Rd, opposite Gorkhpur, Bhim Nagar, Polipather, Jabalpur, Madhya Pradesh 482008",23.1189831,79.9254838,Gwarighat,093013 56278,,
bd2f46b1-a028-4263-8af0-cd18effb0e44,Pain relief physiotherapy center.,PHYSIOTHERAPY_CENTER,,Gwarighat,"Yadav moholla, Gwarighat, Jabalpur, Madhya Pradesh 482008",23.1348192,79.9244521,Gwarighat,,,
8c3a5b94-f44a-4c73-abd7-b2f9d12a3606,RESULTS REHABILITATION & PHYSIOTHERAPY CENTRE,PHYSIOTHERAPY_CENTER,,Cantt,"664, Street Number 12, Sadar, Cantt, Jabalpur, Madhya Pradesh 482001",23.1523891,79.9449777,Jabalpur Cantt,062620 75753,resultsrehabphysio@gmail.com,http://resultsrehabphysio.com/
9f1e5845-4971-440f-96b3-b071555ac491,Dr Moti Healing Hand Physiotherapy Clinic,PHYSIOTHERAPY_CENTER,,Ambika Vihar,"Ambika Vihar, GRC Rampur Road, near Sule Hospital, Panch Sheel Nagar, Satyanand Vihar, Adarsh Nagar, Rampur, Jabalpur, Madhya Pradesh 482008",23.1398975,79.9248997,Shakti Nagar,095755 68876,,https://mymedisage.com/profile/942946?utm_source=share&utm_medium=WMobile&utm_campaign=942946
f70dd21e-cc55-466c-9037-84fc10e09e5e,Dr. Lalit Physiotherapy clinic,PHYSIOTHERAPY_CENTER,,Bilhari,"yadav petrol pump ke samne, Bade hanuman, Bilhari, Jabalpur, Madhya Pradesh 482020",23.1294453,79.9648663,Shakti Nagar,,,
d1d0c31e-e262-4574-8f14-db1484d9378f,Ayushmat Physiotherapy & Rehabilitation Centre,AYURVEDA_CLINIC,,Ghamapur Chowk,"5WGW+PQ2, Ghamapur Chowk, behind Nishant Nursing Home, Jabalpur, Madhya Pradesh 482001",23.176758,79.9468799,Gol Bazar,091796 19057,,
544d9339-73d2-4df6-adc9-e68991d680cd,Pragya therapy centre,ENT_CLINIC,,Samiksha Town Phase 3rd,"police line, in front of GRP, Samiksha Town Phase 3rd, KanchGhar, Jabalpur, Madhya Pradesh 482001",23.1761075,79.9570855,Gol Bazar,093010 28066,,
5b2026aa-8214-4f35-823a-a3423a2d5a8d,Arihant Trade | Surgical & Medical Supplier,SURGICAL_CENTER,,dawa bazar,"civic center, shop no 9,1st Floor, dawa bazar, beside LIC main Building, Marhatal, Jabalpur, Madhya Pradesh 482002",23.1679103,79.9324525,Gol Bazar,078287 50097,,https://www.indiamart.com/arihant-trade-jabalpur/
2f3ac533-d380-4c08-8add-a0616b69daed,सदर में स्ट्रीट नंबर 6,GENERAL_CLINIC,,Sadar Main Rd,"56, Sadar Main Rd, Sadar, Jabalpur, Madhya Pradesh 482001",23.1543608,79.9458532,Sadar Bazar,,,
35d73d75-75d3-49c5-9843-ef5f09a285c6,Nivaran Physiotherapy Centre,PHYSIOTHERAPY_CENTER,,Sneh Nagar Rd,"Gate No. 4, Medicare Health Clinic ke paas, PNT (P.N.T.) Telegraph Factory, Sneh Nagar Rd, Wright Town, Jabalpur, Madhya Pradesh 482001",23.1641536,79.9198168,Sadar Bazar,092438 44094,,
599868ba-3b98-4248-af81-981759cf5539,HEALING HAND PHYSIOTHERAPY CLINIC,PHYSIOTHERAPY_CENTER,,Ambika vihar,"Ambika vihar, sabji market, Graned chowk, near sule hospital, Panch Sheel Nagar, Satyanand Vihar, Adarsh Nagar, Rampur, Jabalpur, Madhya Pradesh 482008",23.1399072,79.9248514,Sadar Bazar,,,
48bdcd67-1230-4937-9bc1-670662d5f870,Sankalp physiotherapy center,PHYSIOTHERAPY_CENTER,,Ram Nagar Road,"4WMF+26V, Ram Nagar Road, Rampur, Jabalpur, Madhya Pradesh 482008",23.1326232,79.9230618,Sadar Bazar,083196 42790,,
1083627a-2e96-43e4-a52f-9d3b4a515e75,PWD Colony,GENERAL_CLINIC,,Christian Colony,"5XG2+6R9, Christian Colony, Ghamapur, Jabalpur, Madhya Pradesh 482001",23.1755315,79.9521051,Sadar Bazar,,,
7afc2fb1-bb38-4414-b396-8e0a842fd99d,Dr. Devendra Jain,GENERAL_CLINIC,,Wright Town,"5W9F+HQ6, Wright Town, Jabalpur, Madhya Pradesh 482002",23.1689129,79.9243993,Sadar Bazar,,,
2ec33994-6420-4c54-a4c5-7564ecab2fc1,Anant physiotherapy,PHYSIOTHERAPY_CENTER,,Railway Station Rd,"Anant hospital, near, Railway Station Rd, Madan Mahal, Jabalpur, Madhya Pradesh 482001",23.1681208,79.9513949,Russel Chowk,083191 34649,,
7f89435c-7f3a-4e49-95f6-5ddbf3975f6e,Ms Spain Physiotherapy Center,PHYSIOTHERAPY_CENTER,,Gohalpur Rd,"5WPP+R7F, Gohalpur Rd, Suji Mohalla, Gohalpur, Jabalpur, Madhya Pradesh 482002",23.1870619,79.9356584,Miloniganj,,,
3fa859fd-c45b-416a-85b9-0dd042066ce3,kinesis physiotherapy and rehabilitation clinic,PHYSIOTHERAPY_CENTER,,Main Road,"Main Road, Brajmohan Nagar, Rewa Colony, Rampur, chapar, Jabalpur, Madhya Pradesh 482001",23.126492,79.918396,Rani Durgavati,087700 53958,,
760004bf-e0f7-4562-b5fd-7e29f0b794f6,Paras Physiotherapy And Rehabilitation Centre,PHYSIOTHERAPY_CENTER,,Shiv Nagar,"Damoh Naka, Shiv Nagar, Sarvodaya Nagar, Jabalpur, Madhya Pradesh 482002",23.1872614,79.9232603,Damohnaka,078797 52662,,
c54ca981-e5b6-4078-a94c-881b9a0bc2bc,Dr. Sudhir Vishwakarma & Rehabilitation,PHYSIOTHERAPY_CENTER,,Shiv Nagar,"Damoh Naka, Shiv Nagar, 62, Sarvodaya Nagar, Jabalpur, Madhya Pradesh 482002",23.1852907,79.9225797,Damohnaka,098932 12223,,
a5e9a0e8-dc30-4241-9d15-293ffcb2824e,Dr.Shubham Soni,GENERAL_CLINIC,,shastri vihar,"45 a, shastri vihar, near milenium academy school, Damoh Naka, Trimurti Nagar, Jabalpur, Madhya Pradesh 482002",23.1961743,79.9227499,Damohnaka,,,
ecfa6bc5-7f07-4d76-9360-474f40aa2ba5,Manish johare,GENERAL_CLINIC,,Shiv Nagar,"Damoh naka, Shiv Nagar, 62saraswati colony, Sarvodaya Nagar, Jabalpur, Madhya Pradesh 482002",23.1880719,79.920289,Damohnaka,093997 42238,,
d57b0c01-d479-4acb-8dee-017f06e6a424,SHC PHYSIO CLINIC,PHYSIOTHERAPY_CENTER,,Dhanvantari Nagar,"5V6G+GJX, Dhanvantari Nagar, Jabalpur, Madhya Pradesh 482003",23.1613749,79.8766163,Shastri Nagar,,,
0ee79975-e0f7-4d0e-9a8c-fd85c9063c6c,Dr.Balram pal,GENERAL_CLINIC,,Mandla - Jabalpur Rd,"Mandla - Jabalpur Rd, T C Colony, Tilhari, Bhatauli, Jabalpur, Madhya Pradesh 482021",23.1147046,79.9747467,Tilhari,097707 07057,,
291c2d46-35dc-4a15-85dd-8066980c510e,Physio Care,PHYSIOTHERAPY_CENTER,,Kajarwara Rd,"House No 45 , Gate No 02, Maa Narmade Prime, Kajarwara Rd, Bilhari, Jabalpur, Madhya Pradesh 482020",23.1285976,79.972332,Tilhari,089621 23004,,
2a9fe0d0-3d7c-4a93-915c-79117da305cf,Healing Health Physiotherapy clinic,PHYSIOTHERAPY_CENTER,,Datt Township Main Rd,"Datt Township Main Rd, near Rajul township, Tilhari, Bhatauli, Madhya Pradesh 482021",23.1161486,79.9732281,Tilhari,081202 76045,,
92534136-af4a-4606-80d9-23109f7e8e1a,Dev Physiotherapy Clinic,PHYSIOTHERAPY_CENTER,,Anuradha Colony,"4XPC+HXM, near kali Mandir, Anuradha Colony, Bilhari, Jabalpur, Madhya Pradesh 482021",23.136453,79.9724325,Tilhari,,,
4c68982e-72ec-4dd5-9780-084cd96b5d6e,Physiotherapy clinic tilhari Jabalpur,PHYSIOTHERAPY_CENTER,,Jabalpur,"Mp07, Jabalpur, Bhatauli, Madhya Pradesh 482021",23.1143506,79.9752278,Tilhari,,,
2c5896ae-4929-4730-9789-0e06dafbb82b,Sharma Physiotherapy and Rehabilitation Centre,PHYSIOTHERAPY_CENTER,,Panagar,"7XQV+PX4, NH 44, Panagar, Madhya Pradesh 483220",23.2892551,79.994952,Panagar,091315 25495,,
6696be26-af2c-40bb-b636-3e4ba6d2d808,Ashwini's Physiotherapy Physical Wellness Center,PHYSIOTHERAPY_CENTER,,Budhwara Market Rd,"Budhwara Market Rd, Nepanagar, Madhya Pradesh 450221",,,Panagar,088392 37936,,
e9fe768b-b544-499e-83a7-7d1478d7e3b5,Jabalpur Ayurveda chikitsalaya,AYURVEDA_CLINIC,,Wright Town,"1677, Near Telegraph Gate. 2, Wright Town, Jabalpur, Madhya Pradesh 482002",23.16735,79.923336,Wright Town,098268 39423,,
672ab413-e313-421b-bd89-0a7a4fd431b3,"Jiva Ayurveda Clinic, Wright Town, Jabalpur",AYURVEDA_CLINIC,,Wright Town,"Basement, H No 849C, Plot No 37, opposite Manas Bhawan, Wright Town, Jabalpur, Madhya Pradesh 482002",23.1655216,79.9287556,Wright Town,093118 15825,clinics@jiva.com,https://clinics.jiva.com/jiva-ayurveda-clinic-wright-town-jabalpur-ayurvedic-clinic-wright-town-jabalpur-328887/Home?utm_source=locator&utm_medium=googleplaces
53fc3977-c45b-4961-afd8-330b9b6af7ba,Ayurvedic clinic and panchkarma Jabalpur,AYURVEDA_CLINIC,,Gaumata chowk,"Gaumata chowk, Wright Town, Jabalpur, Madhya Pradesh 482002",23.1660174,79.9259788,Wright Town,099810 49900,,https://www.dermatologistinjabalpur.com/
59957bb9-ce5d-4e35-add3-fab3152e5491,PARIJATAK Ayurveda Clinic & Panchakarma Center,AYURVEDA_CLINIC,,Home Science College Rd,"1376 A, Home Science College Rd, Napier Town, Jabalpur, Madhya Pradesh 482002",23.1610014,79.9227211,Wright Town,096072 97777,,
c51fa54d-4223-4caf-bf26-61ac0807a27a,Shuddhi Hiims (Jeena Sikho) (Jabalpur) Ayurveda Clinic,AYURVEDA_CLINIC,,Napier Town,"1222, near Chautha Pool, near Bhaisasur Mandir, Malhotra Compound, Napier Town, Jabalpur, Madhya Pradesh 482009",23.1564697,79.9379947,Wright Town,087920 87920,,https://hiims.in/clinic/jabalpur/
8571287e-8801-4d88-a6ed-1223aadd19a2,G.M. Ayurved Jabalpur,AYURVEDA_CLINIC,,Home Science College Rd,"Besides Ashish Hospital, Home Science College Rd, Napier Town, Jabalpur, Madhya Pradesh 482002",23.1606904,79.9243976,Wright Town,081093 88669,,
0fb73032-25ef-41ba-af2b-320b45ae44f3,Shanker Aushdhalaya & Anusandhan Kendra,GENERAL_CLINIC,,Captainganj,"Shastri Bridge, Captainganj, Napier Town, Jabalpur, Madhya Pradesh 482001",23.1580076,79.9292735,Wright Town,094796 39754,,
e611c124-2cef-4914-ae9c-746f48e9b371,Shri Hardik Ayurveda,AYURVEDA_CLINIC,,Beside Dr. Mehta Ranital Chowk,"8, Pragya Point, Beside Dr. Mehta Ranital Chowk, Saheed Smarak Road, Jabalpur, Madhya Pradesh 482002",23.1707241,79.9251083,Wright Town,098933 13414,,
4cfe01e1-2032-434c-9a09-eb4c74f6d4ae,SPARSH AYURVEDA,AYURVEDA_CLINIC,,BHAWANI PRASAD WARD 34,"NARSINGH, Building, 1013, BHAWANI PRASAD WARD 34, RANITAL CHOWK, Jabalpur, Madhya Pradesh 482002",23.1702951,79.9246242,Wright Town,082340 92477,,https://sparshayurvedaresearch.in/
8f278a98-73d1-4575-b795-b5bdc4aa073e,Ayurvedic Dawakhana,AYURVEDA_CLINIC,,Katwali Ward,"Katwali Ward, Chhota Fuhara, Uprainganj, Jabalpur, Madhya Pradesh 482002",23.1826084,79.934784,Wright Town,092031 55822,,
303e703a-9d55-49fc-841f-687801786009,Swami Ayurved,AYURVEDA_CLINIC,,Wright Town,"Aadi Enclave, Hargovind Das Hospital, near Mohanlal, Wright Town, Jabalpur, Madhya Pradesh 482002",23.1668881,79.9250965,Wright Town,093001 57500,contact@swamiayurvedindia.com,https://swamiayurvedindia.com/
c70b3c8e-aa47-4813-86e0-10d632bec865,Niramay Ayurved Wellness Center,AYURVEDA_CLINIC,,P N B Colony,"5WPF+9X5, P N B Colony, Cherital, Jabalpur, Madhya Pradesh 482002",23.1858751,79.9249853,Wright Town,094258 37735,,
96bd3c0f-fbd0-40cd-a239-1b9187d64379,Bodh Ayurvedic Davakhana,AYURVEDA_CLINIC,,LordGanj,"LordGanj, Jabalpur, Madhya Pradesh 482002",23.1724358,79.929941,Wright Town,083197 11611,,
b065bec5-6b9f-4f17-97e5-bb705766c0ea,Patanjali Chikitsalay,GENERAL_CLINIC,,near Prem Mandir Road,"No 2210, Aryan Villa, near Prem Mandir Road, Wright Town, Jabalpur, Madhya Pradesh 482002",23.1635448,79.9249085,Wright Town,094243 57969,divyachikitsalaya@gmail.com,https://patanjalistores.patanjaliayurved.org/patanjali-chikitsalay-divya-chikitsalaya-ayurvedic-clinic-wright-town-jabalpur-257180/Home?utm_source=locator&utm_medium=googleplaces
7d5c648a-f297-478f-99ee-1bce24e74594,Madhu Aushadhi - Best Ayurvedic Products In Jabalpur | Mamjesik | Pimpeck |,AYURVEDA_CLINIC,,1 Medicine Complex Model Road,"1 Medicine Complex Model Road, Shastri Bridge, Napier Town, Jabalpur, Madhya Pradesh 482001",23.1571597,79.9291002,Wright Town,079872 35166,,https://www.madhuaushadhimandir.com/
d6929b90-5b3a-4394-9b4f-3e1225ce0543,Dr. Ambalkar's Ayurvedic Research Centre Pvt. Ltd.,AYURVEDA_CLINIC,,Home Science College Rd,"1544, The Ayurved's World, Multimedi Pharma, Home Science College Rd, opposite Ashish nursing Home, Napier Town, Jabalpur, Madhya Pradesh 482002",23.1612335,79.9238638,Wright Town,094251 53484,,
3003da88-4d3e-48ff-9fd6-1f0299cb849d,New Agrawal Ayurvedic Drug Stores,AYURVEDA_CLINIC,,Janki Nagar,"5WM7+XR8, Near Maa Sherawali Ji Ka Mandir, Janki Nagar, Jabalpur, Madhya Pradesh 482002",23.1849019,79.914593,Wright Town,093292 87391,,
11dfc40d-dd95-49e6-8141-710592c99fdc,Neelkanth pharmacy india pvt. Ltd,PHARMACY,,1229 sbi colony,"1229 sbi colony, Ukhri Rd, Jabalpur, Madhya Pradesh 482002",23.1818679,79.9167024,Wright Town,074013 07307,,
8452bcea-bd05-475d-9cd9-b00998450873,Sri Sanjeevni Ayurveda And Panchkarma Clinic,AYURVEDA_CLINIC,,Nagpur Rd,"Nagpur Rd, in front of LIC, Madan Mahal, Jabalpur, Madhya Pradesh 482001",23.1528015,79.9101204,Wright Town,099937 72413,drakashgupta1@gmail.com,https://apnabusinesscard.com/Shri-Sanjeevani-Ayurved-and-Panchkarma-Clinic
395488ef-6c31-4eef-a2b9-f7dada3ea57d,Khunnelal And Company,GENERAL_CLINIC,,Uprainganj,"5WGJ+GR4, Uprainganj, Jabalpur, Madhya Pradesh 482002",23.1762675,79.9320747,Wright Town,094251 52482,,
6bf958dd-9e4f-453b-b9b2-03673059b1d3,Prabhat ayurveda CHIKITSALAYA,AYURVEDA_CLINIC,,Nav Adarsh colony,"Nav Adarsh colony, MR-4 Rd, Yadav Colony, Jabalpur, New Adaresh Colony, Madhya Pradesh 482002",23.1691985,79.9098104,Wright Town,079878 65162,prabhatayurvedjbp@gmail.com,https://apnabusinesscard.com/Prabhat-Ayurvedic-Chikitsalaya
3dd15e8d-dfa3-4515-a372-c869686c8131,Agarwal Ayurvedic Drug Stores,AYURVEDA_CLINIC,,South Milone Ganj,"5WMP+P76, South Milone Ganj, Jabalpur, Madhya Pradesh 482002",23.1842821,79.9356474,Wright Town,099813 23973,,
96de68d2-c765-40bb-a669-0f6f96aaee4b,mega ayurvedic kendra,AYURVEDA_CLINIC,,baldev bag ukhri road subh tent ke baju me,"ke upar, baldev bag ukhri road subh tent ke baju me, babu ji road, behind Ukhri Road, Jabalpur, Madhya Pradesh 482002",23.1793736,79.9179608,Wright Town,074153 68584,,
dfe8b666-c24e-4976-bcc8-1699d69e86e6,Bade Pasari,GENERAL_CLINIC,,Bazar,"Bazar, Shop No-81 Bade Pasari Kotwari, Jabalpur, Madhya Pradesh 482002",23.1789273,79.9335059,Wright Town,,,
edcb2d73-4e32-499d-be83-a6c2b47c1e82,A. K. Jain,GENERAL_CLINIC,,Tulsi Nagar,"64, Opp. Old Megha Furniture, Tulsi Nagar, Cherital Ward, Jabalpur, Madhya Pradesh 482002",23.1847477,79.9205499,Wright Town,094244 20964,,
8c2d9a68-b006-45f8-8cd1-698c0839f0ab,Dr. Vivek Jain Holistic Health Clinic,GENERAL_CLINIC,,Malaviya Chowk,"near, Malaviya Chowk, Gole Bazar, Wright Town, Jabalpur, Madhya Pradesh 482002",23.1702437,79.9313486,Wright Town,099266 47273,drvivek.jain09@gmail.com,https://apnabusinesscard.com/Dr-Vivek-Jain-%28General-Physician%29
ad111257-2d5f-4aa0-aef8-cba7294c4b38,Prabhu Ayurveda Sadan,AYURVEDA_CLINIC,,KanchGhar,"5XG5+5QJ, KanchGhar, Jabalpur, Madhya Pradesh 482001",23.175461,79.9594015,Wright Town,094246 86874,,
ab6e1eff-22f9-4eda-893e-c01e26b2feaf,Ayurveda,AYURVEDA_CLINIC,,Prestige Town,"1338, Prestige Town, South Civil Lines, Jabalpur, Madhya Pradesh 482001",23.1620072,79.9584397,Wright Town,,,
98fa2f6a-2af7-43ef-a59e-7a9a3e243a6e,Ayurvedic aushadhi bhandhar,AYURVEDA_CLINIC,,Andherdeo,"Andherdeo, Ganjipura, Jabalpur, Madhya Pradesh 482002",23.1747033,79.9332806,Wright Town,088199 02819,,
9e4e5ba6-b319-49e2-adf4-a39b2241691e,shree krishna herbal IMC mega Ayurvedic kendra,AYURVEDA_CLINIC,,CHERIRAL,"SHOP 122 FIRST FLOOR, IMC shree krishna herbal, GOPAL ARCADE, CHERIRAL, Jabalpur, Madhya Pradesh 482002",23.1830796,79.9283976,Wright Town,089598 97123,,
469cf620-94d4-4fc9-abc9-3d1ff597edc8,Niramayam Ayurveda,AYURVEDA_CLINIC,,Madhuvan Colony,"Madhuvan Colony, Ukhri Rd, Janki Nagar, Jabalpur, New Adaresh Colony, Madhya Pradesh 482002",23.1790804,79.9138383,Wright Town,099816 40722,,
9c4d903f-2504-4fbf-89c4-75f1b8f08f4c,Baba Ramdev Patanjali Kendra,GENERAL_CLINIC,,Main Road,"Main Road, Chhota Fuhara, Miloni Ganj, Jabalpur, Madhya Pradesh 482002",23.1834063,79.93354,Wright Town,099260 01063,customercare@orderme.co.in,http://www.patanjaliayurved.net/
3c36633b-a230-4f3a-9215-f9e8cd6e1f21,Ayurvedic medicin,AYURVEDA_CLINIC,,Khatik Mohalla,"5WGP+Q5C, Khatik Mohalla, Jabalpur, Madhya Pradesh 482002",23.176933,79.9353392,Wright Town,,,
54a77f45-97f6-43e2-a7a1-3600f8bd1368,Ghappelal Juharmal Jain,GENERAL_CLINIC,,Sarafa bazar,"KAMANIYA GATE, Sarafa bazar, Sarafa, Uprainganj, Jabalpur, Madhya Pradesh 482002",23.1775534,79.9324464,Wright Town,096306 86899,,
da6c03f9-6186-4dce-98c4-7bd46fc3b6a5,जीवन ज्योति आयुर्वेदिक चिकित्सालय जबलपुर,GENERAL_CLINIC,,Garha,"5W64+MM4, Garha, Jabalpur, Madhya Pradesh 482002",23.1615821,79.906704,Wright Town,,,
4baf2430-5d46-4db6-a3ce-e4e4c4f25e81,Dr.S.K. Khare Nishant Ayurveda Clinic,AYURVEDA_CLINIC,,Garha,"Chhoti bajariya, Garha, Jabalpur, Madhya Pradesh 482002",23.1614751,79.9013207,Wright Town,094251 58120,,
68d76b43-0218-4792-80eb-5b8514bf3358,Panager walo ka davakhana,GENERAL_CLINIC,,gudhai road,"439, gudhai road, Milloniganj, Chhota Fuhara, Transport Nagar, Jabalpur, Madhya Pradesh 482002",23.182774,79.9342881,Wright Town,088395 38792,,
d7920c5d-1fac-40d4-9c8a-aba00c7f9a82,Dr Harshit Sahu Ayurveda clinic,AYURVEDA_CLINIC,,Garha,"5W64+6HF, Garha, Jabalpur, Madhya Pradesh 482002",23.1605608,79.906419,Wright Town,,,
23b2a3f0-1de7-44ae-9977-aac125d8f39e,Pudi Ayurveda,AYURVEDA_CLINIC,,Marhatal,"Civic Center, Awadhpuri, Marhatal, Jabalpur, Madhya Pradesh 482002",23.1688364,79.9340164,Wright Town,085038 61875,,
e9612eba-71e5-4eb8-9009-66f90e46b76a,Shri guru kripa Altos herbal centre,ENT_CLINIC,,Wright Town,"2110a, Wright Town, Jabalpur, Madhya Pradesh 482002",23.1636387,79.9301298,Wright Town,,,
5f5f6760-143e-4ec6-a644-f21c16bd0647,Creations Ayurvedic Chikitsalay,AYURVEDA_CLINIC,,Napier Town,"Plot No. 1472, Block No.1, Beside Bhatkhandey Sangeet Mahavidhyalaya, Napier Town, Jabalpur, Madhya Pradesh 482002",23.1624586,79.9211958,Wright Town,0761 404 9979,,
8a91d2d9-784c-4040-8041-ad0992505be9,Vijyashree Ayurved Hospital and City Office,HOSPITAL,,Ekta Chowk,"6, Ekta Chowk, MR-4 Rd, Rameshwaram Colony, Jabalpur, Madhya Pradesh 482002",23.1826893,79.9092035,Wright Town,,,
47ba0026-3333-4aa6-8eb2-36fee8e80561,SHRI KRISHNA AYURVEDA & HIJAMA CLINIC,AYURVEDA_CLINIC,,CHERITAL ROAD,"FIRST FLOOR SHOP NO 116, GOPAL ARCADE, CHERITAL ROAD, Wright Town, Jabalpur, Madhya Pradesh 482002",23.1679056,79.9233992,Wright Town,,,
d00564ba-203f-451b-85e9-07d8b0635d2b,Dadhichi Ayurved,AYURVEDA_CLINIC,,Sarafa Bazar,"Sunarhai, Sarafa Bazar, Sarafa, Uprainganj, Jabalpur, Madhya Pradesh 482002",23.1783933,79.9322259,Wright Town,062680 98448,,
daaba162-df2c-4691-94ed-9e89ce88b2db,Rk keva shop Ayurvedic products,AYURVEDA_CLINIC,,Hanumantal Ward,"5WMQ+7JV, Hanumantal Ward, Jabalpur, Madhya Pradesh 482002",23.1832329,79.939056,Wright Town,,,
ff802531-76dd-4438-9213-fb32d2a7128a,Dhanvantary Ayurveda,AYURVEDA_CLINIC,,Vikas Nagar,"5WP6+269, Vikas Nagar, Jabalpur, Raksha, Madhya Pradesh 482002",23.1850319,79.9106019,Wright Town,,,
76d65b4e-2bf7-4c5c-b596-ffb66dfc46a7,Shri Ayurveda Sadan,AYURVEDA_CLINIC,,Road,"Gurudwara, Seth Nihalchand Complex, G/12, Road, Gorakhpur, Jabalpur, Madhya Pradesh 482001",23.1528068,79.9329998,Napier Town,,,
3be8aa52-7733-4059-a879-b92a4f3f459a,"CGHS Wellness Centre No.1, Napier Town",ENT_CLINIC,,Home Science College Rd,"1544/A, 1544/A, Home Science College Rd, near Ashish Hospital, Napier Town, Jabalpur, Madhya Pradesh 482002",23.1613472,79.9242074,Napier Town,076124 05205,,http://www.cghs.mohfw.gov.in/
e531a5e4-5872-4a12-b70d-de8aa8c09fbc,Arogya Plus,GENERAL_CLINIC,,Civil Centre,"G-7, Samdadiya Mall, Opposite Priyadarshini, Civil Centre, Jabalpur, Madhya Pradesh 482002",23.1684917,79.933234,Napier Town,0761 404 0884,,
56cbc8fe-16ac-4598-bd87-ed6eb1caf386,Siddha Medicals,GENERAL_CLINIC,,Home Science College Rd,"Home Science College Rd, Napier Town, Jabalpur, Madhya Pradesh 482002",23.1607139,79.9238339,Napier Town,,,
a9862213-3b99-41e1-ad90-f39de47c169d,Vishram Tel,GENERAL_CLINIC,,Uprainganj,"850, KAMANIYA GATE, Uprainganj, Jabalpur, Madhya Pradesh 482002",23.1770151,79.9322706,Napier Town,093008 10079,,http://vishramtel.com/
bb8a17ed-9a3f-4c20-a9c4-08706a1a6b37,Patanjali Products Aayush Gallery,AYURVEDA_CLINIC,,Napier Town,"Near Home Science College, Napier Town, Jabalpur, Madhya Pradesh 482001",23.1601325,79.9286472,Napier Town,094258 00155,,
01ca33dd-aaf5-41c2-89d8-af8120a3bee3,Batheja Agencies,GENERAL_CLINIC,,Dawa Bazar,"Shop No.55,56, Dawa Bazar, Civic Center, Awadhpuri, Marhatal, Jabalpur, Madhya Pradesh 482002",23.1668839,79.9343472,Napier Town,098261 69321,,
1431dea2-6e65-43be-b4b4-5d746c735c3d,"AYUSH Wing, District Allopathy Hospital Jabalpur (AYUSH) Madhya Pradesh",HOSPITAL,,Andherdeo,"8, Andherdeo, Galgala, Jabalpur, Madhya Pradesh 482002",23.1723506,79.9364615,Napier Town,,,
4855b103-20d8-439f-a40e-b9b55cceaf52,AROGYA CLINIC AYURVED PANCHKARMA AND HOMEOPATHY,AYURVEDA_CLINIC,,Hathital Colony Rd,"T25 Ground Floor, Hathital Colony Rd, Hathital, Jabalpur, Madhya Pradesh 482001",23.1485203,79.9212002,Napier Town,089625 48384,,
57e4be27-fd39-46ad-aa92-ca622ced82b4,Adidev Herbals Pvt. Ltd.,GENERAL_CLINIC,,Gow Mata Chowk,"Gow Mata Chowk, 1495, Wright Town, Jabalpur, Madhya Pradesh 482002",23.1655617,79.9262682,Napier Town,078796 22220,,https://www.adidevherbal.com/
564b353f-6247-4634-8332-b2764bcc50c9,Jai Hind's Ayurveda | Dry Fruits | General Stores ( Pansari ),AYURVEDA_CLINIC,,Galgala Market,"Galgala Market, Jabalpur, Madhya Pradesh 482002",23.174097,79.937078,Napier Town,099930 86707,,
a42d1d21-b49c-4bd1-a05f-f41c8d606508,P. P. Enterprises - Best Cancer Medicine | Antibiotics Critical Care Injections | Nephro Kidney Medicine in Jabalpur,ONCOLOGY_CLINIC,,Napier Town,"Shop No. 35A, Medicine Complex, near, Shastri Bridge, Napier Town, Jabalpur, Madhya Pradesh 482001",23.1612351,79.9313638,Napier Town,093029 18100,,
6d33cdc3-bb44-49e3-8984-45e25f16bc52,Munish Medicos,PHARMACY,,Marhatal,"Marhatal, Jabalpur, Madhya Pradesh 482002",23.1680171,79.9318467,Napier Town,,,
74922713-77a2-4f12-9df4-0559fd6a6451,HealthPotli Jabalpur,GENERAL_CLINIC,,Marhatal,"Civic Center, Awadhpuri, Marhatal, Jabalpur, Madhya Pradesh 482002",23.1691306,79.9332325,Napier Town,077142 16666,,https://www.healthpotli.com/
c2786746-528f-42c3-808f-062febd0439a,Juharmal anil Kumar & sons,GENERAL_CLINIC,,Shop no. 46 mukadamganj main road jabalpur,"Shop no. 46 mukadamganj main road jabalpur, Jabalpur, Madhya Pradesh 482002",23.1734462,79.935177,Napier Town,092000 03555,,
108a021e-3908-44e9-bab0-767d5feee812,Guapha Pharmaceuticals,GENERAL_CLINIC,,Gole Bazar,"678, Opposite Dutt Mandir, Dutt bhawan marg, near National Hospital, Gole Bazar, Jabalpur, Madhya Pradesh 482002",23.1713562,79.9297218,Napier Town,081095 66951,,http://www.guaphapharmaceuticals.com/
ea7a07dd-a6fc-431a-8426-495107235c70,"Himalaya Wellness Store - Howbagh Colony, Jabalpur",GENERAL_CLINIC,,Ward No 12,"Ward No 12, No 606/1, opposite W Show Room, Howbagh Colony, Gorakhpur, Jabalpur, Madhya Pradesh 482001",23.1519264,79.9341447,Napier Town,0761 356 7307,contactus@himalayawellness.comkindly,https://storelocator.himalayawellness.in/himalaya-wellness/jabalpur/Gorakhpur/himalaya-wellness-store-in-Gorakhpur-jabalpur--70upax/home
5a20c72d-badd-4176-931a-b7c3b93ca5b8,Subhash Medicine Centre - Best Pet Shop | Best Dog Food Shop in Jabalpur,ENT_CLINIC,,Nursing Building Ranital chowk,"Ranital Sports Complex, 1005,Nursing Building Ranital chowk, Jabalpur, Madhya Pradesh 482002",23.1703011,79.9241266,Napier Town,098933 13414,,
9009d8c3-e6d0-41fd-983c-f3893ecfb246,Uday Chawla,GENERAL_CLINIC,,Napier Town,"Napier Town, Jabalpur, Madhya Pradesh 482002",23.1615907,79.9256236,Napier Town,,,
3925ef42-1acc-442b-af75-c1d9ca54ab8a,Patanjali Mega Store and Wellness Centre,ENT_CLINIC,,Cheevani Phamad Nagar,"Ground & 2nd Floor, Annex Choti Line, beside Old Vasu Hotel, Phatak, Cheevani Phamad Nagar, Gorakhpur, Jabalpur, Madhya Pradesh 482001",23.1547711,79.9278808,Napier Town,0761 402 7071,pankaj.shah1212@gmail.com,https://wellness-centre.patanjaliwellness.com/patanjali-mega-store-and-wellness-centre-arogya-dham-health-wellness-centers-gorakhpur-jabalpur-411471/Home?utm_source=locator&utm_medium=googleplaces
54194c17-aa97-4b0b-9a21-ebbea1aa1b4a,Bhatia Medicine Centre,ENT_CLINIC,,Nagar Nigam Rd,"5W8P+C77, Near Jyoti Cinema, Nagar Nigam Rd, behind Rajiv Gandhi Statue, Marhatal, Jabalpur, Madhya Pradesh 482002",23.16603,79.9356619,Napier Town,076126 10184,,
27ecfc0a-eebe-4f50-b1f3-87e3e3b3da01,Dr. Amit Khatri (Anant Homoeo Care),HOMEOPATHY_CLINIC,,Chowk,"Shop No.9, Narmada Plaza, Shastri Bridge, Chowk, Napier Town, Jabalpur, Madhya Pradesh 482001",23.1600451,79.9303847,Napier Town,090749 95244,amitkhatri862@gmail.com,http://jabalpurhelpline.com/dr-amit-khatri-the-family-homoeopathic-clinic
0aa9ee2f-b78c-4617-bbe9-b8c50cbad6f6,Shri Aarav herbal shopy,GENERAL_CLINIC,,Ratan Nagar,"5W25+X6C, Ratan Nagar, Madan Mahal, Jabalpur, Madhya Pradesh 482001",23.1524438,79.9080191,Madan Mahal,,,
d6966c72-8a96-4658-ad5b-942e4666c8cd,Super Speciality Panchakarma Clinic,GENERAL_CLINIC,,Ghadi Chowk,"Ghadi Chowk, 237, Kanchan Vihar, Vijay Nagar, Raksha, Jabalpur, Madhya Pradesh 482002",23.1923895,79.908103,Madan Mahal,075666 41503,,https://panchakarma.localo.site/
8941ad3d-3664-4ccb-a0db-bb27ff9ee6e2,Virumal Medical Hal l- Medical Pharmacy/Ayuvedic Medical/Home Delivery All over India/Diagnostic Centre/Pet Store in Jabalpur,DIAGNOSTIC_CENTER,,Nagpur Rd,"Shop no 13, 14, Nagpur Rd, near Dashmesh Dwar, Premnagar, Madan Mahal, Jabalpur, Madhya Pradesh 482001",23.1564523,79.9191859,Madan Mahal,098261 29509,,https://virumal-medical-hall-medical-pharmacyallopathic-jabalpur.business.site/?utm_source=gmb&utm_medium=referral
3f49d9ea-d01f-40b0-b638-8678c47a5131,Radha Krishna wellness,GENERAL_CLINIC,,Suvidha market,"Suvidha market, Shakti Nagar, Jabalpur, Madhya Pradesh 482001",23.1472923,79.915114,Madan Mahal,099263 93274,,
2b889293-23c4-49a1-97e4-078272a8f1ad,Sardar ji Medicose,PHARMACY,,Nagpur Rd,"16,JDA Building near Dashmesh Dwar Madan Mahal, Nagpur Rd, Jabalpur, Madhya Pradesh 482001",23.1564197,79.9190732,Madan Mahal,087702 68523,,
e89bb1ff-ba0a-4446-a7bd-21dfabd8fb79,New Raj Medical Hall,GENERAL_CLINIC,,Station Road,"5W49+VG9, Station Road, Madan Mahal Chowk, Jabalpur, Madhya Pradesh 482001",23.1571669,79.918854,Madan Mahal,098261 20587,,
1996df8f-2cc2-4836-ad3b-b0ae782bf8de,Home massage services,GENERAL_CLINIC,,Madan Mahal,"Madan Mahal, Jabalpur, Madhya Pradesh 482001",23.1484693,79.9016654,Madan Mahal,076111 41035,,
b808a0fa-048b-46b5-973c-fa03c3d09d00,Badkul Muchariya Ayurvedic Medical store,PHARMACY,,Garha,"Garha, Jabalpur, Madhya Pradesh 482003",23.1599824,79.8949054,Madan Mahal,074158 81364,,
0e7fec36-9150-43a5-a72a-7279bd8c08e9,Arogyam clinic,GENERAL_CLINIC,,Madan Mahal,"Chandrika home's kalimath aamanpur, Madan Mahal, Jabalpur, Madhya Pradesh 482002",23.1613072,79.9173124,Madan Mahal,075879 27372,,
9b09c68d-2462-4876-bc4a-de47923ea777,Leadership business,GENERAL_CLINIC,,Ratan Nagar,"Teen pati, With, Ratan Nagar, Madan Mahal, Jabalpur, Madhya Pradesh 482001",23.1485573,79.9094751,Madan Mahal,,,
01f0a5e9-a6ff-407b-96de-842b0514314f,CERAGEM (SHRI SHARADA JYOTI HEALTH CARE CENTER),ENT_CLINIC,,Road,"Sanatan Dharma Mandir, Road, Gorakhpur, Jabalpur, Madhya Pradesh 482001",23.1516365,79.9328153,Gorakhpur,086022 16054,,
7be53cc9-5d2f-416c-8194-524cab288de3,Bhagyavat Ayurveda,AYURVEDA_CLINIC,,Unknown,,,,Gorakhpur,,,
cf3d7881-4fdd-4b06-a971-015f4dd78873,The orra thai spa,GENERAL_CLINIC,,1st floor jagat mall gorakhpur jabalpur,"1st floor jagat mall gorakhpur jabalpur, Jabalpur, Madhya Pradesh 482001",23.153859,79.930278,Gorakhpur,,,http://vidhithaispa.in/
9a85323d-47fb-43b6-b0de-98a3ecb140ef,Shree Sharma Ayurvedic Drug Stores - Medical Store New Kanchanpur,PHARMACY,,Adhartal,"Shop No. 7, Railway Tin Pulia, New Kanchanpur, Adhartal, Jabalpur, Madhya Pradesh 482004",23.2034495,79.971034,Adhartal,086027 65865,,
04ed0074-073b-4902-a336-6cd0844919d7,Swati Ayurvedic Bhandar,AYURVEDA_CLINIC,,Shiv Shakti Tiraha Rd,"6W4V+PRQ, Shiv Shakti Tiraha Rd, Jai Prakash Nagar, Adhartal, Jabalpur, Madhya Pradesh 482004",23.2068412,79.944596,Adhartal,,,
701b7de0-8212-47e5-8750-f18c6e269aa8,Abhay Ayurvedic Agency,AYURVEDA_CLINIC,,behind Nagar Nigam,"behind Nagar Nigam,Market, Jawahar Nagar, Adhartal, Jabalpur, Madhya Pradesh 482004",23.2040915,79.9521378,Adhartal,,ramkewate25@gmail.com,https://abhayayurvedicagency.co.in/
cc144a0a-3463-4460-9cf9-02cbb917e6bc,Aashvi wellness center,ENT_CLINIC,,Jai Prakash Nagar,"Jai Prakash Nagar, Adhartal, Jabalpur, Madhya Pradesh 482004",23.2004231,79.9491181,Adhartal,093409 02882,,http://www.asclepiuswellness.com/
65e7c0b7-4235-4ec2-b876-0023d2889a13,Hari Veda Ayurvedic Care,AYURVEDA_CLINIC,,Jhamandas Chowk,"Jhamandas Chowk, Police Station, near Ghamapur Road, KanchGhar, Jabalpur, Madhya Pradesh 482001",23.1814254,79.9606553,Adhartal,,,
0aeac53b-d6b6-4dd4-a6ab-d7911c1ad2d7,Ayurvedic Dawaiyan,AYURVEDA_CLINIC,,Sanjay Nagar,"5XX5+7Q3, opp. Power House, Sanjay Nagar, Adhartal, Jabalpur, Madhya Pradesh 482004",23.1981646,79.9593541,Adhartal,093028 82292,,
bb159878-721a-47b9-9d8f-0752a7a9723b,HERBALDHARA INDIA PVT.LTD,GENERAL_CLINIC,,Gohalpur,"SAMDARIYA ABHINAVA COMPLEX, INFRONT OF KALI MANDIR, CH.14, Gohalpur, Jabalpur, Madhya Pradesh 482002",23.1866982,79.9379139,Adhartal,098273 98857,,http://www.herbaldhara.in/
bf5a3df7-ed2e-4c19-8061-cd7033e20c75,Anti Piles The Indian Ayurveda Therapy,AYURVEDA_CLINIC,,Anand Nagar,"89, Pharma Science, Anand Nagar, Near Anand Nagar Post Office, Adhartal, Jabalpur, Madhya Pradesh 482004",23.1969845,79.9423968,Adhartal,,,http://www.antipiles.com/
732853d9-f82b-4c24-961a-acedf60257e3,Aarogya Ayurved Kendra,AYURVEDA_CLINIC,,New Ram Nagar,"2225, New Ram Nagar, Pushpak Nagar, Adhartal, Jabalpur, Madhya Pradesh 482004",23.2044849,79.9390638,Adhartal,,,
0fed5dba-26ac-460a-9653-4b9ced9518bf,Vinayak IMC Herbal Centre,ENT_CLINIC,,Sai mandir Road,"Sai mandir Road, Jawahar Nagar, Adhartal, Jabalpur, Madhya Pradesh 482004",23.2048996,79.9484032,Adhartal,097555 38195,,
f0343a37-14a2-4016-a459-78a795da9624,Ratilal Vaid,GENERAL_CLINIC,,Punit Nagar,"359/1, Parel Line, Punit Nagar, Adhartal, Jabalpur, Madhya Pradesh 482004",23.1958671,79.9653436,Adhartal,,,
191dfd0c-c0f1-4f31-bb69-eeadad2391e7,Ayurvedic Centre,AYURVEDA_CLINIC,,Amkhera Rd,"Amkhera Rd, Jagriti Nagar, Gohalpur, Jabalpur, Madhya Pradesh 482004",23.2039468,79.9359376,Adhartal,078691 97634,,
eb3170a9-0d9f-4b51-96ad-b9dd6cefd299,Bhavana Ayurved Bhandar,AYURVEDA_CLINIC,,Jai Prakash Nagar,"6W3W+WCC, Jai Prakash Nagar, Adhartal, Jabalpur, Madhya Pradesh 482004",23.2048229,79.9460023,Adhartal,094257 04356,,
65c5431b-dbda-44b3-bf55-67117e56d268,Akanksha Ayurvedic Agency,AYURVEDA_CLINIC,,Jai Prakash Nagar Mishpa,"Jai Prakash Nagar Mishpa, Misson School Road, Adhartal, Jabalpur, Madhya Pradesh 482004",23.2042357,79.946835,Adhartal,099817 34423,,
3f69eb12-5700-4c70-b546-53661a100e1d,Hard Vaidh,GENERAL_CLINIC,,Chowk,"5WHQ+95J, Phootatal Marg, Chowk, Jabalpur, Madhya Pradesh 482002",23.1784636,79.9378833,Adhartal,094253 24786,,
64825490-de7b-4ac3-8e47-52ec3ac60aea,Ayurvedic Reform India Pvt Ltd.,AYURVEDA_CLINIC,,Thana,"Abhinav Complex, near Gohalpur, Motinala, Gohalpur, Thana, Jabalpur, Madhya Pradesh 482002",23.186725,79.9378709,Adhartal,084619 86284,,http://ayurvedicreform.in/
13657d1f-b6e9-466d-b6a7-11f4175e5a5d,BHARDWAJ MEDICAL BHARDWAJ AURVEDIC CLINIC,GENERAL_CLINIC,,h. n 76 indra nagar suhagi new ward 77 adhartal Jabalpur,"h. n 76 indra nagar suhagi new ward 77 adhartal Jabalpur, Madhya Pradesh pin 482004, Jabalpur, Madhya Pradesh 482004",23.1963745,79.9386167,Adhartal,090394 02767,,
515f6691-88bc-49c7-a708-98fd9a6887ae,Guru Kripa Ayurvedic,AYURVEDA_CLINIC,,Jhamandash Chowk,"5XM6+F7W, Jhamandash Chowk, near LGN School, Lalmati, Jabalpur, Madhya Pradesh 482002",23.1837404,79.9606991,Adhartal,093008 56851,,
11b88fcf-0780-4c3c-9606-f61e39717436,arogyanagari ( dr Sonal Juriani ),GENERAL_CLINIC,,Jhamandas chowk,"Jhamandas chowk, near dream India school, Lalmati, Jabalpur, Madhya Pradesh 482001",23.1832477,79.9605799,Adhartal,,,https://arogyanagari.com/
17159a0b-633f-43c5-a85a-30a0b6eac799,GUAPHA AYURVEDA | Gupta Ayurvedic Pharmacy Pvt. Ltd.,PHARMACY,,Shiv Nagar,"15-S, Shiv Nagar, beside ALLAHABAD BANK, Damoh Naka, Jabalpur, Madhya Pradesh 482002",23.1872673,79.9251233,Adhartal,0761 400 9981,info@guapha.comguaphaayurveda,https://www.guapha.com/
c35760c2-8114-49f1-b9fa-d3bacf2db6c8,Satyendra Medicose,PHARMACY,,Jawahar Nagar,"6X22+QGM, Near Adhartal Thana, Jawahar Nagar, Adhartal, Jabalpur, Madhya Pradesh 482004",23.2019694,79.9513125,Adhartal,093009 73668,,
5428b7b2-8f49-4a6e-8230-07a486e23869,Bhagat medicose,PHARMACY,,Main Rd,"6X22+PHW, Main Rd, in front of satyendra madical, Jawahar Nagar, Adhartal, Jabalpur, Madhya Pradesh 482004",23.2018628,79.951457,Adhartal,,,
5e0ea34e-aca2-4cba-a035-18e2f29817e3,Lodhi Homeopathic Ayurvedic Clinic,AYURVEDA_CLINIC,,Ram Nagar,"6W2R+J7M, Ram Nagar, Tapti Nagar, Adhartal, Jabalpur, Madhya Pradesh 482004",23.2015953,79.9406614,Adhartal,090254 64204,,
7c6f8f72-681e-480e-b943-015672fdd1bb,MD TOTAL CARE CLINIC & HIJAMA & AYURVEDIC PAIN RELIEF CENTRE,AYURVEDA_CLINIC,,Talib Chowk,"Infront Of Zam Zam Medical Store, Md Total Care Clinic, Talib Chowk, Rabindranath Tagore Ward, Jabalpur, Madhya Pradesh 482002",23.1896067,79.944554,Adhartal,076101 02102,,https://md-total-care-clinic.launchmy.site/
29a429b6-3bf9-4211-ac1d-325a76a478bd,Star Ayurveda,AYURVEDA_CLINIC,,shivnagar Jain Mandir Road,"656, shivnagar Jain Mandir Road, Tulsi Nagar, Jabalpur, Madhya Pradesh 482002",23.1873094,79.9198694,Adhartal,099260 99312,,
2a09e23c-a6d3-4f17-b127-0819ff345dcb,Neta colony,GENERAL_CLINIC,,Neta Colony,"1745, Neta Colony, Mansarovar Colony, Adhartal, Jabalpur, Madhya Pradesh 482004",23.1987271,79.9543651,Adhartal,,,
d629233d-11a7-4608-a61d-88373f014f32,Shama Unani Dawakhana,UNANI_CLINIC,,Char Khamba Rd,"Naseemabad, Char Khamba Rd, Jabalpur, Madhya Pradesh 482002",23.1879441,79.9389525,Adhartal,081032 18558,,
ec7c812a-a35d-4b4a-8b73-a9dfa314e967,Homeopathic Clinic,HOMEOPATHY_CLINIC,,Jagrati Nagar,"6W3R+RF6, Jagrati Nagar, Gohalpur, Amkhera Road, Jabalpur, Madhya Pradesh 482002",23.2045417,79.9411491,Adhartal,097528 20258,,
9fac9019-faf8-4a51-aab3-cf86fae7bc7d,Patanjali Chikitsalay,GENERAL_CLINIC,,South Civil Lines,"No 777/A, near Hotel Narmada Jacksons, South Civil Lines, Jabalpur, Madhya Pradesh 482001",23.1647715,79.957508,Adhartal,088395 41405,mayankpysjabalpur@gmail.com,https://patanjalistores.patanjaliayurved.org/patanjali-chikitsalay-mayank-singh-thakur-ayurvedic-clinic-south-civil-lines-jabalpur-255791/Home?utm_source=locator&utm_medium=googleplaces
f7cbe815-2f3e-441d-ad74-f32b97bd2150,Chhote Pasari,GENERAL_CLINIC,,Miloni Ganj Road,"5WRP+88R, Miloni Ganj Road, Ansar Nagar, Gohalpur, Jabalpur, Madhya Pradesh 482002",23.1908582,79.9357519,Adhartal,076123 41849,,
e6c257c6-f33b-44ea-8676-d5be75012cc9,Sahil Ayurvedic Sadan,AYURVEDA_CLINIC,,Lalmati,"5XR7+29X Khermay Ke Paas, Chandmari Talieya, Lalmati, Jabalpur, Madhya Pradesh 482004",23.1901223,79.9634832,Adhartal,093293 78116,,
e672a563-a9b0-42bc-b5eb-37f28e1a8b77,Dr. S.P Udainiya,GENERAL_CLINIC,,Main Road,"5XQM+GGW, Main Road, near Bappu Hotel, Gokulpur, Jabalpur, Madhya Pradesh 482011",23.1888582,79.9838337,Adhartal,0761 408 5125,,
701af6f1-99a0-4afb-a1e1-e7b6a07f89a5,Green valley spa and salon aadhartal chauk,GENERAL_CLINIC,,Sabji mandi road,"Sabji mandi road, above Gulab tower, Jawaharlal Nehru Krishi Vishwa Vidyalaya Campus, Jabalpur, Madhya Pradesh 482004",23.2145192,79.9540517,Adhartal,099819 36501,,https://jsdl.in/DT-99F1118G3EU
3c976946-8bd6-40b5-a254-208ed2be5746,Shri Shri Devine Ayurvedic,AYURVEDA_CLINIC,,Ahinsa Chowk,"5WP5+2V7, Ahinsa Chowk, Vijay Nagar, Jabalpur, Raksha, Madhya Pradesh 482002",23.1850262,79.9096871,Vijay Nagar,098276 77290,,
a661b897-f11b-46e8-b829-de7be8498b0c,Arogyam Ayurveda & Health Center,AYURVEDA_CLINIC,,Ahinsa Chowk,"5WP5+3WQ, Ahinsa Chowk, Vijay Nagar, Jabalpur, Raksha, Madhya Pradesh 482002",23.1852099,79.909871,Vijay Nagar,094794 61826,,
f191e727-e631-40bc-9cae-9857c2241e9f,Ayurvedic Panchakarma Center,AYURVEDA_CLINIC,,Ghadi Chowk,"Ghadi Chowk, Kanchan Vihar, Vijay Nagar, Raksha, Madhya Pradesh 482002",23.1914099,79.9076156,Vijay Nagar,,,
f967f479-efaa-4d31-b61c-867747145672,PEEPAL AYURVEDA PANCHKARMA CENTRE,AYURVEDA_CLINIC,,Satabdipuram Phase 1,"Satabdipuram Phase 1, Ukhri Rd, near Yashbahrat Office, Vijay Nagar, Jabalpur, New Adaresh Colony, Madhya Pradesh 482002",23.1770689,79.9133057,Vijay Nagar,092011 46171,,https://www.facebook.com/profile.php?id=61567804299751
74af71da-2326-4e07-bd58-00b0861e5301,HEALTHWAY - Medicine & Health Care,GENERAL_CLINIC,,near CBI COLONY,"HEALTHWAY, SHOP NO. 22, near CBI COLONY, Vijay Nagar, Jabalpur, Raksha, Madhya Pradesh 482002",23.192397,79.9127262,Vijay Nagar,098263 14489,,https://healthway-medicine-health-care.site123.me/
ad35e2d2-ec8c-4600-a3b0-04c3c0393d5e,Veda Ayurveda,AYURVEDA_CLINIC,,Vikas Nagar,"5WQ8+336, Vikas Nagar, Jabalpur, Raksha, Madhya Pradesh 482002",23.1876719,79.9151373,Vijay Nagar,,,
68aea7ff-1bf3-4dd2-baae-ca290974be34,Pukhraj health care,GENERAL_CLINIC,,Yashwar Nagar,"near Shiv temple, Yashwar Nagar, Kanchan Vihar, Vijay Nagar, Jabalpur, Raksha, Madhya Pradesh 482002",23.1893133,79.90179,Vijay Nagar,087567 94195,,http://www.pukhrajhealthcare.com/
edc743f8-da46-4b88-a6a1-83c3c21319dc,HomeoVeda -Homeopathic and ayurvedic clinic,AYURVEDA_CLINIC,,Kachnar City Rd,"Kachnar City Rd, beside Nachiketa College, Vijay Nagar, Jabalpur, Raksha, Madhya Pradesh 482002",23.1881637,79.9039635,Vijay Nagar,,homeovedajbp@gmail.com,https://apnabusinesscard.com/Homeoveda
d50b0a88-d781-4f9f-92d8-30402914f70c,Eva Thai Spa & Salon,GENERAL_CLINIC,,Ekta chowk vijay nagar Kashi tower 2nd floor,"Ekta chowk vijay nagar Kashi tower 2nd floor, Madhya Pradesh 482002",23.1825256,79.9092477,Vijay Nagar,094245 55378,,https://sites.google.com/view/evathaispajabalpur/home
20cb3e72-731d-4613-8f9b-9410ad478e58,Vedika Medicose,PHARMACY,,Ekta Chowk,"Shop No.1, Ekta Tower, Ekta Chowk, Vijay Nagar, Jabalpur, Madhya Pradesh 482002",23.1832949,79.9090839,Vijay Nagar,0761 404 2462,,
77de3010-3c9b-4f00-b1ab-f3560ec0d262,Vijyashree Ayurvedic Medical College & Hospital,HOSPITAL,,Ekta Chowk,"5VJR+MGR, MPSEB Sub Station, Ekta Chowk, Basha, Jabalpur, Madhya Pradesh 482002",23.1817264,79.891268,Vijay Nagar,077710 00736,vijyashreeindia@gmail.com,https://vamch.edu.in/
6598ae02-9d44-4da6-939f-cbacc041d702,Vijay nagar jabalpur,GENERAL_CLINIC,,Vijay Nagar,"5WP4+X29, Vijay Nagar, Jabalpur, Raksha, Madhya Pradesh 482002",23.1874072,79.9051119,Vijay Nagar,,,
4de57f29-1e61-4861-81ac-1e5b2f2cad96,Ayurved sharnam seva samiti,AYURVEDA_CLINIC,,Trimurti Nagar,"street no. 5, 184, damohnaka, Trimurti Nagar, Jabalpur, Madhya Pradesh 482002",23.1972929,79.922978,Vijay Nagar,083197 66892,,
96636acd-0a62-456a-a990-0aabcd6e1ec9,Badkul Ayurved Stores,AYURVEDA_CLINIC,,Bengali Colony,"Gurudwara, near Ranjhi, Ranjhi, Bengali Colony, Jabalpur, Madhya Pradesh 482005",23.2003419,80.0009276,Ranjhi,091446 19549,,
bf8dc268-bb9e-4338-a0e5-007dda5617ac,IMC Ayurveda,AYURVEDA_CLINIC,,Gandhi Vyayam Shala,"Shop 2, Ranjhi, MP SH 22, Karondi Gram, Gandhi Vyayam Shala, Jabalpur, Madhya Pradesh 482005",23.1971966,80.0007023,Ranjhi,062616 62942,,http://www.imcbusiness.com/
ce139f19-bcbf-444c-8603-4581cd6c77fd,Naturopathy Yoga center,ENT_CLINIC,,Mastana Chowk Rd,"Mastana Chowk Rd, Ranjhi, Khamaria, Jabalpur, Madhya Pradesh 482005",23.2019336,80.002238,Ranjhi,062664 78833,,
b16eb8b9-78a0-4727-8594-f894539c5da7,Dr. Ajay chaturvedi,GENERAL_CLINIC,,Bilpura,"6X5V+QR7, Ganga Maiya, New Ranjhi, Bilpura, Jabalpur, Madhya Pradesh 482005",23.2094204,79.9945543,Ranjhi,,,
4b561065-22f1-4056-b103-c87788f52eb5,Mahobia Clinic,GENERAL_CLINIC,,Sarrapeople ranjhi,"Sarrapeople ranjhi, Jabalpur, Madhya Pradesh 482005",23.2097556,80.0075054,Ranjhi,097705 07400,,
b533f940-ffdc-4fc3-9397-d435aefaee5b,Patanjali Arogya Kendra,GENERAL_CLINIC,,Mastana Chowk Rd,"Ground Floor, Mastana Chowk Rd, Purani Basti, Ranjhi, Jabalpur, Madhya Pradesh 482005",23.202848,80.0014923,Ranjhi,079992 38667,neetapal23@yahoo.com,https://patanjalistores.patanjaliayurved.org/patanjali-arogya-kendra-sai-enterprises-grocery-stores-ranjhi-mastana-chowk-jabalpur-255292/Home?utm_source=locator&utm_medium=googleplaces
1671418a-36e8-4bf8-99a0-04e2639b3cbd,Arnika Ayurved Herbal Agency,AYURVEDA_CLINIC,,Ganesh Nagar,"Kachhpura Over Bridge, Ganesh Nagar, Malgodam, Jabalpur, Madhya Pradesh 482002",23.172333,79.9002683,Ranjhi,082690 73892,,
4c69f138-a5a4-4fa4-a09b-7a7b62c87d41,Aarogyam Kansya thali foot massage therapy center,ENT_CLINIC,,MR-4 Rd,"Samdariya Residency, A/5, MR-4 Rd, Shatabdipuram Phase 2, Jabalpur, Madhya Pradesh 482002",23.1762356,79.9094016,Ranjhi,062601 06950,,
c0d23dd9-1ea5-4a59-9530-fc7a6412fdab,Patanjali Mega Store,GENERAL_CLINIC,,Ukhri Rd,"No 193, 193/1, Ukhri Rd, near Police Chouki, Rameshwaram Colony, Jabalpur, New Adaresh Colony, Madhya Pradesh 482002",23.1782712,79.9107106,Ranjhi,094251 57011,riseandshinemegastore@gmail.com,https://patanjalistores.patanjaliayurved.org/patanjali-mega-store-rise-shine-trade-links-pvt-ltd-ayurvedic-clinic-ukhri-main-road-jabalpur-299706/Home?utm_source=locator&utm_medium=googleplaces
4e4baa37-bba2-4b2c-aa80-137bca5c5a20,Dr. Girish Tripathi,GENERAL_CLINIC,,Vijay Nagar,"Vrindavan Ln, Vijay Nagar, Jabalpur, Raksha, Madhya Pradesh 482002",23.1872704,79.9084633,Ranjhi,086022 38777,,
8f690ac6-b611-4bbe-a62e-f36a85f2e3bc,Dr. Akash Verma,GENERAL_CLINIC,,Samdariya Green City,"Samdariya Green City, H.no-626A, Madhotal, Madhya Pradesh 482002",23.20489,79.9136808,Ranjhi,,,
bb2ef055-bebe-4034-9c8a-6e851bc78795,NGO आयुर्वेद शरणम् सेवा समिति,GENERAL_CLINIC,,Trimurti Nagar,"Gali No. 5, Trimurti Nagar, Jabalpur, Madhya Pradesh 482002",23.1949139,79.9226127,Ranjhi,083197 66892,,https://www.facebook.com/profile.php?id=61581518439412
8cbfb2c0-407f-4a05-83b3-df094bb145a8,Gupta Ayurvedic Pharmacy Pvt Ltd,PHARMACY,,Rishi Nagar,"Rishi Nagar, Katangi Rd, Karmeta, Jabalpur, Madhya Pradesh 482002",23.2080687,79.9013934,Ranjhi,097112 34075,,
959adc23-fcbc-4f64-9df1-529526a0325b,Patanjali Mega Store,GENERAL_CLINIC,,Main Rd Garha,"Plot No 1, Building No 139/1, Main Rd Garha, Rani Durgawati Rd, Sanjeevani Nagar, Jabalpur, Madhya Pradesh 482003",23.1654788,79.8997788,Ranjhi,087702 57624,saikripamegastore@gmail.com,https://patanjalistores.patanjaliayurved.org/patanjali-mega-store-sai-kripa-associates-ayurvedic-clinic-sanjeevni-ngr-jabalpur-255144/Home?utm_source=locator&utm_medium=googleplaces
f9f05afe-1dae-4a5c-a50d-261f5113b6c3,Alien Body Spa,GENERAL_CLINIC,,Janki Nagar,"Janki Nagar, Jabalpur, Madhya Pradesh 482002",23.1829366,79.909633,Ranjhi,095847 42197,,
5864083d-1874-4388-9fce-331ef99f5a05,MY YOGA AYURVEDA,AYURVEDA_CLINIC,,Ekta Chowk,"Ekta Chowk, Anmol Ashiyana Gate, near 17 Story Building, Vijay Nagar, Jabalpur, Madhya Pradesh 482002",23.1827818,79.9016406,Ranjhi,091096 42638,info@myyogaayurveda.com,https://www.myyogaayurveda.com/
67c6797b-0d26-41da-9f06-0ef435b6e45d,Shri Ram Health Care,GENERAL_CLINIC,,Janki Nagar,"5WJ6+W5Q, Janki Nagar, Jabalpur, Madhya Pradesh 482002",23.1823305,79.9104846,Ranjhi,099938 61770,,
2c37a49b-8632-4ac0-9b55-84e7ebc40302,Patanjali Ayurvedic Kendra,AYURVEDA_CLINIC,,near Janta Hotel,"Garha Bazaar, Garha, near Janta Hotel, Jabalpur, Madhya Pradesh 482003",23.1603452,79.8958927,Garha,086027 22212,,
66a029dd-262d-4631-ad03-b61b84844367,Shree Balaji Ayurveda Aushadhi Mandir,AYURVEDA_CLINIC,,Garha,"908, Anand Kunj Tiraha, Garha, Jabalpur, Madhya Pradesh 482003",23.161526,79.899093,Garha,098270 66285,,
2a05ec14-3c15-409d-b678-55d6717184fa,IMC Ayurvedas,AYURVEDA_CLINIC,,Anjani Chhaya Sanjeevani Nagar,"Shop 21, MP SH 22, Anjani Chhaya Sanjeevani Nagar, Mohan Vihar Colony, Garha, Jabalpur, Madhya Pradesh 482002",23.165067,79.9029966,Garha,,,
bd7dc179-d355-41d6-a310-33d57167a135,Dr Pathak's Holistic Cure,GENERAL_CLINIC,,Gulaua Chowk,"Gulaua Chowk, Madhuban Ram Mandir, BT Rd, beside Narayan Nagar, Garha, Jabalpur, Madhya Pradesh 482002",23.1630917,79.9075126,Garha,075660 64764,app.yogidrraghav@gmail.com,https://drpathaksholisticcure.com/
700cf228-cf8e-4487-8105-0b18fccf9a1c,दधीचि आयुर्वेदिक क्लिनिक एवं पंचकर्म केंद्र,GENERAL_CLINIC,,Devtaal Rd,"5V5W+HM6, Devtaal Rd, Garha, Jabalpur, Madhya Pradesh 482003",23.1589134,79.8966562,Garha,,,
a028af5d-f5bd-46cf-837d-a1b414e10df0,Shri Punarvasu Aushdhalaya,GENERAL_CLINIC,,Garha,"371, Infront of Radha Krishna Temple, Garha, Jabalpur, Madhya Pradesh 482003",23.159379,79.8935727,Garha,,,
295851a9-7160-44b0-9553-3d00d29d3132,Nourish Ayurvedic Swasthya Kendra,AYURVEDA_CLINIC,,Hanumantal Ward,"behind Lal School, Footatal, Hanumantal Ward, Jabalpur, Madhya Pradesh 482002",23.1805168,79.9363648,Garha,091793 79956,,
3986cb63-8708-43d1-8041-232dd0d34de8,"Ayurved & Panchkarm, Dr. Biswas & Dr. Diwan's Sri Sri Ayurved Clinic",AYURVEDA_CLINIC,,Hathital,"2279, NH 12A, Hathital, Jabalpur, Madhya Pradesh 482001",23.153736,79.9130069,Garha,094258 98645,,
2757de8f-c5f9-4b5a-bac0-a9c2bee18d5b,Vi ayurveda health therapy centre,AYURVEDA_CLINIC,,Chowk,"5WV7+2RQ, Deendayal Upadhyay Marg, behind Indian Coffee House, Chowk, Jabalpur, Raksha, Madhya Pradesh 482002",23.1925822,79.9146114,Garha,,,http://www.viayurveda.viinfinity.com/
f693bb1e-f434-440c-832a-dcaa2c6a2658,"Government Ayurveda Dispensary Bhunwara, Jabalpur",AYURVEDA_CLINIC,,6M5V+H7,"6M5V+H7, Dhaneta, Madhya Pradesh 483119",23.2089974,79.6931814,Tilwara,,,
e1648f2a-3426-4e50-9546-baf7681b21a8,Poornayu Ayurved Chikitsalaya evam Anusandhan Vidyapeeth,AYURVEDA_CLINIC,,Dayoday,"4V7G+VP5 Teerth, Dayoday, Tilwara, Madhya Pradesh 482008",23.1146384,79.8768607,Tilwara,095752 24466,poornayuayurved@gmail.com,https://poornayuayurved.org/
2541c319-a38b-4956-a1ec-df091315932d,Rudraksha Ayurved (P) Ltd,AYURVEDA_CLINIC,,Tilwara,"78/2, Tilwara, Jabalpur, Madhya Pradesh 482008",23.11531,79.8748079,Tilwara,099930 17284,,http://rudraksha.in/
353d5cdc-663c-4f87-9e94-c46e002dde83,The Aarya Vaidhya Shala Kerala,GENERAL_CLINIC,,Tilwara Rd,"Swasthik Villas, A-02, Tilwara Rd, opposite Gyan Ganga Engineering College, Doctors Colony, Medical College Colony, Jabalpur, Madhya Pradesh 482003",23.1506873,79.8822774,Tilwara,078794 73773,,
31b8deaa-a41c-4f30-af8d-4df8f4178622,HOSA AYURVED,AYURVEDA_CLINIC,,Jabalpur,"JDA WELDING, opposite DAINIK BHASKAR CIVIC CENTRE, Jabalpur, Sukha, Madhya Pradesh 482002",23.2103329,79.8856824,Karmeta,089891 15496,,
54eb9a90-58ce-40c3-af12-a05827270637,Ayurvedic medicine for cancer,AYURVEDA_CLINIC,,Nagpur Rd,"narmda ke pass, Nagpur Rd, Medical College Colony, Jabalpur, Madhya Pradesh 482003",23.153323,79.8867665,Karmeta,,,
256ccc85-8f02-4dd2-a0fa-e4ee5dc27882,ayurved college jabalpur,AYURVEDA_CLINIC,,Awadhpuri Colony,"Awadhpuri Colony, Gwarighat, Jabalpur, Madhya Pradesh 482008",23.1103484,79.9309189,Karmeta,,,
67f08774-ddf3-47af-aa61-8313dcbcb45b,DR. S. D. Nair Trishomal Ayurved Dawakhana,AYURVEDA_CLINIC,,Mandla - Jabalpur Rd,"4X4Q+364 Gour tiraha, Mandla - Jabalpur Rd, Saliwada, Padariya, Madhya Pradesh 482021",23.1051449,79.9880652,Karmeta,,,
fe359672-0e98-4508-b006-954304e42060,Prashant Ayurvedic Herbal Store,AYURVEDA_CLINIC,,Nav Nivesh Colony,"3101/2, Nav Nivesh Colony, Ganga Nagar, Jabalpur, Madhya Pradesh 482003",23.1594971,79.889022,Karmeta,093992 72305,,
a931577d-5a0a-4b73-abc6-54e0bc87fe14,Vaidhyarishi Ayurveda,AYURVEDA_CLINIC,,Awadhpuri Colony,"Awadhpuri Colony, Gwarighat, Jabalpur, Madhya Pradesh 482008",23.1120561,79.9315125,Karmeta,097538 73465,,
cb0a84eb-cfbf-4965-b5d6-e4f1821ebe11,Govt.Ayurvedic medical college Old Building,AYURVEDA_CLINIC,,Geet Vihar Phase II,"Ayurvedic college, Geet Vihar Phase II, Bhim Nagar, Polipather, Jabalpur, Madhya Pradesh 482008",23.1232204,79.9294458,Karmeta,,pri.ayurvedajbp@gmail.com,http://www.gac.edu.in/
ee5e210a-1ee5-4ac5-a14e-5a16ab80bb91,Aradhya Ayurvedic Store,AYURVEDA_CLINIC,,Awadhpuri Colony,"near Ayurvedic College & Hospital, Awadhpuri Colony, Gwarighat, Jabalpur, Madhya Pradesh 482008",23.1095505,79.9307278,Karmeta,089891 66195,,
c426c3f2-3b35-497e-98da-9f262935ee58,Punjabi Dusshera Ground - Govt Ayurvedic College Gwarighat,AYURVEDA_CLINIC,,Gwarighat,"4W6G+2CR, Gwarighat, Jabalpur, Madhya Pradesh 482008",23.1101125,79.9260156,Gwarighat,,,
41ab834e-2a20-4ed5-9db6-6bbdacd3333c,Panchakarma and Gynecology Department,GYNECOLOGY_CLINIC,,Unnamed Road,"4W5J+WGG, Unnamed Road, Awadhpuri Colony, Gwarighat, Jabalpur, Madhya Pradesh 482008",23.1098156,79.9313314,Gwarighat,,,
ddb920ec-1378-4f40-8b7e-2088478453bc,Patanjali Chikitsalay,GENERAL_CLINIC,,Geet Vihar,"Infront of, South Avenue Mall, No 1, Geet Vihar, Gwarighat Main Rd, Adarsh Nagar, Jabalpur, Madhya Pradesh 482008",23.1240804,79.9271953,Gwarighat,079994 34494,hansathakur55@gmail.com,https://patanjalistores.patanjaliayurved.org/patanjali-chikitsalay-narmada-ayurvedic-ayurvedic-clinic-adarsh-nagar-jabalpur-257179/Home?utm_source=locator&utm_medium=googleplaces
db59a9c8-9cc8-4a93-8b23-fd7a9ab93639,IMC Ayurveda,AYURVEDA_CLINIC,,Patan Rd,"Office 1445, Patan Rd, Police Lines, Jabalpur, Madhya Pradesh 482011",23.1835026,79.9742303,Gwarighat,,,http://www.imcbusiness.com/
600db7fb-fc43-4e11-a75f-921798f22579,Betu harbal and imc store,GENERAL_CLINIC,,काक्वा रोड near police line अमेठी उत्तर paraदेश,"5X93+5HC, काक्वा रोड near police line अमेठी उत्तर paraदेश, Jabalpur, Madhya Pradesh 482001",23.1679405,79.953905,Gwarighat,,,
29c8dd4f-eaa9-4880-8f0e-1ec6120e34b0,"Government Ayurveda Dispensary Maharajpur, Jabalpur (AYUSH) Madhya Pradesh",AYURVEDA_CLINIC,,Maitri Nagar,"92, Maitri Nagar, Maharajpur, Jabalpur, Madhya Pradesh 482004",23.2314876,79.9605763,Jabalpur Cantt,096918 56611,,
69797cab-2fdf-49ee-8dbe-013802ec1a8b,Dr.Khandare's Ayurvedic clinic,AYURVEDA_CLINIC,,Bilhari,"Ahalawat complex, Bilhari, Jabalpur, Madhya Pradesh 482020",23.1329248,79.9637982,Jabalpur Cantt,094050 59219,,
663a2620-a435-4aad-bec0-69cdbf29606b,Patanjali Mega Store,GENERAL_CLINIC,,Mandla - Jabalpur Rd,"Ground & 1st Floor, Mandla - Jabalpur Rd, Bilhari, Jabalpur, Madhya Pradesh 482020",23.130586,79.9647058,Jabalpur Cantt,0761 404 8088,laddulal1970@gmail.com,https://patanjalistores.patanjaliayurved.org/patanjali-mega-store-maa-sumintra-enterprises-ayurvedic-clinic-bilhari-jabalpur-264583/Home?utm_source=locator&utm_medium=googleplaces
dfc63272-587c-44e0-a1c3-c8421292cd2c,Dr. V P Karwal,GENERAL_CLINIC,,Shaktinagar Chowk,"Gupteshwar Mandir, Shaktinagar Chowk, Gupteshwar Rd, near Nivedita School, Gupteshwar, Jabalpur, Madhya Pradesh 482001",23.1472406,79.9166912,Jabalpur Cantt,099934 47792,,
97467d65-e887-46dd-8cfb-3a217bcbd802,Sachin Medicine Centre,ENT_CLINIC,,Heera Market,"Shop No. 2, Heera Market, Rampur Chowk, Panch Sheel Nagar, Satyanand Vihar, Adarsh Nagar, Rampur, Jabalpur, Madhya Pradesh 482001",23.1406069,79.9255703,Jabalpur Cantt,099817 17170,,
d4125c33-afb9-4379-8ffd-587e6a395851,S.P. Medical,GENERAL_CLINIC,,MPSEB Colony,"MPSEB Colony, Rampur, Jabalpur, Madhya Pradesh 482008",23.137617,79.9237249,Jabalpur Cantt,,,
3d7696fb-4ab2-40c5-a1e2-e8cf5a1f8e8c,Shri Sai Aarogya Dham,GENERAL_CLINIC,,Wings Convent School Road Near Bhatija Petrol pump Maitri Nagar,"6XJ7+QX8, Wings Convent School Road Near Bhatija Petrol pump Maitri Nagar, Maharajpur Before, Housing Board Colony, Jabalpur, Madhya Pradesh 482004",23.2319205,79.9649599,Shakti Nagar,062669 69130,,
ae9d4329-b667-49fc-8dc5-57027a29a18b,Vivek Imc Harbal Store,GENERAL_CLINIC,,Nav Nivesh Ganga Nagar Colony,"Shop No.1, Nav Nivesh Ganga Nagar Colony, Garha, Jabalpur, Madhya Pradesh 482003",23.1614235,79.8866984,Shakti Nagar,093405 93434,,https://www.facebook.com/profile.php?id=100048413323787&mibextid=ZbWKwL
acb01124-3d40-413f-9d27-5706b613d285,Sam Medicate,GENERAL_CLINIC,,Savida Market,"Savida Market, beside Agrawal Dental Clinic, Shakti Nagar, Jabalpur, Madhya Pradesh 482001",23.146907,79.914568,Shakti Nagar,,,
e821c76d-62c1-4ff9-8144-4980759729d2,Naman Lifecare Medical,GENERAL_CLINIC,,Gwarighat Main Rd,"Shop No -1, Gwarighat Main Rd, opposite Krishna Heights, Adarsh Nagar, Rampur, Jabalpur, Madhya Pradesh 482008",23.1287804,79.9296763,Shakti Nagar,092381 19780,,
693355ef-3adc-4384-b5c2-66313759b021,Atharv wellness clinic,GENERAL_CLINIC,,Bajnamath Rd,"Near, Bajnamath Rd, chawk, Shastri Nagar, Jabalpur, Madhya Pradesh 482003",23.1410246,79.8792627,Shakti Nagar,079825 56117,atharvayurvedaclinicpanchkarma@gmail.com,https://www.atharvwellness.com/
2e60a5f9-a44d-4435-8e76-d61b82ce1ccf,Badkul Dawai Dukan,GENERAL_CLINIC,,Garha Bazar Rd,"Garha Bazar Rd, Garha, Jabalpur, Madhya Pradesh 482003",23.159932,79.8948707,South Civil Lines,093996 63559,,
8d3baffe-a7b0-4969-96b6-371393582aa5,CGHS DISPENSARY NO 4,GENERAL_CLINIC,,Prestige Town,"5X64+J5M, behind Head Post Office, Prestige Town, South Civil Lines, Jabalpur, Madhya Pradesh 482001",23.1615941,79.9554152,Gol Bazar,,,
c218b329-c006-4448-8eef-851e2791495c,Kerala Store,GENERAL_CLINIC,,Police Lines,"5X93+2W4, opposite Gokuldas Dharamshala, Police Lines, Indira Market, Jabalpur, Madhya Pradesh 482001",23.167513,79.9548228,Gol Bazar,,,
5a6687a2-3a42-4a5f-b939-9cd09edea082,MORINGO ORGANICS NUTRITION CENTER,ENT_CLINIC,,Railway Station Rd,"CARAVS 15,GROUND FLOOR, Railway Station Rd, near RELIANCE FRESH, Tagore Railway Colony, South Civil Lines, Jabalpur, Madhya Pradesh 482001",23.1612251,79.9484784,Gol Bazar,093009 02736,,http://www.mymoringo.com/imsalijbp
18f4d1dc-7f17-4b9b-b250-36522d404f53,Supriya Medicose,PHARMACY,,Indira Gandhi303dening road,"736, Indira Gandhi303dening road, South Civil Lines, Jabalpur, Madhya Pradesh 482001",23.1579681,79.9558739,Gol Bazar,087706 97310,,
9c627bb8-56d2-4616-a948-374a7efb2522,Ayurveda,AYURVEDA_CLINIC,,Fuhara Rd,"Fuhara Rd, near Kamaniya Gate Bada, Ganjipura, Jabalpur, Madhya Pradesh 482002",23.1769063,79.9325397,Gol Bazar,074152 50337,,
a6f991d3-8ec9-467f-adf9-f7cff7654796,MAULANA SAHAB KA DAWAKHANA,GENERAL_CLINIC,,kotwali bazar DARUSSALAM,"5WHJ+PXV, Maulana sahab ki gali, kotwali bazar DARUSSALAM, Madhya Pradesh 482002",23.1793544,79.9324197,Gol Bazar,,,
3ebad1b1-44eb-4dd4-92d6-a04d89ce374d,Dava Bazar,GENERAL_CLINIC,,Marhatal,"5W8M+QHR, Awadhpuri, Marhatal, Jabalpur, Madhya Pradesh 482002",23.1669764,79.9338762,Sadar Bazar,,,
8dac25c1-af12-405f-a52e-c46ae2ef4bc4,Choudhary Chandrabhan Dawai Wale- Chandrabhan Ayurveda,AYURVEDA_CLINIC,,near Kamaniya Gate Road,"Shop no. 36, Bada Fuhara, Bade Mahavir Mandir Ke paas, near Kamaniya Gate Road, Niwarganj, Jabalpur, Madhya Pradesh 482002",23.1765125,79.9309399,Sadar Bazar,062675 55645,,https://www.choudharyayurveda.com/
9017474d-f282-4c02-8331-095e2547501c,Rai Medicose,PHARMACY,,Russel Chowk,"12, Russel Chowk, Market, Jabalpur, Madhya Pradesh 482001",23.1631045,79.9367254,Russel Chowk,078791 05555,,
1cc1ccb0-3f54-4746-9e4a-ec0cff6fef90,Rani Durgavati Vishwavidyalaya Jabalpur,GENERAL_CLINIC,,Saraswati Vihar,"Saraswati Vihar, Pachpedi, Jabalpur, Madhya Pradesh 482001",23.1599884,79.9774117,Rani Durgavati,,,http://www.rdunijbpin.org/
25a62506-343a-4bdd-a467-d24b0a081aba,"Psychology, Meditation & Ayurveda centre",AYURVEDA_CLINIC,,near bus stand,"3, near bus stand, Jabalpur, Madhya Pradesh 482011",23.181467,79.9864071,Rani Durgavati,,,https://sites.google.com/view/healthbliss
0d205b81-bed3-4ad8-a088-0155305162d6,Ayurveda Panchakarma Chikitsalaya & Research Center,AYURVEDA_CLINIC,,Maharajpur Rd,"6XM8+C6R, Maharajpur Rd, Maharajpur, Jabalpur, Madhya Pradesh 482004",23.2336189,79.9655176,Damohnaka,099931 63180,,
8df557fb-6f4e-483e-a9a6-3e2f7d2bfac3,Akansha Medical 2,GENERAL_CLINIC,,Nagar Nigam Market,"Bus Stand, Nagar Nigam Market, 5WPJ X87, Damoh Naka, Transport Nagar, Jabalpur, Madhya Pradesh 482002",23.1872571,79.9310311,Damohnaka,075096 86660,,
c367d3c9-ebae-474c-b111-7d20e5ba40c7,Shivani Medicose,PHARMACY,,Trimurti Nagar,"5WVF+G94, Trimurti Nagar, Damoh Naka, opp. Shiv Shakti Kirana Store, Jabalpur, Madhya Pradesh 482002",23.1937554,79.9234503,Damohnaka,091113 79595,,
fa3cd347-8caa-4d26-a18a-1ed00e6e7e7f,Kothari Medicoz,GENERAL_CLINIC,,Damoh Rd,"5WPG+FHW, Damoh Rd, Damoh Naka, Sarvodaya Nagar, Jabalpur, Madhya Pradesh 482002",23.1864402,79.9266841,Damohnaka,,,
a2ce0369-4440-457b-9c4d-342e5d1d0883,Dr. Mahendra Bundela,GENERAL_CLINIC,,Shastri Vihar,"5WWG+P23, Damoh Naka, Shastri Vihar, Trimurti Nagar, Jabalpur, Madhya Pradesh 482002",23.1967521,79.9250606,Damohnaka,098272 69552,,
68b3a584-cc7e-412a-9ff2-8dcc577d8eea,Deeksha Medical Stores,PHARMACY,,Trimurti Nagar,"near Ram Mandir, Damoh Naka, Trimurti Nagar, Jabalpur, Madhya Pradesh 482002",23.1928263,79.9237762,Damohnaka,098264 91559,,
79adea8d-751c-48c9-a232-a3170d068235,Khare doctor,GENERAL_CLINIC,,Uprainganj,"GOPAL SADAN TRUST, Uprainganj, Jabalpur, Madhya Pradesh 482002",23.1823188,79.9310303,Damohnaka,,,
636655f8-4f16-441b-90cf-dceea95886d2,Dr. Vikas Shukla,GENERAL_CLINIC,,Shiv Nagar,"Shiv Nagar, 754, Damoh Naka, Jabalpur, Madhya Pradesh 482002",23.1868592,79.9188661,Damohnaka,,,
4646605c-e0c8-4a95-9f16-85b1b928c5cc,Sourabh Medical Store,PHARMACY,,Ghamapur Chowk,"5WGW+PPG, Ghamapur Chowk, beside Nishant Nursing Home, Jabalpur, Madhya Pradesh 482001",23.1768225,79.9468245,Medical Road,095841 05308,,
5074c0e4-a31b-4afe-be69-53aa65dd14f4,Pulse Medicose,PHARMACY,,road,"252/1 Infront of Chitrakoot Eye hospital, ukhari, main, road, Jabalpur, Madhya Pradesh 482002",23.1784567,79.9120692,Medical Road,062671 00781,,
32bafc34-2027-41ce-9647-430e6b86d870,Riya Clinic,GENERAL_CLINIC,,Purana Kanchanpur Rd,"6X28+F92, Purana Kanchanpur Rd, Adhartal, Jabalpur, Madhya Pradesh 482004",23.2011381,79.9658827,Medical Road,097707 42509,,
37c4d7fb-39d7-4ec1-b91e-f24b03bd37df,Jantayu Panchgavya Research Ayurveda,AYURVEDA_CLINIC,,Richhai Industrial Area,"Sushrut Nilayam, Richhai Industrial Area, Richhai, Jabalpur, Madhya Pradesh 482010",23.2320957,79.9736869,Hanuman Tal,076127 57686,sales@jantayu.co.in,http://www.jantayu.co.in/
a586ab7e-5b71-401b-8ed4-9ddb601d29b8,Dr Shankar Rao pilse & fistula clinic,GENERAL_CLINIC,,5XH2+5Q2 Ghamapur Rd,"5XH2+5Q2 Ghamapur Rd, West, opposite Ram Krishna Ashram School, Bai Ka Bageecha, Jabalpur, Madhya Pradesh 482001",23.1780011,79.9518954,Ghamapur,098267 15270,,
fac56c2d-f24f-4963-b67b-026f9c457184,PUSHPANJALI GRAH UDYOG JABALPUR,GENERAL_CLINIC,,Ghamapur,"Bai Ka Bageecha, Ghamapur, Jabalpur, Madhya Pradesh 482001",23.1770024,79.9481568,Ghamapur,074157 56548,,
743c0df1-73e0-4314-add5-c92cf7f2ab91,pandit Basant Dwivedi mahakali sadhak,GENERAL_CLINIC,,Ghamapur Rd,"ke samane, govt.Hitkarini school, Ghamapur Rd, Bai Ka Bageecha, Ghamapur, Jabalpur, Madhya Pradesh 482001",23.1772198,79.9492553,Ghamapur,,,
86e1dd36-4573-45e7-b4e2-6dc78798badc,R N Chopra Sons,GENERAL_CLINIC,,Bel Bhag Road Ghamapur Chowk,"110,101, Bel Bhag Road Ghamapur Chowk, Madhya Pradesh 482002",23.176783,79.9460491,Ghamapur,,,
1773daa8-e6cd-4c3e-9379-9b0c61f11193,Pratap Medicos,PHARMACY,,Ghamapur,"Bai Ka Bageecha, Ghamapur, Jabalpur, Madhya Pradesh 482001",23.1774211,79.9490062,Ghamapur,093034 27310,,
d275a353-22bb-4e78-9790-bb63675ee501,AGADYATI HERBS AND FOOD PVT. LTD.,GENERAL_CLINIC,,Marhatal,"Jayanti Complex, B-18, Marhatal, Jabalpur, Madhya Pradesh 482002",23.1683898,79.9355202,Katanga,093001 12615,,http://agadyatiherb.com/
39027232-9d4b-4c95-aa82-584a7eeff120,Shirodhara & panchkarma centre,ENT_CLINIC,,Sadar,"Ganga savitri,mahaveer compound, Sadar, Jabalpur, Madhya Pradesh 482001",23.1538067,79.9505214,Sanjeevani Nagar,078040 03142,,
da475d8a-87c1-4e77-89f1-ba5c28cb3d10,Riddhi Care,GENERAL_CLINIC,,Mandla - Jabalpur Rd,"4X7F+QWR, Mandla - Jabalpur Rd, T C Colony, Tilhari, Bhatauli, Madhya Pradesh 482021",23.1144844,79.9747682,Tilhari,070893 03370,,
26b802f8-858f-44f4-b59c-f0f83296bd9f,Shivedi Traders,GENERAL_CLINIC,,Janki Nagar Rd,"P, 62, Janki Nagar Rd, Agrsen Ward, Sarvodaya Nagar, Jabalpur, Madhya Pradesh 482002",23.1832505,79.9147144,Tilhari,099819 80090,,https://www.shivaayplants.in/
40e0856a-baba-4b0c-83ad-135133205ccb,Tripuri Medicoz,GENERAL_CLINIC,,Tripuri Chowk,"Tripuri Chowk, National Highway, Garha, Jabalpur, Madhya Pradesh 482003",23.1568546,79.8902844,Tilhari,,,
03eae0b9-46b6-49d4-bc38-4ddc1021f4e8,ARHAM YOG DHAM,GENERAL_CLINIC,,Sneh Nagar Rd,"645/A, Sneh Nagar Rd, KAMLA NEHRU WARD, Sneh Nagar, Jabalpur, Madhya Pradesh 482002",23.1656702,79.9146036,Tilhari,079746 53065,,
5bdd14f8-298b-4972-bc18-4326c979fc14,Dr. Avanish Tiwari's Homoeopathic Clinic,HOMEOPATHY_CLINIC,,Labour Chowk,"Shop No. 29, Vimalsheel Heights, Labour Chowk, Nove Adaresh Colony, Yadav Colony, Jabalpur, New Adaresh Colony, Madhya Pradesh 482002",23.1676972,79.9124842,Tilhari,078792 96354,dr.avanishtiwari@gmail.com,http://jabalpurhelpline.com/dr-avanish-tiwari-homeopathic-clinic
e4143df0-9763-4a04-9ec1-eff7b7b5d6a7,Shobha medicose,PHARMACY,,Bajariya Rd,"Chhoti, Bajariya Rd, beside Durga Mandir Road, Garha, Jabalpur, Madhya Pradesh 482002",23.1608645,79.9030133,Tilhari,090390 35066,,
d83d3837-6d7e-4e0c-b337-14f11f6d207f,"Government Ayurveda Dispensary Bilhari Barela, Jabalpur (AYUSH) Madhya Pradesh",AYURVEDA_CLINIC,,43QM+283,"43QM+283, Villhari, Madhya Pradesh 483001",23.1375876,80.0834166,Barela,,,
fcb23aa2-801f-4cc3-8d0b-8287a87dea51,Janta Medical Hall,GENERAL_CLINIC,,Mandla Road,"1020, Mandla Road, Bilhari, Jabalpur, Madhya Pradesh 482020",23.1310273,79.9646239,Barela,089896 13798,,
24fc469c-0faf-4f5a-b664-70e875c3ec6b,Maa Devki Medical Stores,PHARMACY,,Ward No 67,"Ward No 67, Opposite Bilhari Petrol Pump, Mandla - Jabalpur Rd, Bilhari, Jabalpur, Madhya Pradesh 482020",23.1295485,79.9641157,Barela,081038 12721,,
17f75660-d266-4cb4-a16b-5e45f51d8592,Krista Life Sciences Pvt.Ltd,GENERAL_CLINIC,,APR COLONY,"H.NO 50, APR COLONY, Bilhari, Jabalpur, Madhya Pradesh 482020",23.1329421,79.9656231,Barela,088891 25999,,
449bc9de-9430-49dd-ba3b-d446b2789909,Dr. ABDULLA BHAI & SONS,GENERAL_CLINIC,,Andherdeo Rd,"5WFM+FFQ, Andherdeo Rd, Andherdeo, Ganjipura, Jabalpur, Madhya Pradesh 482002",23.17385,79.9342551,Barela,,,
aa9beec9-f5d2-4bdd-9cad-177a1517f77e,"Government Ayurveda Dispensary Singaud, Jabalpur (AYUSH) Madhya Pradesh",AYURVEDA_CLINIC,,8XJ6+WMQ,"8XJ6+WMQ, Singod, Madhya Pradesh 483220",23.3323037,79.9617681,Panagar,,,
051a3fe1-7c30-498d-ad5d-6c3cd0db3600,NEHA VIKASH PYASI,GENERAL_CLINIC,,Main Road,"National Highway, 7, Main Road, Panagar, Madhya Pradesh 483220",23.2876395,79.9937645,Panagar,,,
5f5db583-70cd-404f-9548-4b83f091ccbc,Ankit Medicos,PHARMACY,,Main Road,"7XPV+85P, Main Road, Panagar, Jabalpur, Madhya Pradesh 483220",23.2858298,79.9929525,Panagar,076155 62231,,
fd8aa1ac-0747-4d22-ad48-68767ae77386,Narmada PLUS Herbal and Ayurveda,AYURVEDA_CLINIC,,Patel Market,"1st floor, in corner, Patel Market, Chouraha, Bhedaghat, Madhya Pradesh 483053",23.1558955,79.8024061,Bhedaghat,,,
474869cf-f2c4-405e-98d6-812d42eac801,Sushruta Ayurved chikitsalaya,AYURVEDA_CLINIC,,Ghora Nakkas Road,"Ghora Nakkas Road, Chowk, Hanumantal, Jabalpur, Madhya Pradesh 482002",23.1826815,79.9364565,Bhedaghat,,,
b470d9f2-b5cb-4a8d-9262-422d0994c37b,True Heal's Classical Homoeo Clinic (Dr. Upasna Malviya),HOMEOPATHY_CLINIC,,Madan Mahal Railway Station Rd,"Gate No. 4, Shakti Apartment, Ground floor, Near, Madan Mahal Railway Station Rd, Wright Town, Jabalpur, Madhya Pradesh 482002",23.1642641,79.9215684,Wright Town,070676 06494,upasna.malviya2201@gmail.com,https://www.apnabusinesscard.com/Dr-Upasna-Malviya-%28Homoeopathic-Physician%29
31b7975b-db05-4ea0-bc71-f60218fc1983,"Dr. Mayur Jain (Gold Medalist) – Homeopathy, SuJok Acupressure & Acupuncture Clinic, Jabalpur",HOMEOPATHY_CLINIC,,Wright Town,".Shri Mavir Health Care Centre.Near Pram Mandir, Front Of Patanjali, Stor,Wright Town, Jabalpur, Madhya Pradesh 482002",23.163161,79.924966,Wright Town,094246 79222,,
6548c7a1-7cc4-499d-862b-9c5d0115dff2,Predictive Homeopathy,HOMEOPATHY_CLINIC,,Wright Town,"152/A, Ground Floor, Wright Town, Jabalpur, Madhya Pradesh 482002",23.1631478,79.9222538,Wright Town,098276 07188,,
28a657f5-c64c-4c46-9644-18508ed12e2a,Malhotra Homeopathic Clinic,HOMEOPATHY_CLINIC,,1166 Wright town opposite abhinandan hotel,"1166 Wright town opposite abhinandan hotel, near Nagar nigam, Jabalpur, Madhya Pradesh 482002",23.1659093,79.9310061,Wright Town,098260 21230,,
c5b7e5e7-becd-4acd-85fb-9836996f53c6,"Dr. Dharmesh Deorhiya (Predictive Homoeopathy), Homoeopathy Clinic",HOMEOPATHY_CLINIC,,Wright Town,"Gate No.4, 152/A, Ground Floor, near Arun Dairy, Wright Town, Jabalpur, Madhya Pradesh 482002",23.1630542,79.9222227,Wright Town,098261 92046,dharmeshdeorhiya@yahoo.com,http://jabalpurhelpline.com/dr-dharmesh-deorhiya-homoeopathic-clinic
b723345f-2577-4c6f-842f-1196f39eff51,Doctor Narendra Ghai - Homeopathy Treatment,HOMEOPATHY_CLINIC,,opp. jabalpur hospital,"20, Rajul Land Mark, opp. jabalpur hospital, Jabalpur, Madhya Pradesh 482001",23.1625859,79.9358659,Wright Town,094797 21139,,http://www.drghaiclinic.com/
ffea09a3-d7b0-464e-9493-409b911c0184,Mohit Homeopathic Consultant,HOMEOPATHY_CLINIC,,Bhavartal Garden Rd,"Near, Bhavartal Garden Rd, beside standard maruti, Napier Town, Jabalpur, Madhya Pradesh 482001",23.1612747,79.9346545,Wright Town,,,
292717b5-9273-4c32-a3af-89ed12ec1bcc,Homeopathic Clinic (Dr. Vikram Chawla),HOMEOPATHY_CLINIC,,Hitkarni Sabha Market,"Shop Number 05, Hitkarni Sabha Market, opposite Victoria Hospital Road, Ganjipura, Jabalpur, Madhya Pradesh 482002",23.1712983,79.9366522,Wright Town,077778 88730,,
400d2a5f-860a-481a-b49f-db3dfd4610b0,Homeopathic Clinic Dr Manish,HOMEOPATHY_CLINIC,,Rajiv Gandhi Chowk,"club complex, Rajiv Gandhi Chowk, near Jyoti cinema, Marhatal, Jabalpur, Madhya Pradesh 482001",23.1660361,79.9360191,Wright Town,,,
0e3d847f-3a43-4f30-84f5-738ad6bcfc33,Dr Supriyo Sarkar - Best homeopathic clinic in Jabalpur,HOMEOPATHY_CLINIC,,Russel Chowk,"Jain Tower, G-12, Russel Chowk, Napier Town, Jabalpur, Madhya Pradesh 482001",23.162634,79.93797,Wright Town,,,
82515a5d-35c8-4b38-992c-c03249c39ee2,Dr. Alok Patel,GENERAL_CLINIC,,Wright Town,"1510, Classic Apartment, near Chanchala Bai College, Wright Town, Jabalpur, Madhya Pradesh 482002",23.1674632,79.9258712,Wright Town,097528 20258,alok6384@gmail.com,https://jabalpurhelpline.com/dr-alok-mission-health-homoeopathic-clinic
ea8db53d-c0ab-4f79-b8c5-d5f4f387b66b,Shubh Homeopathic Clinic - Dr. Saurabh Shrivastava,HOMEOPATHY_CLINIC,,Nav Aadarsh Colony,"385, Nav Aadarsh Colony, MR-4 Rd, in front of Gajanan Society, near Daryani Classes, Yadav Colony, Jabalpur, New Adaresh Colony, Madhya Pradesh 482002",23.1711822,79.9102478,Wright Town,098277 23238,,
6ad9ac1c-5aa3-4c6c-b1ac-2f443c928f72,Ghai Homoeo Remedies,HOMEOPATHY_CLINIC,,Napier Town,"Rajul Landmark, 20, opp. jabalpur hospital, Napier Town, Jabalpur, Madhya Pradesh 482001",23.1625469,79.9359102,Wright Town,091114 17777,,
4645a60f-33a5-4b5d-a56c-7a8f870aad47,Homoeoglare Homoeopathic Clinic & Pharmacy,PHARMACY,,Jai Nagar Rd,"201, Jai Nagar Rd, Labour Chowk, Yadav Colony, Jabalpur, New Adaresh Colony, Madhya Pradesh 482002",23.1681938,79.9125385,Wright Town,099263 85155,,
af3e824d-2559-494a-a445-79227523bfe7,Dr. PRAKRITI's HOMOEOPATHIC CLINIC,HOMEOPATHY_CLINIC,,Uprainganj,"Uprainganj, Jabalpur, Madhya Pradesh 482007",23.1825008,79.9280042,Wright Town,099816 89503,,
3c558074-4c7c-41b0-88b8-1609b64023f4,we care homoeopathy clinic,HOMEOPATHY_CLINIC,,Narmada Rd,"1800, Narmada Rd, Gupteshwar, Jabalpur, Madhya Pradesh 482001",23.1497994,79.9340481,Wright Town,0761 407 9777,,
3c0c17b6-74d3-47ec-8813-3e21aea88d76,Dr Nitya Homeopathic Clinic - Best Homeopathic Clinic in Jabalpur | best Homeopathic Treatment,HOMEOPATHY_CLINIC,,kuber city,"H.22, kuber city, road madotal, near Samdariya Green City, Karmeta, Jabalpur, Madhya Pradesh 482002",23.2057049,79.9111243,Wright Town,087709 86296,davedrnitya@gmail.com,https://drnityadave.in/
ea417bf2-6c64-440b-84b0-38de41049ee3,ANS Homeo Clinic & Pharmacy,PHARMACY,,MR-4 Rd,"MR-4 Rd, Ekta Chowk, Vijay Nagar, Jabalpur, Madhya Pradesh 482002",23.1813044,79.909383,Wright Town,098268 62664,,
9aa14964-81f6-4e5c-9970-5921ff116a79,Arogya dham homoeopathy clinic,HOMEOPATHY_CLINIC,,Shatabdipuram Phase 2,"In front ofAkashvan Kendra, near RTO office, karmehta, Shatabdipuram Phase 2, Jabalpur, Madhya Pradesh 482002",23.1763073,79.9081194,Wright Town,091116 05401,,
ccf4f6ab-ecf1-458f-a7c7-e919be0aa953,Sanjeevani Homeopathic Clinic & Pharmacy,PHARMACY,,Prestige Town,"New Delite Campus, Shop No. 12, First Floor, Delite Palladium, Prestige Town, South Civil Lines, Jabalpur, Madhya Pradesh 482001",23.1628271,79.954723,Wright Town,096748 31067,,https://m.facebook.com/Sanjeevani-Homoeopathic-Clinic-Pharmacy-105129084771734/
a035b317-b98f-4a7b-befd-7036672afbdb,Dr. Anshu Mandhiani (ATHARVA Specialized Homoeopathic Clinic) The Best Homeopathic doctor in jabalpur,HOMEOPATHY_CLINIC,,Gorakhpur Rd,"Ground Floor, Jagat Mall, 10, Gorakhpur Rd, Gorakhpur, Jabalpur, Madhya Pradesh 482001",23.1525591,79.9339939,Wright Town,094247 78377,anshu.mandhiani@gmail.com,https://www.apnabusinesscard.com/Dr-Anshu-Mandhiani
8aa357e8-5ff4-4fe8-a98d-8802c6696f93,Harsh Homoeo Care,HOMEOPATHY_CLINIC,,Sneh Nagar,"602, near Dakshin Mukhi Hanuman Mandir, Sneh Nagar, Jabalpur, Madhya Pradesh 482002",23.1651905,79.9134944,Wright Town,,sonam.singour1997@gmail.com,https://www.apnabusinesscard.com/Harsh-Homoeo-Care
e9570fb6-6ee5-4b4d-9bb5-fab072b810fa,Dr E Balachandran (Madhu Homoeo Centre),HOMEOPATHY_CLINIC,,Katanga Rd,"Katanga Rd, beside Khalsa Tent House, Gorakhpur, Jabalpur, Madhya Pradesh 482001",23.1515213,79.9363885,Wright Town,099775 39498,,
4ad22823-ae89-4c89-882f-ca923b73ef1d,The Roy Homoeo Pharmacy,PHARMACY,,South Civil Lines,"Ghanta Ghar, 25, opp. Omti Police Control Room Tower, Ghantaghar, South Civil Lines, Jabalpur, Madhya Pradesh 482001",23.169272,79.9409539,Wright Town,089659 10312,,
1a6da109-45c5-43b7-894d-5de4a6517ea3,Rajshree Homeo Centre,ENT_CLINIC,,Gupteshwar Rd,"390, Gupteshwar Rd, opp. Ashok Appartments, Gupteshwer Ward, Premnagar, Madan Mahal, Jabalpur, Madhya Pradesh 482001",23.1531169,79.9183439,Wright Town,094258 64560,,
dc1bc169-8247-4df5-8cab-aa2da4d3a05c,DR NITYA DAVE | Best Homeopathic Clinic | Predictive Homeopath,HOMEOPATHY_CLINIC,,coal mines office road,"1848, coal mines office road, Gupteshwar, Jabalpur, Madhya Pradesh 482001",23.1489668,79.9164484,Wright Town,087709 86296,davedrnitya@gmail.com,https://drnityadave.in/
e26ee73d-5c37-49ec-a708-7957b3f9edf7,New Roy Homoeo Pharmacy,PHARMACY,,Aaga Chowk,"Rajul Complex, Aaga Chowk, Ranital Baldevbagh Road, Sheetalpuri, Jabalpur, Madhya Pradesh 482002",23.175162,79.9245399,Wright Town,094251 29186,,
d29c3ec7-0af4-40e5-8919-e34f15b11167,"Modern Homeopathy, Jabalpur",HOMEOPATHY_CLINIC,,main road Cherital,"Samdariya Adarsh Parijat building, main road Cherital, Madhya Pradesh 482002",23.1845135,79.9270998,Wright Town,093727 28009,contact@modernhomeopathy.com,https://www.modernhomeopathy.com/
4420a13b-08fa-4327-9546-3ad724f14263,"Mahatma Gandhi Homoeopathic Medical College, Jabalpur",HOMEOPATHY_CLINIC,,South Civil Lines,"Delite Talkies Campus, South Civil Lines, Jabalpur, Madhya Pradesh 482001",23.1624655,79.9544052,Wright Town,0761 421 8091,,http://mghmcjabalpur.org/
8ff1db90-7e3e-43a9-8cb1-f4713fc5909c,Mishra Homoeopathic Clinic and Pharmacy (Speciality in Acute & Chronic diseases with Classical Mind Method Treatment),PHARMACY,,road,"Shop No. 28,Kaushalya plaza, road, Premnagar, Madan Mahal, Jabalpur, Madhya Pradesh 482002",23.1547768,79.9134983,Wright Town,098268 46163,,
df674dc4-4fd7-46c1-a342-9e4d904dc4fd,Parey Homoeopathic Pharmacy,PHARMACY,,Main road,"Main road, near Thana, Jawahar Nagar, Adhartal, Jabalpur, Madhya Pradesh 482004",23.2031356,79.9519465,Wright Town,098261 65640,zanand29@gmail.com,http://jabalpurhelpline.com/parey-homoeopathic-pharmacy-and-diet-clinic
1bffa7cb-c71b-4ee3-8848-38f0e957d2e2,Bhagwati Homoeo Clinic - Best Homeopathic Clinic,HOMEOPATHY_CLINIC,,Russel Chowk,"Shop No.17,Rajul Landmark,Russel Chowk, in front of jabalpur hospital, Jabalpur, Madhya Pradesh 482001",23.162988,79.936655,Wright Town,094251 62712,rajdeep.sonkar@gmail.com,https://jabalpurhelpline.com/bhagwati-homoeo-clinic
c86a66c0-2795-4473-a4f4-f6a4225941f1,Mangalam Homeopathy,HOMEOPATHY_CLINIC,,Napier Town,"103, Mangalam Building, Shastri Bridge, opp. Chandrika tower, Napier Town, Jabalpur, Madhya Pradesh 482001",23.1571863,79.9291823,Wright Town,094243 12671,,https://mangalamhomeopathy.in/
963bc8c3-038e-440d-b55f-fb927373170f,Homoeopathic Clinic,HOMEOPATHY_CLINIC,,Denning Rd,"18, 56, Denning Rd, Prestige Town, South Civil Lines, Jabalpur, Madhya Pradesh 482001",23.161338,79.9580649,Wright Town,088899 05353,,
aa0a90e1-7e39-420a-b6a6-feba8d9d41d5,Homeopathic Clinic,HOMEOPATHY_CLINIC,,Foota Tal,"5WGP+VP5, Foota Tal, Jabalpur, Madhya Pradesh 482002",23.1771291,79.9368705,Wright Town,099770 57275,,
beac019a-09b0-488d-822c-56fecd085d47,Jaiswal homoeopathic clinic with pharmacy,PHARMACY,,market,"H. No. 415, market, Garha, ganj, Jabalpur, Madhya Pradesh 482003",23.1594301,79.8984538,Wright Town,098931 13914,drdharmdasjaiswal786@gmail.com,https://jabalpurhelpline.com/jaiswal-homoeopathic-clinic
28ba70cc-2162-433c-a34c-e6da6757aedf,Sethi Homoeo Pharmacy,PHARMACY,,Hitkarni Market,"Opposite Victoria Hospital, Hitkarni Market, Jabalpur, Madhya Pradesh 482002",23.171298,79.936619,Wright Town,076124 14938,,
f3ca94b6-a959-40d4-aa69-67aa44135adb,"Dr. Kavita A. Patel, BHMS, CGO",GENERAL_CLINIC,,Narsingh Ward,"411, Narsingh Ward, Opp. Canara Bank, Mahanadda, Nagpur Rd, Jabalpur, Madhya Pradesh 482001",23.1564058,79.9213572,Wright Town,,,
f59c600e-166f-48fe-8036-69480384be8a,Homeo Care Homeopathic Clinic,HOMEOPATHY_CLINIC,,Ghamapur Rd,"5WFW+7M8, Ghamapur Rd, BeoharBagh, Lalmati, Jabalpur, Madhya Pradesh 482001",23.1731711,79.9466939,Wright Town,098261 51473,,
b4ce95ad-ba9b-4b5c-989e-5b5c6f026579,Critical homeopathic clinic,HOMEOPATHY_CLINIC,,Napier Town,"Napier Town, Jabalpur, Madhya Pradesh 482001",23.16341,79.935929,Napier Town,088393 63522,,
84bbedbc-34fb-49a8-a3b6-18d0819e407d,Sahni Homoeo Pharmacy,PHARMACY,,Anand Cenema Road,"1335, Shop No. 1, Goodwill Apartment, Anand Cenema Road, Napier Town, Jabalpur, Madhya Pradesh 482001",23.161397,79.9370861,Napier Town,093027 89333,pankajsahni2049@gmail.com,http://jabalpurhelpline.com/sahni-homoeo-pharmacy
485f68ea-df76-453b-86a6-4e64474ca58c,Arogya Homeopathic Clinic : Dr Deeksha Kesharwani,HOMEOPATHY_CLINIC,,Kripal chowk,"Kripal chowk, Gupteshwar, Jabalpur, Madhya Pradesh 482001",23.1487277,79.9175747,Napier Town,,,
48f23ba4-8ed2-409f-8799-7a0aec0c944e,Dr Pathak Homoeo Pharmacy and clinic,PHARMACY,,Kripal Chowk Rd,"Kripal Chowk Rd, near dashmesh dwar, Madan Mahal, Jabalpur, Madhya Pradesh 482001",23.1496434,79.9177818,Napier Town,093994 55741,dranandpathak01@gmail.com,https://www.apnabusinesscard.com/Dr-Pathak-Homoeo-Pharmacy-and-clinic
472bd66d-59be-45b8-b4bb-31b95f3af1cb,Sukla Homeopathy Clinic And Medicine Stores,HOMEOPATHY_CLINIC,,Clock Tower Rd,"Clock Tower Rd, opposite Indian Coffee House, South Civil Lines, Jabalpur, Madhya Pradesh 482001",23.1690434,79.9416161,Napier Town,093023 78545,,
38e0f3a7-fa31-4058-a325-8fbd9df675c7,Dr. Vinay Rai Homeopathy Clinic,HOMEOPATHY_CLINIC,,Station Road,"Clock Tower, 25, Station Road, Beside Roy Homoeo Pharmacy, Ghantaghar, South Civil Lines, Jabalpur, Madhya Pradesh 482001",23.1692779,79.9410159,Napier Town,076126 25624,,
e02c7660-5c77-4431-9da0-25692c2706b0,Dr Shekh Advance Care Homoeo Clinic,HOMEOPATHY_CLINIC,,Wright Town,"in front of Arun Dairy, near Teligraph No 4, Wright Town, Jabalpur, Madhya Pradesh 482002",23.1632893,79.9223796,Napier Town,094243 56986,,https://drshekhadvancecarehomoeoclinic.com/
9d7fc5e7-e465-4a1e-accb-bc23a2dadadc,Roy homoeo pharmacy homoeopathic medicine shop and homoeopathic clinic,PHARMACY,,Narmada Rd,"Shop no. 1121/1, Narmada Rd, opp. Police petrol pump, near Bank of India, Gorakhpur, Jabalpur, Madhya Pradesh 482001",23.1480667,79.9267252,Napier Town,,,
b0c405c8-e050-4f42-9341-c6cfd589a09c,Ishivan electrohomeopathy clinic,HOMEOPATHY_CLINIC,,Suvidha market,"Suvidha market, near post office, Shakti Nagar, Jabalpur, Madhya Pradesh 482001",23.147308,79.9151178,Napier Town,,poonamajay1979@gmail.com,https://apnabusinesscard.com/Ishivan-Electro-Homeopathy-Clinic
d1a5a5e1-6838-49f7-8403-ddbf1b12dde5,Cure and Care Homoeopathic Clinic Jabalpur,HOMEOPATHY_CLINIC,,Ghamapur Chowk,"1032, Ghamapur Chowk, in front of Durga Sweets, Lalmati, Jabalpur, Madhya Pradesh 482002",23.1769845,79.9466074,Napier Town,079003 72071,,
d41ec666-5859-461c-83b6-61662cc222c1,Shivam Homeo Pharmacy,PHARMACY,,Ranital Chowk,"Ranital Chowk, Patrakar Colony, Yadav Colony, Jabalpur, Madhya Pradesh 482002",23.1709713,79.923715,Napier Town,094253 23196,,
395d627c-d1af-4d55-99b3-ad6d9ed4c539,Homoeoheal Distributor,HOMEOPATHY_CLINIC,,Singhai Market,"Shop No. 2 , Singhai Market, Chowk, Garha Rd, Yadav Colony, Jabalpur, Madhya Pradesh 482002",23.1682397,79.9149959,Napier Town,094797 60518,,https://www.homoeoheal.com/
9c734a00-f3c3-453b-92ec-3c4359fa23af,Sarvodaya Dharmarth Homeopathic Clinic (Dr. Shankar Sahu),HOMEOPATHY_CLINIC,,New Adarsh Colony,"New Adarsh Colony, MR-4 Rd, Yadav Colony, Jabalpur, New Adaresh Colony, Madhya Pradesh 482002",23.1704083,79.9101185,Napier Town,088896 09843,drshankarsahu@gmail.com,http://jabalpurhelpline.com/sarvodaya-dharmarth-homeopathic-clinic
47c38836-4e67-4ee0-a72e-31e1c0c889cf,Dr.Abhishek kehari. Homeopathic clinic,HOMEOPATHY_CLINIC,,Nehru Ward,"Nehru Ward, 82/1 D, Usha Mitra Marg, BeoharBagh, Jabalpur, Madhya Pradesh 482001",23.1731722,79.946694,Napier Town,098261 51473,,
8fe33279-abf6-4319-8382-f82f5aa15898,Dr. Madhuri Mishra's Homeopathic Wellness Clinic,HOMEOPATHY_CLINIC,,Suvidha Market,"Shop no. 6, Suvidha Market, Shakti Nagar, Jabalpur, Madhya Pradesh 482001",23.1472351,79.9150981,Napier Town,099264 33663,,
5e29fcf5-1a0b-406f-ba74-2c8780e9a02e,The ghai homeo pharmacy,PHARMACY,,naya bazar,"naya bazar, supermarket, infront of vinay book sudan, 11/1, near Malaviya Chowk, Ganjipura, Jabalpur, Madhya Pradesh 482002",23.1709161,79.9317395,Napier Town,,,
b17d19a7-a320-4d0f-b7f8-7cca7fbe83e5,Aditya Multi Specialty Homeopathic Clinic,MULTISPECIALTY_HOSPITAL,,Shakti Nagar,"New, Shakti Nagar, Jabalpur, Madhya Pradesh 482001",23.1452221,79.9098448,Madan Mahal,098263 88443,,
020f5984-e1a2-4578-85cf-2db1cd67772d,Dr. Nandi homeopathy,HOMEOPATHY_CLINIC,,Ratan Nagar,"4WW7+Q6P, Ratan Nagar, Shakti Nagar, Jabalpur, Madhya Pradesh 482001",23.146972,79.9130919,Madan Mahal,,,
f446c3fc-d761-4f2d-b458-fd9693fc2127,Sharma Homoeo Pharmacy and Clinic (Dr. Rita Sharma),PHARMACY,,Usrethe market,"Shop No. 2, Usrethe market, Maharajpur Rd, in front of gate no. 4, JKVV, Suhagi, Jabalpur, Madhya Pradesh 482004",23.2185913,79.9580481,Madan Mahal,079879 43752,rshomeo3537@gmail.com,https://www.apnabusinesscard.com/Sharma-Homoeo-Pharmacy-and-Clinic
2fdc0243-434c-4fcf-bb5d-83c2f2e027bd,Dr Pradeep Soni Divya Electro Homeo Clinic Jabalpur,HOMEOPATHY_CLINIC,,Devtaal Rd,"2 Divya Clinic, Devtaal Rd, Garha, Jabalpur, Madhya Pradesh 482001",23.1526896,79.9037727,Madan Mahal,094073 39826,,
d2322571-8fca-4b56-a22d-b29dae383c71,Matra chhaya Homoeopathy Clinic and PharmacyDr. Lokesh Khairwar,PHARMACY,,Dhanvantari Nagar,"Community Hall Square, Near, Dhanvantari Nagar, Jabalpur, Madhya Pradesh 482003",23.1604097,79.8733162,Madan Mahal,078989 45293,lokeshkhairwar96@gmail.com,https://www.apnabusinesscard.com/Matrachhaya-Homoeopathic-Clinic-and-Pharmacy
0ac8f9df-b970-435c-8aec-a0a1f0b36c34,Dr Ajay Homeopathic Clinic - Tripuri Medicos Jabalpur,PHARMACY,,Tripuri Chowk,"Tripuri Chowk, in front of Garha, Medical College Colony, Thana, Jabalpur, Madhya Pradesh 482002",23.1565101,79.8898925,Madan Mahal,084351 06565,,https://dr-ajay-homeopathic.grexa.site/
9a206d0e-8a0d-48b8-a71c-90313ed32a73,Vanshika Homeo Pharmacy,PHARMACY,,Madan Mahal Railway Station Rd,"Madan Mahal Railway Station Rd, Cheevani Phamad Nagar, Jabalpur, Madhya Pradesh 482001",23.157099,79.9191649,Madan Mahal,093006 31621,man037vyas@gmail.com,http://jabalpurhelpline.com/vanshika-homoeo-pharmacy-and-clinic
f0771c48-b0fd-44eb-9833-8e79a52b1ed0,"Dr Gunja Gupta(BHMS, CCH, MA Psychology)",PSYCHIATRY_CLINIC,,near Kachnar City Road,"R35, in front of 90 Quarters, near Kachnar City Road, Vijay Nagar, Jabalpur, Raksha, Madhya Pradesh 482002",23.189386,79.9036067,Madan Mahal,098276 09189,,
1ba1ccbc-2878-46e5-b990-4c5bd8ee179f,MAA NARMADA HOMOEO PHARMACY,PHARMACY,,FRONT OF KHANDELWAL MARKETING (FURNITURE,"FRONT OF KHANDELWAL MARKETING (FURNITURE, Jabalpur raddi chowki, Saif Nagar, Anand Nagar, Adhartal, Jabalpur, Madhya Pradesh 482002",23.1952544,79.9420232,Madan Mahal,070476 40238,,
78e32bc8-00d9-4eb6-b9ae-eae75ad1844b,Citizen Homeo Pharmacy,PHARMACY,,Sarvodaya Nagar,"5WP8+PMR, Sarvodaya Nagar, Jabalpur, Madhya Pradesh 482002",23.1868629,79.9166351,Madan Mahal,0761 405 4954,,
e0d054c0-d1b7-4a67-90a4-8b41fd04d267,Dr.Seema Sharma.... sharda homoeo clinic,HOMEOPATHY_CLINIC,,Gandhi nagar,"Gandhi nagar, Kanchanpur, Jabalpur, Madhya Pradesh 482004",23.1997152,79.9716821,Madan Mahal,,,
0e5e1109-36ee-405e-bc26-94bf81ac72b4,Maa Tara Homoeopathy Pharmacy & Clinic,PHARMACY,,Krishi Upaj Mandi Market,"N-3, Krishi Upaj Mandi Market, Shivnagar Face, near Vatshala Apartment, Vijay Nagar, Jabalpur, Madhya Pradesh 482002",23.1885709,79.9196817,Madan Mahal,089074 03406,maatarahomoeopathy@gmail.com,http://jabalpurhelpline.com/maa-tara-homoeopathy
8d8f25b6-f75a-4e3d-9688-1257477f688c,श्री होम्योपैथीक सदन,GENERAL_CLINIC,,Gorakhpur Rd,"Gorakhpur Rd, Gorakhpur, Jabalpur, Madhya Pradesh 482001",23.1527581,79.9329716,Gorakhpur,,,
6cb02f83-a693-46aa-a2eb-877028719c57,Shubham Homeopathic Pharmacy and Clinic,PHARMACY,,Ravindra Nagar Rd,"5WXW+VR3, Ravindra Nagar Rd, Jai Prakash Nagar, Adhartal, Jabalpur, Madhya Pradesh 482004",23.1996396,79.9470445,Adhartal,098263 59454,,
f285fef7-859d-4259-bc2f-a8d19a56ed45,Dr Pavan kumar Pandey (M. D) Homoeopathy Pandey homoeopathic clinic,HOMEOPATHY_CLINIC,,Pandey homoeopathic clinic Adhartal main road symbiosis school and kajal bhaaya hospital ke,"Pandey homoeopathic clinic Adhartal main road symbiosis school and kajal bhaaya hospital ke, samne wali gali, Jabalpur, Madhya Pradesh 482004",23.199087,79.947433,Adhartal,094245 87682,,
cbfe9bfc-59f6-41d8-a47e-3b6cc1e6b162,Suryavamshi Homeo Pharmacy,PHARMACY,,Anand Nagar,"Anand Nagar, Adhartal, Jabalpur, Madhya Pradesh 482004",23.1965625,79.9433125,Adhartal,094258 64116,,
107720a8-94f5-4560-bd17-82c9f39298e5,Homeopathy Clinic,HOMEOPATHY_CLINIC,,Alok Nagar,"6W2R+3VG, Alok Nagar, Tapti Nagar, Adhartal, Jabalpur, Madhya Pradesh 482004",23.2001975,79.9421887,Adhartal,,,
8efe820f-8eec-4b9b-b54b-7995acde70c5,Dr. Pramod Kumar,GENERAL_CLINIC,,Jabalpur,"apna sweets ke samne, sai helth club, kanchghar chungi chouki, KanchGhar, Jabalpur, Vehicle Fac. Jabalpur, Madhya Pradesh 482001",23.1797519,79.9631712,Adhartal,,,
2d9552c2-23df-4ced-a9f2-5c80ec25565a,Rishi Homeopathic Clinic,HOMEOPATHY_CLINIC,,chungi chowki,"chungi chowki, KanchGhar, Jabalpur, Madhya Pradesh 482001",23.1800984,79.9631402,Adhartal,,,
5d14b80d-eee7-4a06-a483-8d8582c57d31,Homeopathic Dava Khana,HOMEOPATHY_CLINIC,,Mansarovar Colony,"Vehicle Fac, Mansarovar Colony, Adhartal, Gokalpur, Jabalpur, Madhya Pradesh 482004",23.2010994,79.9508197,Adhartal,086001 55039,,
9776fcef-443f-468f-ac87-1dab2f620ddf,Sai Homeopathic Clinic,HOMEOPATHY_CLINIC,,Sanskar Colony,"6W4R+67C, Sanskar Colony, New Ram Nagar, Pushpak Nagar, Adhartal, Jabalpur, Madhya Pradesh 482004",23.2055692,79.9406304,Adhartal,097539 79133,,
a7bec6f6-2515-4c6d-b3f5-44d9b95890cc,Dr Manoj Kumar...Ma kripa Homeopathic clinic,HOMEOPATHY_CLINIC,,Krishna Colony,"Krishna Colony, Suhagi, Jabalpur, Madhya Pradesh 482004",23.2233642,79.954498,Adhartal,083190 56412,,
559ad805-f671-47eb-ac5e-b63a21fb0372,Shri Aurobindo Clinic Homeopathy,HOMEOPATHY_CLINIC,,Datt Enclave,"Datt Enclave , 943 , Datt Enclave, Jabapur, Madhya Pradesh 482001",23.162007,79.95844,Adhartal,076124 50854,,
3f9757ff-b08d-4150-87d0-68621d911ad9,ROOPA HOMOEO PATHIC MEDICAL STORE,PHARMACY,,Sheetla Mai Ward,"Shop No 01, Sheetla Mai Ward, Ghamapur Rd, Krishna Colony, Jabalpur, Madhya Pradesh 482001",23.1780841,79.9526368,Adhartal,078694 75968,,
cfbfd053-5a40-4549-a8db-66dd6e3bee40,Homeopathic Dwakhana,HOMEOPATHY_CLINIC,,Sidam Baba Road,"5XP6+46V, Lalmati, Sidam Baba Road, Jabalpur, Madhya Pradesh 482002",23.1853604,79.9605402,Adhartal,092001 31170,,
94de6f10-90f9-442a-b24b-c7056b14e6f1,Dr. Prachi Pandey Homeopathic Consultant,HOMEOPATHY_CLINIC,,New Colony Market,"Shop No. 1, New Colony Market, GCF Estate, Durga Nagar, Jabalpur, Madhya Pradesh 482009",23.1962386,79.949835,Adhartal,094253 86722,,
4fe29b15-3da1-403a-a540-0de5b738683c,Nema Homoeopathic Clinic. Dr. Pankaj Nema. Best homoeopathic clinic,HOMEOPATHY_CLINIC,,Vijay Nagar Rd,"SBI chouk, Vijay Nagar Rd, near Hanuman temple, behind Krishi Upaj mandi, Vijay Nagar, Jabalpur, Raksha, Madhya Pradesh 482002",23.187139,79.9160929,Adhartal,075664 52940,nemapankaj2@gmail.com,https://apnabusinesscard.com/Nema-Homeopathic-Clinic
77dab30f-88a9-4086-b9fe-c013f56697f7,New Devansh Homeo Pharmacy,PHARMACY,,Central Ordinance Depot Area,"beside Central Bank ATM, Central Ordinance Depot Area, Gokalpur, Jabalpur, Madhya Pradesh 482011",23.1886351,79.9834395,Adhartal,083193 40493,,
4b62e268-9b23-4503-89b6-8609bdf2b309,Dhanya Homoeo Pharmacy,PHARMACY,,Amkhera Rd,"Basti No.1, Amkhera Rd, Ahmad Nagar, Gohalpur, Jabalpur, Madhya Pradesh 482002",23.1950705,79.9353879,Adhartal,091094 06367,,
88806cfb-49eb-45a8-a6a7-3b4a6f547902,Purnima Homoeo Pharmacy,PHARMACY,,Alok Nagar,"6W2V+J3H, Guru Ramdas Marg, Alok Nagar, Jai Prakash Nagar, Adhartal, Jabalpur, Madhya Pradesh 482004",23.2015676,79.9427357,Adhartal,082510 26565,,
5d99e9b8-1ec0-490e-a186-5d3c7890d75f,Homeopathic clinic,HOMEOPATHY_CLINIC,,shivdham colony vehical mod,"H. No. 56, shivdham colony vehical mod, Maitri Nagar, Maharajpur, Suhagi, Madhya Pradesh 482004",23.2219574,79.9514686,Adhartal,,,
53c9fcb2-0b8c-4646-90e0-875fe3692c44,Aastha Homeopathy Clinic,HOMEOPATHY_CLINIC,,Near Kamania Gate,"6X95+H7H, Aastha Homoeopathic Clinic ,Near Kamania Gate, Suhagi, Madhya Pradesh 482004",23.2189284,79.9582369,Adhartal,,,
475e376f-d28e-4726-84ce-948cfe14df49,Homeopathic Clinic,HOMEOPATHY_CLINIC,,12,"Gopal hotel, 12, Jabalpur, Madhya Pradesh 482002",23.1843625,79.959998,Adhartal,092001 31170,,
25dbbdf9-3b90-4bcb-94f2-8fd2a542a00c,Swastik Homoeoepathic health care,HOMEOPATHY_CLINIC,,Vijay Nagar Rd,"Vijay Nagar Rd, near HP PETROL PUMP, Janki Nagar, Jabalpur, Madhya Pradesh 482002",23.1807183,79.9103827,Vijay Nagar,082510 91408,,
a75a5a66-6798-4064-828d-315e73156832,Dr. Pallavi Mourya Homoeopathic Clinic,HOMEOPATHY_CLINIC,,Janki Nagar,"Near Vasu Dairy, Janki Nagar, Ahinsa Chowk, Vijay Nagar, Jabalpur, Madhya Pradesh 482002",23.1836229,79.9125418,Vijay Nagar,,pallavi7592@gmail.com,https://www.apnabusinesscard.com/Dr-Pallavi-Mourya-Homoeopathic-Clinic
f23e0023-a6ce-4ec0-b5e2-8781f8ebc777,Dr. Mahendra Sahu (Homoeopathic Physician),HOMEOPATHY_CLINIC,,Shop No.27 JDA Market,"Shop No.27 JDA Market, S B I Bank Square, Vijay Nagar, Jabalpur, Madhya Pradesh 482002",23.1885227,79.9127718,Vijay Nagar,094065 58787,sahumk15299r@gmail.com,http://jabalpurhelpline.com/gurukripa-homoeo-clinic-dr-mahendra-sahu
b617d2f6-2ce8-49a3-a5a9-afdac6f104d2,Vishnu Prabha Homoeo Pharmacy,PHARMACY,,Krishi Upaj Mandi Market SBI Chowk,"Shop No. S 149-150, Krishi Upaj Mandi Market SBI Chowk, Vijay Nagar, Jabalpur, Madhya Pradesh 482002",23.1879541,79.9145332,Vijay Nagar,093026 92177,vphomoeo@in.com,https://jabalpurhelpline.com/vishnu-prabha-homoeo-pharmacy
979702c5-ce4d-4273-91ac-748160e370f8,"Narmada Health Care Centre, front of shiv pujan samgri,Ahinsa chowk , Vijay Nagar",ENT_CLINIC,,Ahinsa Chowk,"Tibude complex, Ahinsa Chowk, Vijay Nagar, Jabalpur, Raksha, Madhya Pradesh 482002",23.1839424,79.9102568,Vijay Nagar,070000 84097,,
88c70946-1ccb-43db-ae5c-78e4e43e3931,"Dr. Dilip Kumar Gupta (Thyroid, Skin, Guptrog & Piles Specialist)",DERMATOLOGY_CLINIC,,Deendayal Chowk,"3612, Deendayal Chowk, Damoh Naka Road, Vijay Nagar, Jabalpur, Madhya Pradesh 482002",23.1928002,79.9160968,Vijay Nagar,098263 85063,drdilipgupta1@gmail.com,http://jabalpurhelpline.com/yeshu-deendayal-homoeo-specialist-clinic
9b62fc5e-b73a-41df-8256-a16457bf4802,Ishita Homeopathic Clinic,HOMEOPATHY_CLINIC,,Ekta Chowk,"Ekta Chowk, MR-4 Rd, Vijay Nagar, Jabalpur, Raksha, Madhya Pradesh 482002",23.1844525,79.9112126,Vijay Nagar,095897 23550,pramilatiwarimishra@gmail.com,https://jabalpurhelpline.com/ishita-homeopathic-clinic-dr-pramila-mishra
323728f4-2a3f-466f-844a-5b4987a9e462,Mishra Homeopathic Clinic,HOMEOPATHY_CLINIC,,Trimurti Nagar,"Near Gali No. 5, Damoh Naka, Trimurti Nagar, Jabalpur, Madhya Pradesh 482002",23.1950607,79.9230272,Vijay Nagar,074158 26066,,
1751265d-ae10-48ee-8c1a-ab60e0995579,"Samriddhi Homoeo Pharmacy, Dr Saurabh Shrivastava",IMAGING_CENTER,,Shanti nagar,"opp. Bharat rolling shatar, nr. Kali mandir, Shanti nagar, Shanti Nagar, Jabalpur, Madhya Pradesh 482002",23.1880853,79.9324078,Vijay Nagar,093001 79227,samaridhhi23@gmail.com,http://jabalpurhelpline.com/samriddhi-homoeo-pharmacy
15955afb-68cd-4aff-a88b-2dd6340be9dc,Dr. Ankur Rajak,GENERAL_CLINIC,,Suji Mohalla,"Kali Mandir, Damoh Naka, Suji Mohalla, Ambedkar Colony, Jabalpur, Madhya Pradesh 482002",23.1880013,79.9323366,Vijay Nagar,075661 31170,,
eebdb9ee-2b0b-4f3a-879b-a5c8b8a83f09,Adarsh homeo clinic,HOMEOPATHY_CLINIC,,Bengali Colony,"6223+8M3, Ranjhi, Bengali Colony, Jabalpur, Madhya Pradesh 482005",23.2007516,80.0041622,Ranjhi,,,
78d57498-cb4f-4a51-a1d6-984ef03e5e1c,AYUSH HOMEO CLINIC,AYURVEDA_CLINIC,,Ranjhi - Bada Patthar Rd,"Shop No, 01, Ranjhi - Bada Patthar Rd, Ranjhi, New Ranjhi, Jabalpur, Madhya Pradesh 482005",23.2090615,80.0010364,Ranjhi,078986 91383,,
c26818c6-02f5-4168-947d-38c69a18689b,Homeopathy clinic Babbar,HOMEOPATHY_CLINIC,,Unnamed Road,"121, Unnamed Road, Ranjhi, Bengali Colony, Jabalpur, Madhya Pradesh 482005",23.2023154,80.0033248,Ranjhi,,,
c5cfea7b-fbca-499d-adaf-ef8dedb57bf3,SHUKLA HOMEO PHARMACY,PHARMACY,,Shop No 690914 Main Road Ranjhi,"Shop No 690914 Main Road Ranjhi, Ranjhi, Jabalpur, Madhya Pradesh 482005",23.1973761,80.0025154,Ranjhi,094246 59158,,
628ef940-838e-4493-8c62-a2be3745cc3d,Lodhi Homeopathic,HOMEOPATHY_CLINIC,,Bajrang Nagar,"6X5R+9PW, Bajrang Nagar, Ranjhi Road, Jabalpur, Madhya Pradesh 482009",23.2084954,79.9918429,Ranjhi,094254 64804,,
54fb88af-991e-473a-9661-cd35a3256cdc,s d homoeo pharmacy,PHARMACY,,2428 azad nagar,"2428 azad nagar, beside Allahabad Bank, Ranjhi, Jabalpur, Madhya Pradesh 482005",23.2012309,80.0012831,Ranjhi,,,
5f9e7892-f8f7-4a79-bfb3-f0e247130008,Parul Homoeo Pharmacy,PHARMACY,,Ranjhi Mohaniya Rd,"121, Ranjhi Mohaniya Rd, Ranjhi, Bengali Colony, Jabalpur, Madhya Pradesh 482005",23.2024981,80.0033221,Ranjhi,098261 21414,,
7b250bfb-b532-479e-97c8-c82493fd31c6,Mission Of Homeopathic Clinic,HOMEOPATHY_CLINIC,,Ranjhi,"6252+7R7, Bada Patthar, Ranjhi, Jabalpur, Madhya Pradesh 482005",23.2081617,80.0020622,Ranjhi,084589 86675,,
ffaf826c-9b5e-40c8-b853-2e41440cb8a6,Arnica Homoeopathic clinic,HOMEOPATHY_CLINIC,,Ranjhi - Bada Patthar Rd,"6252 FQ6, Ranjhi - Bada Patthar Rd, Bada Patthar Area, Manegaon, Jabalpur, Madhya Pradesh 482005",23.208786,80.0019599,Ranjhi,070242 75943,,
da4f4b21-8fb1-4a08-a379-c487f9b96703,Maya Homoeopathic Clinic,HOMEOPATHY_CLINIC,,Sanjeevani Nagar,"Sanjeevani Nagar, Main Road, opp. Patanjali Mega Store, in front of Royal Palace, Garha, Jabalpur, Madhya Pradesh 482003",23.1652834,79.8994509,Garha,,ankurrajak1137@gmail.com,https://jabalpurhelpline.com/maya-homoeopathic-clinic
e6a3cae1-7662-4564-9816-14b45dc3e80d,AASTHA HOMOEOPATHIC PHARMACY,PHARMACY,,Anjani Chhaya Sanjeevani Nagar,"5W73+R9H, Anjani Chhaya Sanjeevani Nagar, Mohan Vihar Colony, Garha, Jabalpur, Madhya Pradesh 482002",23.1645586,79.903486,Garha,099263 31551,vinayparoha9680@gmail.com,https://jabalpurhelpline.com/astha-homoeopathic-pharmacy-and-clinic
ad9e8fb4-3032-4bf3-80de-b2bc3ac371a3,Dr. Praveen Choubey (Arogyam Homoeopathic Clinic),HOMEOPATHY_CLINIC,,BT Rd,"Arogyam Clinic, BT Rd, near Petrol Pump, Tiraha, Garha, Jabalpur, Madhya Pradesh 482003",23.1606236,79.906198,Garha,083034 35988,choubey.praveen.13@gmail.com,https://jabalpurhelpline.com/arogyam-homoeopathic-clinic-dr-praveen-choubey
f37947ab-af3e-452f-a6ee-9388bf58145c,Holistic HealthCare,GENERAL_CLINIC,,Shahi Naka Rd,"Shop no.3, Shahi Naka Rd, near Amba Tent House, Subhash Nagar, Garha, Jabalpur, Madhya Pradesh 482001",23.1619943,79.8944161,Garha,,,
8484ac1d-911d-4f93-be93-5d8878824a19,Health Care Homeo Clinic,HOMEOPATHY_CLINIC,,Gulaua Chowk,"5W75+F24, Gulaua Chowk, Garha, Jabalpur, Madhya Pradesh 482002",23.1636495,79.9075857,Garha,081096 03385,,
d64e3790-db39-422c-ab12-52f3ec0c6211,Dr Sahil's R.K homeopathic clinic,HOMEOPATHY_CLINIC,,Nav Nivesh Colony,"5V5Q+Q6C, Nav Nivesh Colony, Ganga Nagar, Garha, Jabalpur, Madhya Pradesh 482003",23.1594346,79.887939,Garha,,,
2a9a1b1e-3e2e-456b-9fde-0d1755ec6ecc,Dr. Pankaj Dixit (Shri Harigeeta Homoeo Clinic),HOMEOPATHY_CLINIC,,Gulaua Chowk,"Opp. Anand Sindhu Ashram, Gulaua Chowk, BT Rd, Garha, Jabalpur, Madhya Pradesh 482002",23.1626521,79.9077038,Garha,091095 31713,drpankajkumardixit19@gmail.com,http://jabalpurhelpline.com/shree-harigeeta-homoeopathic-clinic
dd769cae-0078-4f78-ac3f-150f82c5fc29,Krishna homeopathy clinic dr B.D yadav,HOMEOPATHY_CLINIC,,Vikas Nagar,"Krishna homeo clinic, Vatsala Paradise, near SBI vhowk, Vikas Nagar, Jabalpur, Madhya Pradesh 482002",23.186132,79.9180932,Garha,,,
8580d545-cf1f-42b2-8dfd-0920854d85c5,Ujesha Remedy Stores,GENERAL_CLINIC,,MR-4 Rd,"MR-4 Rd, near deendayal chowk, Vikas Nagar, Jabalpur, Raksha, Madhya Pradesh 482002",23.1911115,79.9143146,Garha,098273 65488,,
97ef0117-8632-4298-b4e6-412d7674537d,Dawakhana,GENERAL_CLINIC,,Vijay Nagar Rd,"25, Vijay Nagar Rd, Kanchan Vihar, Market, Jabalpur, Raksha, Madhya Pradesh 482002",23.1913258,79.9075338,Garha,095842 25633,,
31d5a603-a786-44be-85bc-cdebd516cbb3,Reeta's Homoeopathic clinic,HOMEOPATHY_CLINIC,,near labour chowk,"278/A, near labour chowk, Labour Chowk, Nove Adaresh Colony, Sneh Nagar, Jabalpur, New Adaresh Colony, Madhya Pradesh 482002",23.167699,79.9124314,Garha,,,
92e79370-348e-40a7-8678-fe82214ddc1b,Homeopathy clinic,HOMEOPATHY_CLINIC,,Shanti Nagar,"470, Shanti Nagar, Transport Nagar, Jabalpur, Madhya Pradesh 482002",23.190306,79.9288909,Garha,,,
1e131161-0af3-4b02-a5cc-8b0262eb2a02,Arogyam Clinic,GENERAL_CLINIC,,BT Rd,"5W64+6FW, BT Rd, beside Dental Clinic, Tiraha, Garha, Jabalpur, Madhya Pradesh 482002",23.1606169,79.9062124,Garha,079879 23829,,
5bf652f7-2617-4508-b9db-9739c0d0396a,Lord Krishna Homoeo Pharmacy and Clinic,PHARMACY,,Kucheni Market,"Kucheni Market, Damoh Naka, Transport Nagar, Jabalpur, Madhya Pradesh 482002",23.185986,79.9284494,Garha,098937 96135,nageshwar43@gmail.com,http://jabalpurhelpline.com/lord-krishna-homoeo-pharmacy
f2315ce6-094a-4655-972a-a21ae2f16454,Dheriya Homeo Clinic & Research Centre,ENT_CLINIC,,Ukhri Rd,"5WHC+FJP, Ukhri Rd, Baldev Bagh, Sheetalpuri, Jabalpur, Madhya Pradesh 482002",23.1787096,79.9215655,Garha,086027 86889,,
16b80cd5-67ad-4c82-9fd2-7de588c529c9,संजीवनी होम्योपैथिक क्लीनिक,GENERAL_CLINIC,,Yadav Colony,"5WC6+5JR, Yadav Colony, Jabalpur, New Adaresh Colony, Madhya Pradesh 482002",23.1704783,79.9115145,Garha,,,
7dfcef88-498b-4295-afbc-020877e6f882,HOMOEOHEAL PHARMACY,PHARMACY,,Kamla Nehru Nagar,"Shop No. 2, beside Canara benk, Kamla Nehru Nagar, Nove Adaresh Colony, Yadav Colony, Jabalpur, New Adaresh Colony, Madhya Pradesh 482002",23.1680246,79.9148722,Tilwara,0761 406 0518,,http://www.homoeoheal.com/
767ff750-1c7b-46c6-8327-8e751bfb1e74,Upendra Kumar Clinic,GENERAL_CLINIC,,Yadav Colony,"Gajanan Society, MR4, Yadav Colony, Jabalpur, New Adaresh Colony, Madhya Pradesh 482002",23.1707568,79.9103175,Tilwara,096851 94284,,
81660b00-9960-4bb6-afe6-551776032588,Aushad,GENERAL_CLINIC,,67 Agrawal Colony Jain Mandir Ke Paas,"67 Agrawal Colony Jain Mandir Ke Paas, Yadav Colony, Jabalpur, Madhya Pradesh 482002",23.1667308,79.9165027,Tilwara,093026 73106,,
b9dd0ab5-2da9-4471-b157-ec277b483748,Homeo Homes,HOMEOPATHY_CLINIC,,Nakshtra Nagar Rd,"304, Nakshtra Nagar Rd, Karmeta, Nandni Ronsara, Jabalpur, Madhya Pradesh 482002",23.2180008,79.8960852,Karmeta,094795 04477,,https://homeohomes.com/
ae21bdd8-6e0f-402b-92b8-dfa99b6379dc,Anushree Homoeopathic Medical College,HOMEOPATHY_CLINIC,,Kasoudhan Nagar,"6W39+WQ, Kasoudhan Nagar, Karmeta, Jabalpur, Madhya Pradesh 482002",23.2023552,79.9180172,Karmeta,,anushreehomoeocollege10@gmail.com,http://anushreecollege.com/
bfe564c1-0f10-4d8c-91fa-0171043114d9,Arogyam Clinic,GENERAL_CLINIC,,Karmet Main Market,"Karmet Main Market, Shankar Nagar, Karmeta, Jabalpur, Madhya Pradesh 482002",23.203734,79.90022,Karmeta,093406 21751,,
d07b3bee-ea10-49b9-badc-8bf6ea08f336,Sai Shraddha Homeopathic Clinic,HOMEOPATHY_CLINIC,,9876,"09876, Jabalpur, Madhya Pradesh 482001",23.1620072,79.9584398,Karmeta,088890 17889,,
338a48b5-7ec8-46be-8a9a-c8e2ea476a71,Adelmar Pharma - Hanemann Homeopathy,HOMEOPATHY_CLINIC,,Ghamapur,"Shop No 4532 Kanchgar East, Ghamapur, Jabalpur, Madhya Pradesh 482001",23.179638,79.9597178,Civil Lines,076126 27014,,
cd61ed93-3b2f-4703-8ecd-ea4ee809bd62,Sarathe Homeopathic Clicnic & Pharmacy,PHARMACY,,Gwarighat,"Gwarighat, Jabalpur, Madhya Pradesh 482008",23.1112439,79.923391,Gwarighat,081202 89536,,
d11e3381-f640-45e9-8636-18fbb4483188,Ayush Homeopathic Health Care Centre,AYURVEDA_CLINIC,,Gwarighat Rd,"143, Gwarighat Rd, Awadhpuri Colony, Polipather, Jabalpur, Madhya Pradesh 482008",23.11397,79.9250649,Gwarighat,076126 63663,drpriyaajane@gmail.com,http://jabalpurhelpline.com/ayush-homeopathic-health-care-centre
791c5dea-ebb0-4cc0-bacd-8a8a6d142ad0,Om Homoeopathic Clinic,HOMEOPATHY_CLINIC,,Gwarighat Main Rd,"4WHJ+22F Baadshah Halwai Mandir, 1855, Gwarighat Main Rd, beside Rajneesh Studio, Bhim Nagar, Polipather, Jabalpur, Madhya Pradesh 482008",23.1275876,79.9300916,Gwarighat,,omprakashchourrausia@gmail.com,https://www.apnabusinesscard.com/Om-Homoeopathic-Clinic2
47296193-7c82-4f75-b4db-b53f224da6ff,ramakant chanchodiya,GENERAL_CLINIC,,Aastha Nagar,"4W7F+R7M, Aastha Nagar, Awadhpuri Colony, Gwarighat, Jabalpur, Madhya Pradesh 482008",23.114833,79.9228308,Gwarighat,,,
83a3d469-e6af-466d-bce9-bbdb3397aec1,Homoeopathic clinic & medicine Dr pankaj verma MD BHMS,HOMEOPATHY_CLINIC,,Gwarighat Main Rd,"Gwarighat Main Rd, near Baadshah Halwai Mandir, Bhim Nagar, Polipather, Jabalpur, Madhya Pradesh 482008",23.1266436,79.9299856,Gwarighat,,,https://medicalmastery.in/
e44266cb-1714-4b93-b893-5e49ea9922af,All well pharmacy store allopathic and homeopathic medicine,PHARMACY,,Bhim Nagar,"Bhim Nagar, Gwarighat, Jabalpur, Madhya Pradesh 482008",23.1183224,79.9250574,Gwarighat,,,
d1f6f12a-59a4-41a5-8093-7ada69ca8c2b,CHAKRAVARTI Pathology,PATHOLOGY_LAB,,66 Gwarighat Main Market,"66 Gwarighat Main Market, Madhya Pradesh 482008",23.1234693,79.9304345,Gwarighat,087208 41702,,
7e9fde36-9cac-459a-a821-f816b9f2f3e4,Se Ramakant homeopath,HOMEOPATHY_CLINIC,,Narmada - Gwarighat Rd,"4, Narmada - Gwarighat Rd, Aastha Nagar, Satyanand Vihar, Awadhpuri Colony, Gwarighat, Jabalpur, Madhya Pradesh 482008",23.1154649,79.9229747,Gwarighat,,,
a10b6967-70ff-4643-b76a-50d6810c7919,Gyan Sorawer Beauty salon and Electro Homeopathic Clinic,HOMEOPATHY_CLINIC,,Gwarighat,"Bhura Bhagat chok, Ret Naka, Gwarighat, Jabalpur, Madhya Pradesh 482008",23.114598,79.9207533,Gwarighat,,,
8f80f803-de98-4590-b12a-e0a2f8587cc6,Pandey Homeo Clinic,HOMEOPATHY_CLINIC,,near Tata Motors,"Dr Pandey Homeopathic Clinic, near Tata Motors, Jabalpur, Madhya Pradesh 482008",23.1180747,79.9253288,Gwarighat,,,
05ac397a-dc9a-44a5-a6a6-1f604ade98eb,Revival Electro Homeopathy & Acupuncture Center,HOMEOPATHY_CLINIC,,Gwarighat Main Rd,"Gwarighat Main Rd, near Baadshah Halwai Mandir, Bhim Nagar, Polipather, Jabalpur, Madhya Pradesh 482008",23.1275876,79.9300916,Gwarighat,,ashadhurve01@gmail.com,https://apnabusinesscard.com/Revival
45c88373-74bd-40ed-8cc1-c96718a3adc6,"Government Homeopathy Dispensary Sadar Cantt, Jabalpur",HOMEOPATHY_CLINIC,,Sadar,"Platform No.1, Delite Talkies, Railway Station, Sadar, Jabalpur, Madhya Pradesh 482001",23.1515897,79.9444847,Jabalpur Cantt,,,
1483197a-48a4-44c8-bfb8-1d5be6b2554e,Ayush Homeopathy,AYURVEDA_CLINIC,,MPEB Road,"4WV7+9QV, MPEB Road, Shakti Nagar, Jabalpur, Madhya Pradesh 482001",23.1434896,79.9144227,Shakti Nagar,094067 61133,,
e88c71c9-f00e-4d3f-b296-fbaed79f0134,Dr Pooja Rai Homeopathy Clinic,HOMEOPATHY_CLINIC,,Katanga,"Rai Homeopathy Clinic, Alok Tower, Laxmi Parisar, near Mudliar Gym, Katanga, Jabalpur, Madhya Pradesh 482001",23.1475546,79.9316355,Shakti Nagar,093004 73760,,
d2f3c5d0-4642-46d8-8b67-6ab7caff211f,Dr Solanki,GENERAL_CLINIC,,near jain dharm shala,"Sadar Street No 3, near jain dharm shala, Jabalpur, Madhya Pradesh 482001",23.1533322,79.9463,Shakti Nagar,099263 57897,,
87f83a3d-76a8-4ee4-bd24-1e8fc2405d00,Solanki Homeo Pharmacy,PHARMACY,,23 Gorabazar,"23 Gorabazar, Main Rd, Jabalpur, Madhya Pradesh 482001",23.1463486,79.9589469,Shakti Nagar,099263 57897,,
ab4dec88-d5b9-45f2-ac41-55bf9105ae66,DrAmar Homoeo care,HOMEOPATHY_CLINIC,,High Court Society Rd,"4WG7+QQ9, High Court Society Rd, Satyanand Vihar, Rewa Colony, Rampur, Jabalpur, Madhya Pradesh 482008",23.1269202,79.9144805,South Civil Lines,,,
fe4a3865-cadc-4903-a861-45ddb93c29e9,Dr. Jaspreet Singh,GENERAL_CLINIC,,Gupteshwar Rd,"5W39+588, Gupteshwar Rd, Gupteshwer Ward, Premnagar, Madan Mahal, Jabalpur, Madhya Pradesh 482001",23.152904,79.918334,Gol Bazar,093015 12233,,
cb26c441-5103-4a3d-8457-f5cc12b13237,Ayush Homoeopathic Dispensary,AYURVEDA_CLINIC,,Sadar,"5W2W+WJ7, Sadar, Jabalpur, Madhya Pradesh 482001",23.1519606,79.9465546,Sadar Bazar,,,
2869732f-5bdf-49e7-b6cf-b184460f1c27,Jatin Medicos,PHARMACY,,Sadar Bazar,"5W3W+H6Q, Sadar Bazar, Sadar, Jabalpur, Madhya Pradesh 482001",23.1539739,79.945607,Sadar Bazar,093001 29774,,
0ed59ff7-785b-49aa-a872-75d42cf3d8fc,Homoeo Medicine,HOMEOPATHY_CLINIC,,100/4amar Complex Ranital Amar Complex Ranital,"100/4amar Complex Ranital Amar Complex Ranital, Madhya Pradesh 482002",23.1708083,79.9244917,Cherital,094253 23196,,
48cd86f6-4718-4e03-b467-62904c0c8fb2,DEEP HOMOEOPATHIC PHARMA,HOMEOPATHY_CLINIC,,Ukhri Rd,"Ukhri Rd, in front of UKHRI POLICE CHOWKI, Sarvodaya Nagar, Jabalpur, Madhya Pradesh 482002",23.1794876,79.9192374,Cherital,075661 05371,,
97beb95e-89de-474e-9c51-b78ce0d6052b,Dr. G. D. Dubey Homeopathy Clinic,HOMEOPATHY_CLINIC,,Gohalpur,"5WMQ+3M2, Gohalpur, Jabalpur, Madhya Pradesh 482002",23.1826322,79.9391292,Miloniganj,,,
4f663c79-7785-4ffd-8674-a7d9eb184ccf,Maa homoeopathy clinic uprainganj jabalpur,HOMEOPATHY_CLINIC,,Sarvodaya Nagar,"State Highway, 37A, Sarvodaya Nagar, Jabalpur, Madhya Pradesh 482002",23.1811414,79.9262593,Miloniganj,098263 65130,,
85010032-1782-4c85-9d3f-0e6968eebfcb,Harsahay homeopathic clinic,HOMEOPATHY_CLINIC,,Belbaag Rd,"5WGV+63H, Belbaag Rd, Ghamapur, Jabalpur, Madhya Pradesh 482002",23.1755617,79.9427371,Miloniganj,,,
66dfdda4-783d-4013-9c86-e78c64af1346,साई होम्योपैथिक क्लिनिक,GENERAL_CLINIC,,Ghamapur,"5WGW+MHF, Bai Ka Bageecha, Ghamapur, Jabalpur, Madhya Pradesh 482002",23.176681,79.9464225,Miloniganj,,,
89b37534-f34e-499c-9437-165512b3729d,Roopa Homeo Clinic,HOMEOPATHY_CLINIC,,Dwarka Nagar,"5XM7+3PP, Dwarka Nagar, Lalmati, Jabalpur, Madhya Pradesh 482001",23.1827236,79.9643213,Miloniganj,097133 60564,,
150e83ae-fc57-49f3-8355-9b0348acbad2,Solanki homeopathy clinic & medicine shop,HOMEOPATHY_CLINIC,,Near masjid Gora Bazar,"Near masjid Gora Bazar, Jabalpur, Madhya Pradesh 482011, Jabalpur, Madhya Pradesh 482001",23.1462196,79.9587253,Miloniganj,,,
b5f540ac-b44c-4c81-8b4a-415f7f688492,Samriddhi homeopathic,IMAGING_CENTER,,Suji Mohalla,"5WQJ+6XC, Suji Mohalla, Gohalpur, Jabalpur, Madhya Pradesh 482002",23.1880691,79.9323862,Miloniganj,,,
d289c3e5-4993-405d-8c57-26461ffec94c,Loksewa homeopathy clinic,HOMEOPATHY_CLINIC,,Saraswati Colony,"near Dr. Maurya Clinic, Saraswati Colony, Sarvodaya Nagar, Jabalpur, Madhya Pradesh 482002",23.1848353,79.9233781,Rani Durgavati,062643 41688,,
ee6b3051-47fe-495d-a393-c8cbd83ffad8,Narmada Homeo Clinic And Pharmacy,PHARMACY,,ukhari road,"ukhari road, Baldeo bag, near ukhari police chowki, Jabalpur, Madhya Pradesh 482002",23.1791034,79.9198539,Rani Durgavati,090749 20519,,
7536bf87-1ddc-468e-9eb5-200da8f3ce5e,Dr. Chaubey's HOMOEOPATHIC CLINIC,HOMEOPATHY_CLINIC,,ambedkar chowk,"Shop no. 74, Manas bhawan complex, ambedkar chowk, Madiya Pangarha, Damoh, Madhya Pradesh 470661",23.8330079,79.4420739,Damohnaka,095755 50971,,
505f6227-561b-4e1d-bc96-cd5315952a44,Dr. Unnati's Homeocare Clinic And Pharmacy,PHARMACY,,Station Chouraha,"Shop No: 8, Jain Bhavan, Station Chouraha, Damoh, Madhya Pradesh 470661",23.8342746,79.4363437,Damohnaka,062669 46306,,
4cec9dc7-bf20-4d0d-8f3b-c9bb377fd945,S F Homeopathy,HOMEOPATHY_CLINIC,,Road,"Road, in front of Govt. Distt. Hospital, Ghanta Ghar, Madiya Pangarha, Damoh, Madhya Pradesh 470661",23.8341898,79.4410338,Damohnaka,095840 31962,,
cc18a63f-0603-4d0d-adab-514bbbb4bdcc,Dr Lokesh Shrivastava,GENERAL_CLINIC,,Vinod Gontia Rd,"4VRG+4R9, Vinod Gontia Rd, New Shastri Nagar, Shastri Nagar, Jabalpur, Madhya Pradesh 482003",23.1402838,79.8771232,Shastri Nagar,,,
e6d37f02-93f8-4315-a984-8fe2cf0492f1,Girdonia's Homoeopathy jbp,HOMEOPATHY_CLINIC,,New Shastri Nagar,"Vinod gontiya street, New Shastri Nagar, Shastri Nagar, Jabalpur, Madhya Pradesh 482003",23.1406007,79.8738963,Shastri Nagar,,,
296f685b-b85c-4bc2-be1e-d619cf6da7ae,Dr. Shiva Singh Pandit,GENERAL_CLINIC,,Napier Town,"Dixit pride, Shop No 11 taiyaab Ali petrol pump ke paas, Napier Town, Jabalpur, Madhya Pradesh 482001",23.1660206,79.9389549,Gangasagar,,,
4f59e752-eb44-46fb-8f69-d6e4cf7181c7,Ashwani Homoeopathic Clinics & Pharmacy,PHARMACY,,Sanjeevani Nagar,"5W73+XQ4, Kachhpura Over Bridge, Sanjeevani Nagar, Jabalpur, Madhya Pradesh 482002",23.1648794,79.9044593,Sanjeevani Nagar,091745 65833,,
c9078d2b-8bbe-4b5d-a3d2-d79fdc841011,Yuvraj Homeo Pharmacy,PHARMACY,,Mandla - Jabalpur Rd,"4XH8+G62, Mandla - Jabalpur Rd, Bilhari, Jabalpur, Madhya Pradesh 482020",23.1287505,79.9655054,Tilhari,093001 27422,,
4964976b-0e8a-470b-b825-aef3103c618d,Hope Faith Youth,GENERAL_CLINIC,,Jabalpur Incubation Center 3rd Floor. M.P. Audyogik Kendra Vikas Nigam (J Ltd,"Jabalpur Incubation Center 3rd Floor. M.P. Audyogik Kendra Vikas Nigam (J Ltd, Howbagh Railway Station Rd, MCI Colony, Gorakhpur, Jabalpur, Madhya Pradesh 482001",23.1462697,79.9311628,Tilhari,079093 36722,,
6bae987a-76fb-4466-a2ca-b7e848099a44,Sunny Homeo Clinic,HOMEOPATHY_CLINIC,,Narmada Rd,"4WMH+9G7, Narmada Rd, near S. Square Complex, Adarsh Nagar, Rampur, Jabalpur, Madhya Pradesh 482001",23.133402,79.928797,Tilhari,089894 99146,,
874f932f-0275-4583-a1ab-585aa0067170,Ghai Homoeo Remedies pvt ltd,HOMEOPATHY_CLINIC,,Niwas Road,"Khasra no. 143, near, Niwas Road, Bamhani, Barela, Madhya Pradesh 483001",23.0888928,80.1326533,Barela,1800 121 000 011,info@ghaihomoeoremedies.com,https://www.ghaihomoeoremedies.com/
5b1d0563-8c35-4489-a36a-f8158e6bee26,Shrut Homeopathic Clinic,HOMEOPATHY_CLINIC,,Main Road,"7XPV+46M, Main Road, Panagar, Madhya Pradesh 483220",23.2853417,79.9930481,Panagar,076155 62231,,
e9f02a6b-2490-4bcc-adf2-d600626637ca,Homoeopathic Clinic,HOMEOPATHY_CLINIC,,MR-4 Rd,"GAJANAN SOCIETY, Infront of, MR-4 Rd, near daryani classes, Yadav Colony, Jabalpur, New Adaresh Colony, Madhya Pradesh 482002",23.1712341,79.9101714,Panagar,098277 23238,,
1ce4eae4-ec26-4e32-b98c-f71583336540,Yash homeo pharma,HOMEOPATHY_CLINIC,,Panagar,"7XRW+9FX, Panagar, Madhya Pradesh 483220",23.2909781,79.9962341,Panagar,,,
f5596547-0958-4621-ae62-fbb750beeb7d,Dr. Anurag Sahu,GENERAL_CLINIC,,Ukhri Rd,"Global Hospital and Urology Research center, Ukhri Rd, Chowk, Jabalpur, New Adaresh Colony, Madhya Pradesh 482002",23.178154,79.912,Wright Town,091797 37919,dranurag07sahu@gmail.com,https://jabalpurhelpline.com/dr-anurag-sahu-urologist
dd9430d7-4ae4-47e1-a273-aa5b31518b7a,Dr. Ankit Fusakele,GENERAL_CLINIC,,MLB Rd,"FUSAKELE STONE & LASER CENTRE, MLB Rd, near ADITYA HOSPITAL, Napier Town, Jabalpur, Madhya Pradesh 482001",23.1608487,79.9288378,Wright Town,0761 492 2907,drankitfusakele@gmail.com,https://www.apnabusinesscard.com/Fusakele-Stone-and-Laser-Centre
fd3a2a69-2208-4fd0-8446-66c4781d293d,"Dr Rajesh Patel (Best Urologist, Urosurgeon)",NEPHROLOGY_CLINIC,,MR-4 Rd,"Plot no, 109, MR-4 Rd, Shatabdipuram Phase 2, Jabalpur, New Adaresh Colony, Madhya Pradesh 482002",23.1754362,79.9122823,Wright Town,077229 64010,drrajeshpatel08@rediffmail.com,https://www.apnabusinesscard.com/Dr-Rajesh-K-Patel
3a290d07-d9a7-46eb-a1cb-e6c081714130,Golchha Hospital & Urology Research Centre,HOSPITAL,,Napier Town,"56, Napier Town, opp. Bhanwartal Park, Marhatal, Jabalpur, Madhya Pradesh 482002",23.1636399,79.9334118,Wright Town,098261 15687,,
86b8bfca-15a9-47ed-969a-7fbd86329120,Dr. Ishan Merchant,GENERAL_CLINIC,,Ahinsa Chowk,"Shalby Hospital, Ahinsa Chowk, Vijay Nagar, Jabalpur, Raksha, Madhya Pradesh 482002",23.1848507,79.910028,Wright Town,098922 20002,dr.ishanmerchant@gmail.com,https://www.apnabusinesscard.com/Dr-Ishan-Yatin-Merchant
b9fd5f0f-3ea4-41a6-98b1-c85463fa1b7f,DR.GP CHOUBEY,GENERAL_CLINIC,,Wright Town,"Wright Town, Jabalpur, Madhya Pradesh 482002",23.1686252,79.9243167,Wright Town,,,
2cc346f5-1de0-4f32-914a-cf6b31d75e10,Dr.Amit Gour,GENERAL_CLINIC,,near Raddi Chowki,"Sanjeevan hospital & Research centre, near Raddi Chowki, Ram Nagar, Ganji Nagar, Adhartal, Jabalpur, Madhya Pradesh 482002",23.1942661,79.940316,Wright Town,099939 66662,helpjabalpur@gmail.com,https://jabalpurhelpline.com/dr-amit-gour-urologist-urosurgeon
b8e21688-2cb2-4e26-aeec-4dd232ff1011,Subh Laabh Hospital,HOSPITAL,,Station Rd,"Madan Mahal, Station Rd, Wright Town, Jabalpur, Madhya Pradesh 482002",23.1661639,79.9246819,Wright Town,098270 68168,,
d6e56137-3b3a-4f54-84f9-436a666944e1,Dr Ishan Merchant & Dr Uditi Merchant Clinic,GENERAL_CLINIC,,hotel Gaumata chowk,"Shop no 27, hotel Gaumata chowk, Pandit Ravishankar Shukla Stadium, opposite Bunstalk, near Hotel Satya Ashoka Road, Wright Town, Jabalpur, Madhya Pradesh 482002",23.1646012,79.9271405,Wright Town,098922 20002,,
37d3f9b5-141a-4582-98bc-b65431a757bf,Dr Dubey,GENERAL_CLINIC,,Anwar Ganj,"5WJQ+MX5, Anwar Ganj, Jabalpur, Madhya Pradesh 482002",23.1816354,79.9399859,Wright Town,,,
12f909e4-07eb-412b-8562-2de51f0d371c,Medi Onco Hospital : Dr.Vipransh Bhagat,HOSPITAL,,Ahinsa Chowk,"1, Ahinsa Chowk, Vijay Nagar, Jabalpur, Raksha, Madhya Pradesh 482002",23.1850717,79.909614,Wright Town,098262 60292,,
1fd6bd7b-c38b-460a-aac3-d25c7a1fc2a7,Central India Kidney Hospital (Dr. Ashwani Pathak),HOSPITAL,,Wright Town,"Chanchala Bai College, Behind, Wright Town, Jabalpur, Madhya Pradesh 482002",23.165995,79.9246089,Napier Town,0761 407 8520,cikhosp@gmail.com,http://jabalpurhelpline.com/dr-ashwani-pathak-nephrologist
5818495f-bcf6-4f8c-b52e-6e9316145633,Dr. Khare Ultra Sound Scan Centre,ENT_CLINIC,,Sastri Bridge Square,"5W5H+VVW, Sastri Bridge Square, Jabalpur, Madhya Pradesh 482001",23.1597425,79.9296981,Napier Town,076124 00619,,
ef85120a-cb91-4dad-8eeb-c29f15f09014,Dr Rajesh Patel new clinic,GENERAL_CLINIC,,Ukhri Rd,"12, Ukhri Rd, Sangam Colony, Jabalpur, New Adaresh Colony, Madhya Pradesh 482002",23.1783062,79.9126947,Napier Town,,,
af423bf4-5d23-44bc-aef1-74cd811d1bb8,Dr. Vijay Solanki,GENERAL_CLINIC,,Jhamandas Chowk,"Jhamandas Chowk, Lalmati, Jabalpur, Madhya Pradesh 482001",23.1833087,79.960786,Madan Mahal,076126 21739,,
d30a5d3e-8f70-471b-80e1-c34e2575d9bf,Dr. Abhinav Jaiswal,GENERAL_CLINIC,,Civil Lines,"Rm no.3, Life Care Hospital, 9, Civil Lines, in front of allahabad bank, near Cantt Road, Judges Colony, chauraha, Gorakhpur, Uttar Pradesh 273001",,,Gorakhpur,099351 15511,care@drabhinavjaiswal.com,https://www.drabhinavjaiswal.com/
d4d5a161-893e-4de2-9b4e-7069de6ad086,Satya Sai Hospital,HOSPITAL,,Nav Nivesh Colony,"5V5Q+4H7, Nav Nivesh Colony, Gada Purva, Jabalpur, Madhya Pradesh 482003",23.1577797,79.8889356,Karmeta,093010 46307,,
91d8d0e3-813c-41cb-9494-9ce69bc0d42b,Dr. Mandeep Shukla,GENERAL_CLINIC,,Uprainganj,"5WJG+CHW, Uprainganj, Jabalpur, Madhya Pradesh 482002",23.1811094,79.9264491,Civil Lines,,,
58314fa3-afa1-4a40-8a93-76bd7eda9875,Dr Anurag Dubey Urologist (Medical College jabalpur,NEPHROLOGY_CLINIC,,Dhanvantari Nagar,"Durga Mata Mandir, Dhanvantari Nagar, Jabalpur, Madhya Pradesh 482003",23.1584291,79.8738146,Shakti Nagar,,anuragnscb@gmail.com,https://jabalpurhelpline.com/dr-anurag-dubey-urologist
4ae89c77-8efa-49d2-b831-0231ed9fc4a6,Prateek Clinic,GENERAL_CLINIC,,Garha,"Goutam Ji Ki Madhiya, Prateek Clinic, Garha, Jabalpur, Madhya Pradesh 482002",23.1640764,79.9050293,Russel Chowk,094251 59764,,
82d2fcbf-8373-4cd4-9dd0-a0bef36ad637,Dr Anshul Sharma,GENERAL_CLINIC,,Bhavartal Garden Rd,"Shop no.3, Platinum plaza, Bhavartal Garden Rd, in front of sudarshan motors, Napier Town, Jabalpur, Madhya Pradesh 482001",23.1603865,79.9324382,Wright Town,078698 00294,,
04501ab3-6967-46e5-a389-5a2167c6f761,"Dr. Kailash Mishra – Prime Gastro Liver Clinic (Top Gastroenterologist), Gastro Doctor Jabalpur",GASTROENTEROLOGY_CLINIC,,Home Science College Rd,"2nd floor In between Best care Hospital & Ashish Hospital, Home Science College Rd, Jabalpur, Madhya Pradesh 482002",23.1604665,79.9243131,Wright Town,093031 17897,,https://primegastroliverjabalpur.com/
e0c14569-a5ed-4e76-bd42-cf0b528bcfa7,Dr. Pankaj Asati (Gastro Clinic),GASTROENTEROLOGY_CLINIC,,Home Science College Rd,"Punjabi Hindu Association Lane, Home Science College Rd, beside Royal Gym, Napier Town, Jabalpur, Madhya Pradesh 482002",23.1603129,79.9248554,Wright Town,094542 35574,drpankajasati88@gmail.com,http://jabalpurhelpline.com/pankaj-gastro-super-speciality-clinic
00a78401-a16b-4bd7-9bcf-0c2a99a7f78f,Dr V. K. Taneja clinic (gastroenterologist),GASTROENTEROLOGY_CLINIC,,Wright Town,"GATE NO.4, SHAKTI APARTMENT 2467, opposite PILLAR NO 65, Wright Town, Jabalpur, Madhya Pradesh 482002",23.1643805,79.9214687,Wright Town,,,
d98ed9e9-a87f-4d1a-8588-21556e51dbba,Gastro Clinic,GASTROENTEROLOGY_CLINIC,,Wright Town,"Digambar Tower, Wright Town, Jabalpur, Madhya Pradesh 482002",23.1675636,79.9260708,Wright Town,,,
342a4ba8-8d73-466e-9bf1-e8421fafee2c,Avantika gastro liver care,GASTROENTEROLOGY_CLINIC,,Vijay Nagar,"Vijay Nagar, Shatabdipuram Phase 1, Jabalpur, New Adaresh Colony, Madhya Pradesh 482002",23.1752598,79.9137049,Wright Town,080852 57585,,
62b89483-4e49-4b0b-af34-62735d46a722,Dr.Yash Shrivastava,GENERAL_CLINIC,,Life Medicity Hospital,"Life Medicity Hospital, Aaga Chowk, Sheetalpuri, Jabalpur, Madhya Pradesh 482002",23.1762773,79.9247396,Wright Town,,dryashshrivastava@gmail.com,http://jabalpurhelpline.com/dr-yash-shrivastava
585f75fd-7280-49e1-845f-9a21ce010644,"Dr. Arun Iyer - Gastroenterologist, Apollo JBP Hospitals, Jabalpur",HOSPITAL,,Patan Rd,"Global Square, Patan Rd, Karmeta, Jabalpur, Madhya Pradesh 482002",23.1998536,79.8840362,Napier Town,,,https://apollojbphospitals.com/doctor/gastroenterologist-in-jabalpur/
c5f81bee-2554-422f-8434-3a80f280a44e,Dr. Ravikant Mahant (General and Laparoscopic Surgeon),SURGICAL_CENTER,,Prem mandir chowk,"Niramaya Health care, 297, Prem mandir chowk, in front of Delhi MRI centre, Wright Town, Jabalpur, Madhya Pradesh 482002",23.1638713,79.92487,Napier Town,,nravikant.21@gmail.com,https://jabalpurhelpline.com/dr-ravikant-mahant
25292fb8-b23d-4306-a85b-774313a06e97,Dr Shoolpani Mishra - Best Gastroenterologist in Gorakhpur,GASTROENTEROLOGY_CLINIC,,Rana Hospital Rd,"Rana Hospital Rd, Chargawa,, Gorakhpur, Uttar Pradesh 273013",,,Gorakhpur,075659 64488,info@ranahospitalgorakhpur.com,http://ranahospitalgorakhpur.com/
ea48fc2a-d38b-4840-b615-ff442d4b5189,"Dr Rishabh Gupta (DM Gastro), Annapurna Hospital",HOSPITAL,,Civil Lines,"Civil Lines, opposite Indian Bank, near Cantt Road, Judges Colony, Bilandpur, Gorakhpur, Uttar Pradesh 273001",,,Gorakhpur,076070 45467,annapurnahospitalgkp@gmail.com,https://drrishabhgupta.co.in/
53f00585-ce53-47af-90cb-233a21a38cd4,Dr Anuj Sarkari Gastro Liver Hospital Gorakhpur,HOSPITAL,,Padleygunj Road,"Padleygunj Road, Bansgaon Colony, Kalepur, Gorakhpur, Uttar Pradesh 273001",,,Gorakhpur,,,
2dcad4a6-32dc-47c1-b033-1bc38848bc20,Metro Hospital And Cancer Research Centre Jabalpur,HOSPITAL,,Transport Nagar,"kuchaini parisar, behind Kshetriya Bus Stand, Damoh Naka, Transport Nagar, Jabalpur, Madhya Pradesh 482002",23.187288,79.9285304,Gorakhpur,095753 00110,,http://www.metrohospitaljbp.org/contacts.php
628d98d0-d340-41e5-952a-55ca9806e787,Dr Avinash Singh DM Gastro,GASTROENTEROLOGY_CLINIC,,Kasya Road,"Awadh Complex, 33, Kasya Road, Betiahata, Gorakhpur, Uttar Pradesh 273001",,,Gorakhpur,091400 07958,,
1fe06cc9-bf9a-497f-a45f-db0f1483d9f1,"Dr. Vivek Mishra MD, DM (Gastroenterologist)",GASTROENTEROLOGY_CLINIC,,City Hospital Gorakhpur,"City Hospital Gorakhpur, Medical College Road, Moglaha, Gorakhpur, Uttar Pradesh 273013",,,Gorakhpur,070079 99105,info@vivekmishra.com,https://drvivekmishra.com/
fe81b753-5a5b-4f28-b4b9-b1a856977ddb,Dr Vikram Singh Chauhan (Endocrinologist),GENERAL_CLINIC,,Rampur Chowk,"Dr Chauhan, Rampur Chowk, Panch Sheel Nagar, Satyanand Vihar, Adarsh Nagar, Rampur, Jabalpur, Madhya Pradesh 482008",23.1404427,79.9257994,Ranjhi,083499 64389,vikramsinghchauhan@gmail.com,https://www.apnabusinesscard.com/Dr-Vikram-Singh-Chauhan
17395730-f2bb-4c80-949f-48961692dfc3,Dr. V. V. Vaidya,GENERAL_CLINIC,,Nove Adaresh Colony,"5W98+H7V, 1st St, Nove Adaresh Colony, Daya Nagar, Yadav Colony, Jabalpur, New Adaresh Colony, Madhya Pradesh 482002",23.1689881,79.9156564,Ranjhi,,,
af69a3dc-7cbe-4272-81a5-05d290571017,Dr Arjun Saxena,GENERAL_CLINIC,,MP Housing Board Colony,"HIG 39, MP Housing Board Colony, Doctors Colony, Dhanvantari Nagar, Jabalpur, Madhya Pradesh 482003",23.15556,79.873665,Tilwara,,,
a7cd91cf-efd5-402b-a3f4-c4daaa468a83,Jabalpur Endoscopy & Day Care Surgery Centre,ENT_CLINIC,,AAGA CHOWK,"AAGA CHOWK, Ranital Link Road, Sheetalpuri, Jabalpur, Madhya Pradesh 482002",23.1756715,79.9248695,Russel Chowk,,,
5376f791-fa7a-42dc-9cd7-a232e00e7dbd,Kumar Hospital,HOSPITAL,,Wright Town,"5W9J+J9R, Wright Town, Jabalpur, Madhya Pradesh 482002",23.1691,79.9308803,Ghamapur,0761 401 6951,,https://kumarhospital.co.in/contact-us.php
da2a3479-e4aa-49d4-9ee8-569c99f0ebca,K.M.C. Medical,GENERAL_CLINIC,,chowk,"chowk, in front of the faith pathology, Ghamapur, Jabalpur, Madhya Pradesh 482002",23.176894,79.9460543,Ghamapur,077480 79886,,
f0d91957-20c9-4486-a9e0-b78482786a86,Pulmonologist Dr.Brahma Prakash - Best Chest Specialist clinic in Jabalpur.,GENERAL_CLINIC,,Gole Bazar,"Gole Bazar, Wright Town, Jabalpur, Madhya Pradesh 482002",23.1704626,79.9284469,Wright Town,078980 31401,,https://spo2fithai.com/
9bca0a9c-7fc7-469c-9fdf-92cb16b3f91b,Dr Parijat Pansey | Pulmonary | Anant Multispeciality Hospital,MULTISPECIALTY_HOSPITAL,,WARD,"ANANT NURSING HOMES PVT LTD, 299-B, SUBHDRA KUMARI, WARD, Wright Town, Jabalpur, Madhya Pradesh 482002",23.1655304,79.9221867,Wright Town,,,https://ananthospital.org/
b1052ea8-a24e-438b-9ee1-4a4efa365609,Dr. Vikas Patel,GENERAL_CLINIC,,Home Science College Rd,"Home Science College Rd, opposite HP Petrol Pump, Napier Town, Jabalpur, Madhya Pradesh 482002",23.1594729,79.9238494,Wright Town,070457 11521,,
e4fa16c8-1b5d-4d6d-bfe1-412b96ea8dde,"Dr Akhilesh Patel ,Chest physician",GENERAL_CLINIC,,Vijay Chowk,"Golden Heart Hospital, Vijay Chowk, near Gaw mata, near Keshav Villa, kuti, Wright Town, Jabalpur, Madhya Pradesh 482004",23.16671,79.925635,Wright Town,076973 46162,dr.akhileshpatel12@gmail.com,https://jabalpurhelpline.com/dr-akhilesh-patel-chest-specialist
a4ddc6fa-4ee8-434d-bc73-917fd231ae64,Dr. Harshit Shrivastava - Sule Hospital,HOSPITAL,,Rampur Chowk,"Near, Rampur Chowk, Panch Sheel Nagar, Satyanand Vihar, Adarsh Nagar, Rampur, Jabalpur, Madhya Pradesh 482008",23.1401995,79.9249949,Wright Town,088392 46296,,
fc4b4de3-7e71-43df-9286-34aa6a53add8,Dr Rohit Pathania Interventional Pulmonologist,ENT_CLINIC,,ahinsa chowk,"Plot b , scheme no.5 , ahinsa chowk, road, Kanchan Vihar, Vijay Nagar, Jabalpur, Madhya Pradesh 482002",23.1856024,79.9091896,Wright Town,083299 42603,drrohit.pulmo12@gmail.com,https://jabalpurhelpline.com/dr-rohit-pathania-interventional-pulmonologist
01d581c7-1b09-4358-a3e2-33395c954d06,Dr t r dhingra,GENERAL_CLINIC,,Vijay Nagar,"5WV8+4C3, Vijay Nagar, Jabalpur, Madhya Pradesh 482002",23.1927689,79.9160445,Wright Town,,,
99b6a51a-400d-4346-830f-e068fcfbd8ce,Dr Tilak Raj Dhingra,GENERAL_CLINIC,,Ramashram Vihar,"176,Ramashram Vihar, Raigawa-Kachnari Post Sukha, Ward 72, behind Green valley public school, Jabalpur, Madhya Pradesh 482002",23.193327,79.8870774,Wright Town,,,
712bde3c-14a9-40db-9947-2cb5c095247e,"Dr. Spandan Biswas- Chest, Allergy, Asthma, TB Specialist Jabalpur",GENERAL_CLINIC,,opposite Anand Nagar,"post office, opposite Anand Nagar, near Hira sweets, Bhumi Vikash Bank Colony, Adhartal, Jabalpur, Madhya Pradesh 482004",23.1967117,79.9430112,Napier Town,070677 46284,,https://biswasclinicjabalpur.com/
9c73562d-8f80-4be5-8a80-2867ba4bb7ee,School Of Excellence In Pulmonary Medicine (TB and Chest hospital),HOSPITAL,,Doctors Colony,"5V2G+2XW, Doctors Colony, Medical College Colony, Jabalpur, Madhya Pradesh 482003",23.1501102,79.8774429,Madan Mahal,,,
53439552-94a7-4a67-9303-98325cf92925,Dr. Yogesh Tiwari,GENERAL_CLINIC,,Wright Town,"Niramaya Health Care, 297, near Prem Mandir, opp. Delhi MRI Centre, Wright Town, Jabalpur, Madhya Pradesh 482002",23.1638715,79.9248719,Wright Town,093291 84883,drytiwari@gmail.com,https://www.apnabusinesscard.com/Dr-Yogesh-Tiwari-%28Cancer-Surgeon%29
3a3e3f58-2bf9-4f76-863b-b49dbb501756,Vijaya Memorial Cancer Care Centre : Dr Archit Jain (DM Medical Oncology),ONCOLOGY_CLINIC,,806 Golbazar,"Infront of, Sant nirankari bhawan, 806 Golbazar, Jabalpur, Madhya Pradesh 482002",23.1736654,79.9273318,Wright Town,089482 08033,jain.archit2004@gmail.com,https://jabalpurhelpline.com/dr-archit-jain-medical-oncologist
ca6f389e-e362-4f43-883d-908574705577,Dr. Preeti Jain,GENERAL_CLINIC,,Wright Town,"Saptrishi Hoapital, 1417, Wright Town, Jabalpur, Madhya Pradesh 482002",23.1668714,79.9283915,Wright Town,099342 26079,preetijain30@gmail.com,https://apnabusinesscard.com/Dr-Preeti-Jain-%28Cancer-Surgeon%29
537ff332-cb18-4cb4-82b5-ecb539bb4462,Dr. Arpan Mishra,GENERAL_CLINIC,,Shatabdhipuram,"H, Shatabdhipuram, Health Care Centre, 128, opposite Yash Bharat, Shatabdipuram Phase 1, Jabalpur, Madhya Pradesh 482002",23.1778694,79.9133727,Wright Town,094254 11095,drarpanmishra@gmail.com,http://jabalpurhelpline.com/dr-arpan-mishra-cancer-surgeon
ac5ec4dd-5d93-445d-b1e6-53b40523e3fb,sanjeevni cancer care,ONCOLOGY_CLINIC,,Sanjeevni cancer clinic Gaumata chowk,"Sanjeevni cancer clinic Gaumata chowk, in front of johri hospital, Wright Town, Madhya Pradesh 482002",23.1657354,79.9260608,Wright Town,090092 25362,drprashant79@yahoo.co.in,http://jabalpurhelpline.com/dr-prashant-jain-oncology-clinic
fdcbd425-2ef8-4d66-9711-4e900bb6e563,Dr. A K Gupta,GENERAL_CLINIC,,Gole Bazar,"Gole Bazar, Wright Town, Jabalpur, Madhya Pradesh 482002",23.1705972,79.9257783,Wright Town,093027 89333,dr.akguptaa@gmail.com,https://jabalpurhelpline.com/dr-a-k-gupta
c832a1ec-f1aa-4fce-b6d1-0c63a30e32e5,Dr. Nakul Raj Singhai | Best Cancer Superspecialist Surgeon,ONCOLOGY_CLINIC,,Golbazar,"906/1-A, behind Maharashtra School, Golbazar, Wright Town, Jabalpur, Madhya Pradesh 482002",23.1684059,79.9287222,Wright Town,,nakul.singhai4491@gmail.com,https://jabalpurhelpline.com/dr-nakul-raj-singhai-cancer-surgeon
ffb9b635-4967-4f2b-876a-1e9b0c4d787b,Dr. Shyam Ji Rawat,GENERAL_CLINIC,,Main Road,"C-20, Main Road, near Gurukul School, Dhanvantari Nagar, Jabalpur, Madhya Pradesh 482003",23.162802,79.8733037,Wright Town,094251 43699,drshyamjirawat@yahoo.co.in,https://www.drshyamoncology.com/
8d80e2fe-552f-4051-ba84-95ba5bbbc00d,"Dr Sanjay Yadav Breast Cancer, Thyroid & Endocrine Care Clinic",ONCOLOGY_CLINIC,,Hathital,"Hathital, Jabalpur, Madhya Pradesh 482001",23.1545563,79.9263335,Wright Town,081270 95090,sky1508@gmail.com,https://jabalpurhelpline.com/dr-sanjay-kumar-yadav-cancer-surgeon
27aa61f3-f976-4d85-ae97-e313de0051ee,Dr.Malti Bhagat,GENERAL_CLINIC,,Vijay Nagar,"5WM5+XR7, Vijay Nagar, Jabalpur, Raksha, Madhya Pradesh 482002",23.1848805,79.9094392,Wright Town,,,
1703245d-5d1a-4343-a4de-59c0b30fad8d,Cancer Clinic ( Dr. Lalit Patel - Cancer Specialist),ONCOLOGY_CLINIC,,Medical Garha,"opposite Medical College, Medical Garha, Jabalpur, Madhya Pradesh 482003",23.1489453,79.8837137,Wright Town,075665 37237,mail2drlalit@gmail.com,https://jabalpurhelpline.com/dr-lalit-patel-cancer-specialist
038440d2-4eda-4f4e-a8ed-269da8b395db,State Cancer Institute,ONCOLOGY_CLINIC,,Doctors Colony,"5V2H+QJV, Doctors Colony, Medical College Colony, Jabalpur, Madhya Pradesh 482003",23.1519923,79.8790507,Wright Town,,,
54eb0e23-21cc-48ad-892c-ab3180dbaaf1,Dr Manoj Jain,GENERAL_CLINIC,,Transport Nagar,"Metro Hospital Kuchani Parisar Behind Kshetriya , Bus Stand, Damoh Naka, Transport Nagar, Jabalpur, Madhya Pradesh 482002",23.1928358,79.9257335,Wright Town,099938 50314,drmanojkumar@yahoo.co.in,https://jabalpurhelpline.com/dr-manoj-kumar-jain-radiation-oncologist
200283d1-30c8-4f66-aa3a-5a3e9e57ce2b,Jabalpur Breast-Thyroid Cancer Centre,ONCOLOGY_CLINIC,,Medical Garha,"5V2Q+3XR, Medical Garha, Jabalpur, Madhya Pradesh 482003",23.1502404,79.8898816,Wright Town,,sky1508@gmail.com,https://jabalpurhelpline.com/dr-sanjay-kumar-yadav-cancer-surgeon
b5c7af25-5168-46c4-9345-ebd2da500418,Dr. Shashank N Singh,GENERAL_CLINIC,,Nagrath Chowk,"Omega Cancer Center, Hyderabad Omega Hospital, Nagrath Chowk, Jabalpur, Madhya Pradesh 482001",23.1626036,79.9442384,Wright Town,097556 65587,shshnksingh20@gmail.com,https://www.apnabusinesscard.com/Dr-Shashank-N-Singh
0e0e06c9-3678-40bc-9c95-1299dfce8f96,Ruiya Naturopathy Center (Cancer Treatment by Naturopathy and Acupressure),PHYSIOTHERAPY_CENTER,,Napier Town,"Flat no. 30, 338, opp. jabalpur hospital, Napier Town, Jabalpur, Madhya Pradesh 482001",23.1625795,79.9354253,Wright Town,079993 35366,,https://ruianaturopathyandacupressure.blogspot.com/
69235259-6a86-4b0f-8b51-06a4e9708fdc,Apollo Proton Therapy in Jabalpur,GENERAL_CLINIC,,KanchGhar,"NH 45, KanchGhar, Jabalpur, Madhya Pradesh 482001",23.175577,79.95872,Wright Town,080 6297 2782,,https://www.apollohospitals.com/proton-therapy/proton-therapy/
7b8a95e5-cffa-4b8e-a60b-673605a8e651,"Tata Memorial Hospital, Parel, Mumbai",HOSPITAL,,Tilwara Rd,"Tilwara Rd, Doctors Colony, Medical College Colony, Jabalpur, Madhya Pradesh 482003",23.1516633,79.8823871,Wright Town,,,
807918b9-f290-486c-840c-08cd4c0944bd,Cancer Clinic,ONCOLOGY_CLINIC,,Jabalpur,"4Q6W+4CF, opposite Medical College, Jabalpur, Dudwara, Madhya Pradesh 482003",23.1103067,79.7960523,Wright Town,,,
510d40c0-9972-43c8-8bf8-c3795d27f4fc,Rahul Kumar Gupta Surgical Oncology,ONCOLOGY_CLINIC,,Ganjipura Rd,"Victoria Hospital, Ganjipura Rd, Opp. Victoria Hospital, Ganjipura, Jabalpur, Madhya Pradesh 482002",23.1722787,79.9370647,Wright Town,088399 87019,,
06f84ff6-b604-4913-94ef-6b4e2c280a10,Wright Town,GENERAL_CLINIC,,Unknown,,23.1682882,79.9237253,Wright Town,,,
01a471e9-9208-44e7-99e9-cbeeea4cf403,Satya Sai Cancer Society,ONCOLOGY_CLINIC,,Ambedkar Colony,"kuchaini parisar, Damoh Naka, Ambedkar Colony, Jabalpur, Madhya Pradesh 482002",23.1872387,79.9285197,Wright Town,,sscancersociety@gmail.com,http://sscsociety.com/
8348a975-cc62-46ee-a83c-f054ff26d62f,Dr. Vidya,GENERAL_CLINIC,,near gyan ganga academy,"4VHG+W95, Swastik villa, near gyan ganga academy, Jabalpur, Madhya Pradesh 482008",23.1297716,79.8759867,Wright Town,,,
a022778a-2c1a-4944-873d-502ab47e00c0,Paryani Cancer care,ONCOLOGY_CLINIC,,Premnagar,"1823, behind singh dharm kanta, Premnagar, Hathital, Jabalpur, Madhya Pradesh 482001",23.1540645,79.9138179,Napier Town,078693 13959,paryani.jeetu@gmail.com,https://www.apnabusinesscard.com/Dr-Jitendra-Paryani-%28Cancer-Surgeon%29
3de7012a-afaf-4a22-98d7-378792ceb1a6,"Dr. Shreyas Reddy - Apollo JBP Hospitals, Jabalpur",HOSPITAL,,Patan Rd,"Global Square, Patan Rd, Karmeta, Jabalpur, Madhya Pradesh 482002",23.1998954,79.8839981,Napier Town,,,https://apollojbphospitals.com/doctor/cancer-doctor-in-jabalpur/
61a245c7-d94d-4bed-a2b5-189349ff6054,Redcliffe Labs - Jabalpur (NABL Recognised) | Full Body Checkup Jabalpur | Blood Test,PATHOLOGY_LAB,,opposite Bhavartal Garden Road,"New 639, old 295, opposite Bhavartal Garden Road, Napier Town, Jabalpur, Madhya Pradesh 482001",23.1610281,79.9345068,Napier Town,089889 88787,laboperations.jabalpur@redcliffelabs.com,https://redcliffelabs.com/jabalpur?utm_source=locator&utm_medium=googleplaces
f45c8fe0-2cd7-48a4-a826-2e8d9489027d,"Medi Onco Cancer Care Hospital,Jabalpur",HOSPITAL,,Vijay Nagar,"5WM5+XR7, Vijay Nagar, Jabalpur, Raksha, Madhya Pradesh 482002",23.1848796,79.9094394,Madan Mahal,,,
b2f05561-85b3-4934-ab20-1e1d3b183203,Madan Mahal,GENERAL_CLINIC,,Unknown,,23.1485573,79.9094751,Madan Mahal,,,
e991e17d-ed1e-4111-839e-0fbf15b3bc51,Madan Mahal,GENERAL_CLINIC,,Captainganj,"मदन महल, 1308C, Captainganj, Napier Town, Area, Jabalpur, Madhya Pradesh 482001",23.1603635,79.9211198,Madan Mahal,,,
8ea3336b-7b26-4f33-8743-86547778485d,Dr Saurabh Mishra Synergy Cancer Institute and Superspeciality Hospital,SUPERSPECIALTY_HOSPITAL,,Raiganj,"SPMRI Building, Chhatra Sangh Chauraha, Raiganj, Gorakhpur, Uttar Pradesh 273001",,,Gorakhpur,094505 18765,,http://drsaurabhmishra.in/
43fc4a59-915a-4bcc-a6c9-855afcc06769,Synergy Superspeciality Hospital and Cancer Institute,SUPERSPECIALTY_HOSPITAL,,Bilandpur,"synergy institute of cancer care and research, Bilandpur, Gorakhpur, Uttar Pradesh 273001",,,Gorakhpur,072340 06597,,https://synergycancer.com/
e49799b3-5d17-4629-b1e1-7b6cf99f8934,Munshiratan Hospital | Cancer & Gastro Hospital in Gorakhpur,HOSPITAL,,Medical College Road,"222/n basharatpur east, Medical College Road, near HN Singh chauraha, Gorakhpur, Uttar Pradesh 273001",,,Gorakhpur,096480 73377,munshiratanhospital@gmail.com,https://munshiratanhospital.com/
5fac93da-0073-495b-82c2-7be6ea5bdeb1,Hanuman Prasad Poddar Cancer Hospital,HOSPITAL,,near cancer hospital,"shahpur, gitavatika, near cancer hospital, Gorakhpur, Uttar Pradesh 273006",,,Gorakhpur,097215 26808,hpcancer@gmail.com,http://www.hppchri.in/
00b32801-e499-4180-95cf-3bfa7af6fefe,Synergy Cancer Care,ONCOLOGY_CLINIC,,Fatima Hospital By-Pass Rd,"1st Floor, GNFT Medical Center, Fatima Hospital By-Pass Rd, Khajanchi Chauraha, Hussain Nagar, Gorakhpur, Uttar Pradesh 273003",,,Gorakhpur,,,
d2a3e6c7-df77-4482-9814-efb6221eb81a,Jabalpur Kidney Care (Dr. Anil Jain),NEPHROLOGY_CLINIC,,Wright Town,"Shop No. 7-9, Wright Town, Jabalpur, Madhya Pradesh 482002",23.1674261,79.9263418,Wright Town,098272 39030,anilk_jain62@rediffmail.com,http://jabalpurhelpline.com/dr-anil-jain-consultant-nephrologist
98744adc-215c-41f1-9118-d0c82f8e6e6a,NephroPlus Dialysis & Kidney Care Clinic in Jabalpur,NEPHROLOGY_CLINIC,,Russel Chowk,"4th Floor, Jabalpur hospital and research center, Russel Chowk, Napier Town, Jabalpur, Madhya Pradesh 482001",23.1621291,79.9362787,Wright Town,091212 41172,contactus@nephroplus.com,https://www.nephroplus.com/
2a86e8c7-da2f-437d-bbff-ac646e157e07,Dr Sidharth Sethi's Pediatric Nephrology Clinic,PEDIATRIC_CLINIC,,Road,"Chanchala Bai College, 1572, Road, Wright Town, Jabalpur, Madhya Pradesh 482002",23.1673552,79.9255774,Wright Town,,sidsdoc@gmail.com,https://www.pediatricnephrologyindia.com/
0ef5cba7-5793-4841-b02d-8d14d8806b6b,Dr shariq iqbal,GENERAL_CLINIC,,Unchwa Rd,"Nasir library, Unchwa Rd, Abu Bazar, Bade Kajipur, Gorakhpur, Uttar Pradesh 273001",,,Gorakhpur,094500 58377,,
80fe71d2-4973-4d8f-8aae-4e31b5ed3888,Dr Arpit Srivastava Nephrologist,NEPHROLOGY_CLINIC,,Gorakhpur,"Regency Hospital, Gorakhpur, Jungle Dhusan, Uttar Pradesh 273013",,,Gorakhpur,070543 57996,arpitnephro@yahoo.com,https://www.drarpitsrivastavanephro.in/
dc0698fe-ce20-4ccb-910d-34af5dec0d2c,Dr. Deepak Chandra Srivastava- MD Medicine and kidney Specialist -Osborn Clinic,NEPHROLOGY_CLINIC,,Vikas Nagar,"Nehru Complex, near SBI Bank, Vikas Nagar, Gorakhpur, Uttar Pradesh 273007",,,Gorakhpur,097609 01297,drdeepakchandrasrivastava@gmail.com,https://drdeepakchandrasrivastava.com/
cf8a285e-3df6-4409-93aa-c7b33799a682,Dr Anand Banka,GENERAL_CLINIC,,Daudpur,"218, Daudpur, Gorakhpur, Uttar Pradesh 273001",,,Gorakhpur,091428 04555,,
8b159f84-74b3-4639-adc5-779366a69ace,NEPHROLOGIST,NEPHROLOGY_CLINIC,,Chilmapur,"Chilmapur, Gorakhpur, Uttar Pradesh 273016",,,Gorakhpur,,,
fc01d517-da38-40cd-9fa8-bb32b62cb983,Dr. Abhishek Yadav,GENERAL_CLINIC,,Rapti Nagar Phase-4,"Room 01, Rajendra Hospital, Gorakhpur - Deoria Hwy, near M.M.M Engineering college, Rapti Nagar Phase-4, Gorakhpur, Uttar Pradesh 273010",,,Gorakhpur,075260 18302,info@rajendrahospital.co.in,https://www.rajendrahospital.co.in/
9d0d5eb1-b59b-4f8a-b2e4-78d6c796b8c0,LifeCare Hospital,HOSPITAL,,Civil Lines,"9, Civil Lines, near Cantt chauraha, opp. Allahabad Bank, Judges Colony, Bilandpur, Gorakhpur, Uttar Pradesh 273001",,,Gorakhpur,099351 15511,,http://www.lifecarehospitalindia.com/
b86309c5-ac17-4388-944e-90c9085aeb81,Ashutosh dialysis center,ENT_CLINIC,,SBI chowk,"SBI chowk, Jio office, Medizone hospital, behind state Bank, Vijay Nagar, Jabalpur, Madhya Pradesh 482002",23.1906117,79.9125829,Vijay Nagar,091745 63631,,
dc1aa779-c3ea-4b25-a930-9a30243fae56,"District Hospital, Jabalpur",HOSPITAL,,Ganjipura Rd,"5WCP+QR7, Badi Omti, Ganjipura Rd, Ganjipura, Jabalpur, Madhya Pradesh 482002",23.1719084,79.9370435,Wright Town,,,
d473499f-d8f7-4795-818a-ea038be6bc13,Smart city hospital,HOSPITAL,,Maheshpur,"L.I.C, Maheshpur, Jabalpur, Madhya Pradesh 482002",23.1529915,79.9103985,Wright Town,079996 02301,smartcityhospitaljbp@gmail.com,https://www.smartcityhospitaljabalpur.com/
ff4a85f3-83d2-4888-a4d3-383c54d87b07,Dr. Mukharji Hospital,HOSPITAL,,Wright Town,"Wright Town, Jabalpur, Madhya Pradesh 482002",23.1646129,79.925173,Wright Town,,,
fd1ac1e1-c504-4c95-b182-797ba00c3f48,Mohanlal Hargovinddas Charitable Trust Hospital,HOSPITAL,,Wright Town,"5W8F+VWQ, Wright Town, Jabalpur, Madhya Pradesh 482002",23.1672076,79.9248456,Wright Town,,,
998e8d97-e6eb-4d71-8c64-c89f5ba43b1c,Hope Icu Hospital,HOSPITAL,,Wright Town,"1505, beside keshav kuti, near Chanchala Bai College, Wright Town, Jabalpur, Madhya Pradesh 482002",23.1672702,79.9254768,Wright Town,098261 66423,,
64d68a2f-3a28-4f23-8900-493557fc11fb,Mahi Hospital,HOSPITAL,,Wright Town,"5W6F+2X6, Wright Town, Jabalpur, Madhya Pradesh 482002",23.1600377,79.924882,Wright Town,,,
3430a526-5c10-48c0-8e61-09131060724e,Silver Oak Hospital,HOSPITAL,,Old Napier Town,"Old Napier Town, Jabalpur, Madhya Pradesh 482001",23.1638357,79.9392076,Napier Town,,,
15cfb613-7566-43fe-9728-d13587e3a765,Bansal Hospital Jabalpur,HOSPITAL,,Napier Town,"5W6P+HX7, Napier Town, Jabalpur, Madhya Pradesh 482001",23.1613007,79.9375494,Napier Town,,,
6aef11c8-0dad-4ab8-9549-13aba52ae7b7,HealthAssure - Contacare Eye Hospital | Diagnostic centre Jabalpur| Imaging And Diagnostics | Blood Tests & Ultrasound,HOSPITAL,,Jabalpur Hospital to Shastri Bridge Rd,"Renuka Towers, 811, Jabalpur Hospital to Shastri Bridge Rd, Napier Town, Jabalpur, Madhya Pradesh 482001",23.162105,79.9362778,Napier Town,082919 16159,,https://www.healthassure.in/
7290d59c-e449-4638-8622-b9c7b71f3fab,MAHAVIR CT & MRI CENTRE,IMAGING_CENTER,,Home Science College Rd,"5W5G+W2R, Home Science College Rd, Napier Town, Jabalpur, Madhya Pradesh 482002",23.1598598,79.9250253,Napier Town,099075 62544,,
aece43b6-e620-46ff-92de-112fda1e2de4,Bima Clinic,GENERAL_CLINIC,,Napier Town,"8 methodist centre, opp. kartik hotel, Napier Town, Jabalpur, Madhya Pradesh 482001",23.1599217,79.9300962,Napier Town,094796 07960,,
fd2575a6-1d12-4f88-bb2c-43724d5a5aea,Ajay Bhandari Associates LLP,GENERAL_CLINIC,,Napier Town,"Napier Town, Jabalpur, Madhya Pradesh 482002",23.1599217,79.9300962,Napier Town,,,
1a00e73b-a9dc-4ea0-9850-e4bbbad87314,Mahi Diabetes Thyroid And Women Health Care,GYNECOLOGY_CLINIC,,Home Science College Rd,"5W6F+2WW, Home Science College Rd, near Ashish Hospital, Napier Town, Jabalpur, Madhya Pradesh 482002",23.1601104,79.9248144,Napier Town,076124 10958,,
d93c0225-5144-442b-8441-c44696304cca,SAKSHAM POLYCLINIC,POLYCLINIC,,near Bhanwar Taal Garden,"122-B, near Bhanwar Taal Garden, Napier Town, Jabalpur, Madhya Pradesh 482001",23.1600063,79.9323523,Napier Town,,,
6a604311-9c5f-4f01-b68a-82c617e49389,Care Path Labs,PATHOLOGY_LAB,,Home Science College Rd,"1347/1, Home Science College Rd, beside Microland Computers, near Ashish Hospital, Napier Town, Jabalpur, Madhya Pradesh 482001",23.1605871,79.9234444,Napier Town,083197 93041,,
c204833e-f778-46f2-9b81-f512ecd204d5,Janki Raman Hospital & Critical Care,HOSPITAL,,Gurudev Colony,"5W33+W2V, Gurudev Colony, Jabalpur, Madhya Pradesh 482003",23.1548449,79.9025247,Madan Mahal,093993 38520,,
dc39bf4a-ad9c-4853-961e-a69888ad0586,Jab,GENERAL_CLINIC,,Premnagar,"GDA Building, Premnagar, Madan Mahal, Jabalpur, Madhya Pradesh 482001",23.1564519,79.919169,Madan Mahal,098264 87841,,
b2efa262-16cf-434c-8d28-e6e2b2ca7cc9,Triveni Health Care unit of Jamdar Hospital,HOSPITAL,,Wright Town,"5W8G+HQF, Wright Town, Jabalpur, Madhya Pradesh 482002",23.166425,79.9269144,Gorakhpur,,,
163f5c78-2453-45c2-889c-e339620d7b85,Gorakhpur,GENERAL_CLINIC,,Gorakhpur,"5W3J+C36, Gorakhpur, Jabalpur, Madhya Pradesh 482001",23.1535328,79.9301888,Gorakhpur,,,
9915c190-f057-454d-8a3e-f9d5bcac9dff,Robotic Joint Care,ORTHOPEDIC_CLINIC,,Wright Town,"C/O, 1480, near Satya Ashoka Hotel, Wright Town, Jabalpur, Madhya Pradesh 482002",23.166083,79.9276433,Gorakhpur,097555 56572,,
d5e1f621-7447-4669-8aa6-f688d88866a5,Hope Hospital (KHANNA PAIN CLINIC),HOSPITAL,,Wright Town,"1505, beside KESHAV KUTI, Wright Town, Jabalpur, Madhya Pradesh 482002",23.1666904,79.9261295,Gorakhpur,,,
ed1f7e8b-26e4-47f0-b985-39752ca7c9c5,UPADHYAY MEDICOSE,PHARMACY,,Wright Town,"JK Hospital, 2006, 2nd lane, behind old bus stand, Wright Town, Jabalpur, Madhya Pradesh 482002",23.1668193,79.9264725,Gorakhpur,,,
ea2232f2-8959-4526-ba0c-4aa91d9df64b,Taca Centre For Surgery,ENT_CLINIC,,Wright Town,"C/O, TaCa Centre For Surgery, 1480, Wright Town, Jabalpur, Madhya Pradesh 482002",23.166083,79.9276433,Gorakhpur,090162 39239,,https://www.tacahealthcare.com/
c3283f79-6cb1-43e5-98ab-5ea1e594a450,"Bansal Blood Centre, Jabalpur",ENT_CLINIC,,Wright Town,"Wright Town, Jabalpur, Madhya Pradesh 482002",23.1641637,79.9298649,Gorakhpur,088899 11033,,
8a6f53dc-2f40-4e22-8c09-7ccc8e2c568c,Spectrum Health Care Sonography Centre,IMAGING_CENTER,,Road,"Besides Hotel Iconic, HDFC Bank LTD, Sant Nirankari Satsang Bhawan, Road, Gole Bazar, Wright Town, Jabalpur, Madhya Pradesh 482002",23.1682088,79.925658,Gorakhpur,094243 11649,,
296f6e59-54d6-4a9d-a845-288c514462c4,"Mh hospital, Aadi Enclave",HOSPITAL,,Unknown,,23.1668403,79.9251074,Gorakhpur,,,
a30d9ee8-12c7-4932-b084-a566a0a8951f,"Upadhyay Medical,JK hospital",HOSPITAL,,Wright Town,"5W7H+VWG, Wright Town, Jabalpur, Madhya Pradesh 482002",23.1646996,79.929819,Gorakhpur,,,
9ddc940e-0fdf-4ab8-b7e5-a768b88f3301,Wadhera Pathalogy And Healthcare Centre,ENT_CLINIC,,Narmada Rd,"14 Johnson Tower, Narmada Rd, opp. Maharishi School, Jabalpur, Madhya Pradesh 482001",23.1470737,79.9268816,Gorakhpur,076103 86816,,
cb2b532d-fcd0-49bd-a31b-2f911f1930cf,somya pathology,PATHOLOGY_LAB,,Nehru Railway Colony,"5W4P+QQH, Nehru Railway Colony, Gorakhpur, Jabalpur, Madhya Pradesh 482001",23.1569288,79.9369727,Gorakhpur,,,
68358c05-8596-4265-be15-ed371ca1810a,Gulshan Hospital,HOSPITAL,,Azad Nagar,"5WVX+QCJ, Azad Nagar, Anand Nagar, Adhartal, Jabalpur, Madhya Pradesh 482004",23.1945718,79.9485987,Adhartal,,,
df11779f-5e53-46ad-b23b-f76dbbf05293,Vidhaan Multi-Speciality Hospital,HOSPITAL,,Raddi Chowk,"5WVR+W7G, Raddi Chowk, Ganji Nagar, Adhartal, Jabalpur, Vehicle Fac. Jabalpur, Madhya Pradesh 482004",23.1949125,79.9397731,Adhartal,0761 491 8542,,https://jsdl.in/RSL-JZC1733226225
791aacc1-b379-4656-8062-728d685c49e7,Abhinandan Hospital,HOSPITAL,,Adhartal,"6X22+HPR, Near SBI, Adhartal, Jabalpur, Madhya Pradesh 482004",23.201479,79.95175,Adhartal,0761 403 3100,,
96bd143e-a01e-4a9f-8f56-8fbc13c0ed3e,Adhartal Hospital,HOSPITAL,,Ravindra Nagar Rd,"482004, Ravindra Nagar Rd, Ravindra Nagar, Adhartal, Jabalpur, Madhya Pradesh 482004",23.1992976,79.9455021,Adhartal,,,
7978f369-9297-46c4-869a-acb9f245e98b,Sankalp Health Clinic,GENERAL_CLINIC,,Alok Nagar,"6W2V+CGH Anand Electronic, near Dhani ki Kutiya, Alok Nagar, Pushpak Nagar, Adhartal, Jabalpur, Madhya Pradesh 482004",23.2010568,79.9438473,Adhartal,,,
97a8c8b1-1756-4919-a43d-1061a08a66f1,galaxy hospital,HOSPITAL,,Patan Rd,"global square, Patan Rd, Kanchan Vihar, Karmeta, Jabalpur, Madhya Pradesh 482002",23.1980093,79.9054788,Vijay Nagar,098463 54325,,
10bffa33-e18d-451b-95f2-a3948a9a062e,Jabalpur Health Care Centre Poly Clinic,ENT_CLINIC,,Sector 2 Vijay Nagar,"Scheme No 5 , Sector 2 Vijay Nagar, Jabalpur, Madhya Pradesh 482002",23.1849024,79.9075089,Vijay Nagar,0761 405 0132,jhrc_hrd@yahoo.co.in,http://jabalpurhospital.com/
dbaceacc-6a54-44e5-a305-07edf0e1a39d,Swastik multi-speciality hospital and research centre,HOSPITAL,,Marhatal,"5W9M+CHJ, Awadhpuri, Marhatal, Jabalpur, Madhya Pradesh 482002",23.1685786,79.9338798,Vijay Nagar,,,
f008003f-6215-4c1b-aa68-9f7f9909b681,Vijaya Nursing Home,NURSING_HOME,,Narmada Rd,"4WVH+Q2F, Narmada Rd, MCI Colony, Katanga, Jabalpur, Madhya Pradesh 482001",23.1444262,79.927534,Vijay Nagar,076124 07433,,
0fc3fd61-39e0-4bb1-9576-57f884b4580f,sai hospital jabalpur,HOSPITAL,,Fuhara Rd,"743, Fuhara Rd, Jawahar Ganj, Bada, Jabalpur, Madhya Pradesh 482002",23.1758444,79.9316286,Vijay Nagar,,,
65fd0e32-fa2a-484c-9a13-21d0cb92a934,JABALPUR INSTITUTE OF HEALTH SCINCES,GENERAL_CLINIC,,Vijay Nagar,"5WP5+348, Vijay Nagar, Jabalpur, Raksha, Madhya Pradesh 482002",23.1851667,79.9078387,Vijay Nagar,082690 45001,,http://nursingcollegejihs.com/
0c96ad48-9227-4250-954a-e58881fea36a,Pathkind Labs,PATHOLOGY_LAB,,Vijay Nagar,"Shop No 5, 6, Plot No B, Scheme No 5, near Salby Hospital, Vijay Nagar, Jabalpur, Raksha, Madhya Pradesh 482002",23.1857139,79.9084212,Vijay Nagar,093000 60606,,https://nearby.pathkindlabs.com/pathkind-labs-vijay-nagar-jabalpur-28358/home?utm_source=GMB
6fafea3b-91d9-4024-8ff6-a842addca2b6,Prachi Bhatnagar Hospital,HOSPITAL,,Katangi Road,"5WW4+RWG, Katangi Road, Karmeta, Jabalpur, Madhya Pradesh 482002",23.1970711,79.9073255,Vijay Nagar,076126 44040,,
abc6191b-5084-4750-b150-43a6a4373c83,Nema Heart Hospital,HOSPITAL,,Deen Dayal Chowk,"ISBT, Deen Dayal Chowk, ITI Road, Kanchan Vihar, Vijay Nagar, Jabalpur, Raksha, Madhya Pradesh 482002",23.1909856,79.9052768,Vijay Nagar,,,
762cf449-afa6-4a2d-9dc8-8624f127525a,"Jabalpur Hospital, Branch Vijay Nagar",HOSPITAL,,Vijay Nagar,"5WP5+878, Vijay Nagar, Jabalpur, Raksha, Madhya Pradesh 482002",23.1857953,79.9082064,Vijay Nagar,,,
87d31889-4ddd-4d6d-8c90-2a44a379aabd,Jabalpur Health Care Centre,ENT_CLINIC,,Ahinsa Chowk,"Number- 2, Ahinsa Chowk, Kanchan Vihar, Vijay Nagar, Jabalpur, Raksha, Madhya Pradesh 482002",23.185232,79.9097775,Vijay Nagar,,,
03ec41d4-064a-4db3-b055-3ecd00d22237,Ranjhi Govt Hospital,HOSPITAL,,Gokulpur,"Gokulpur, Jabalpur, Madhya Pradesh 482009",23.1949475,79.9911882,Ranjhi,,,
7597ac8d-0f8e-4632-afaf-c27ba1f5963d,Primary Health Care Hospital Ranjhi,HOSPITAL,,Unnamed Road,"52W2+M8W, Unnamed Road, Raksha Karmachari Colony, Jabalpur, Madhya Pradesh 482005",23.196741,80.0008345,Ranjhi,079999 10220,,
94f0bcb8-cfa3-4ee7-9772-62243980cbc1,HARI OM MULTISPECIALITY HOSPITAL,MULTISPECIALTY_HOSPITAL,,road,"road, Nav Nivesh Colony, Dhanvantari Nagar, Jabalpur, Madhya Pradesh 482003",23.15784,79.8895969,Tilwara,098270 91213,,
93273e66-6d71-4712-9cea-c74463a89d8b,Netaji Subhash Chandra Bose Medical College Jabalpur Madhya Pradesh,GENERAL_CLINIC,,Tilwara Rd,"Tilwara Rd, Doctors Colony, Medical College Colony, Jabalpur, Madhya Pradesh 482003",23.1499818,79.8807326,Tilwara,076123 70951,hospitalnscbmcjbp@gmail.com,http://www.nscbmc.ac.in/
208ec882-7267-4d48-a1c6-516150dd1f2d,UPHC Tilwara,GENERAL_CLINIC,,Main Road,"4V7F+7V6, Main Road, Tilwara, Madhya Pradesh 482003",23.1131505,79.8746412,Tilwara,,,
5219e02b-272f-4e0c-919f-95d977fcb142,Medical College Tiraha,GENERAL_CLINIC,,Nagpur Rd,"4, Nagpur Rd, Medical College Colony, Jabalpur, Madhya Pradesh 482003",23.1516637,79.8848128,Tilwara,,,
5dedef45-3129-4111-b6f9-ea1410202fc1,New Hospital Block NSCB Medical College and Hospital Jabalpur,HOSPITAL,,Doctors Colony,"4VXJ+X5V, Doctors Colony, Medical College Colony, Jabalpur, Madhya Pradesh 482003",23.1499949,79.880436,Tilwara,,,
f5f00f1d-457a-403d-951e-f7c634ec7941,Hospital services,HOSPITAL,,Sanjeevni Nagar,"Sanjeevni Nagar, near Reliance Smart Point, Mohan Vihar Colony, Garha, Jabalpur, Madhya Pradesh 482002",23.1652552,79.9015424,Tilwara,,,
45da5bf9-9e61-4880-9fff-7152a312a93e,Upkar Health Care,GENERAL_CLINIC,,Nagpur Rd,"1858, Nagpur Rd, Medical Garha, Jabalpur, Madhya Pradesh 482003",23.1545892,79.8885402,Tilwara,087708 64585,,
47693a80-b183-4f99-b280-c185ffeea08b,Motilal Nehru Cantonment Hospital,HOSPITAL,,Sadar,"4XW5+MC7, Sadar, Jabalpur, Madhya Pradesh 482001",23.1466572,79.9585558,Tilwara,,,
87b6d93e-04d9-4ea2-a917-dd1501023ef1,Regional spine injury centre and rehabilitation centre,ORTHOPEDIC_CLINIC,,Nagpur Rd,"4VXJ+653, Nagpur Rd, Doctors Colony, Medical College Colony, Jabalpur, Madhya Pradesh 482003",23.1480177,79.8804133,Tilwara,,hospitalnscbmcjbp@gmail.com,http://nscbmc.ac.in/
e87ac755-74e6-4ac5-9072-45f890267d49,Pradeep Hospital,HOSPITAL,,Medical Garha,"4VWJ+F94, Medical Garha, Jabalpur, Madhya Pradesh 482003",23.1461458,79.8809651,Tilwara,,,
43d24399-e6fd-4367-bba3-8ff72f31215e,Anushree hospital and wellness center | Best hospital in jabapur | Emergency hospital | specialists doctors | jabalpur,HOSPITAL,,Kasoudhan Nagar,"Kasoudhan Nagar, GCF, Karmeta, Jabalpur, Madhya Pradesh 482002",23.2025736,79.9179606,Karmeta,097559 30181,anushreehomoeocollege10@gmail.com,https://anushreehospital.in/
0f533f51-17ae-4a89-842a-e58b3b79b31a,Deen Dayal Hospital,HOSPITAL,,Karmeta,"National Highway 12A, Karmeta, Jabalpur, Madhya Pradesh 482002",23.1927544,79.9160638,Karmeta,,,
1e12d4a8-85a8-4c3b-bf26-66a7ba372a12,Nidan Hospital,HOSPITAL,,Bajrang Nagar,"Bajrang Nagar, k 5, Katangi Rd, Karmeta, Jabalpur, Madhya Pradesh 482002",23.2029015,79.9051181,Karmeta,,,
df89dab0-b182-4ee8-9cdb-fdbcdc7c7be2,GCF Hospital,HOSPITAL,,Unknown,"Patan Rd, GCF Jabalpur, Jabalpur, Madhya Pradesh 482011",23.1814151,79.9712009,Karmeta,,,
591ed12c-a326-4883-9ab3-4d558ae7e4b1,HETISH HOSPITAL,HOSPITAL,,Karmeta,"6W33+6X5, Karmeta, Jabalpur, Madhya Pradesh 482002",23.2030034,79.9049809,Karmeta,,,
b4511d5d-b9ce-4f07-85d2-c9150d4b3c82,Up Swasthaya Kendra,GENERAL_CLINIC,,Patan Rd,"6V2X+75M, Patan Rd, Karmeta, Jabalpur, Madhya Pradesh 482002",23.2007078,79.8979341,Karmeta,,,
2708e713-cf4d-4970-b66b-56e511975305,NABH/NABL/QCI/NQAS Accreditation and Empanelment Consultancy,ENT_CLINIC,,Samdariya Green City,"Samdariya Green City, Karmeta, Jabalpur, Madhya Pradesh 482002",23.2064507,79.9150068,Karmeta,082360 45385,bpmedicalservices@gmail.com,https://www.nabhconsultancy.com/
99b7e0ff-233e-411e-b8bd-7773e5269dab,"D.K. ANIMAL HOSPITAL, JABALPUR",HOSPITAL,,Green City Rd,"3634, KRISHI UPAJ MANDI GATE, 1, Green City Rd, near DEENDAYAL CHOWK, Jabalpur, Madhya Pradesh 482002",23.1922389,79.9178335,Karmeta,096916 23355,dkanimalhospital3355@gmail.com,https://www.apnabusinesscard.com/DK-Animal-Hospital-Jabalpur
41a380cd-467f-446c-a7d0-6106418a66ab,Dr. Choubey Clinic,GENERAL_CLINIC,,Road,"Happy kids school, Road, Karmeta, Jabalpur, Madhya Pradesh 482002",23.2031515,79.9039634,Karmeta,095752 86080,,
feac90bc-b471-4c04-8d2b-e39c068482e4,HealthAssure - Mangalam Hospital - Jabalpur - Quality service with quick results,HOSPITAL,,Katangi Rd,"Mother Teresa, Katangi Rd, beside Agrawal Bandhu Petrol Pump, near Petrol Pump, Karmeta, Jabalpur, Madhya Pradesh 482002",23.2112862,79.9010809,Karmeta,094243 72267,,https://www.healthassure.in/
cbd92425-7e3d-43ff-be27-bf587e1bbbe9,anaya clinic,GENERAL_CLINIC,,Samdariya Green City,"Samdariya Green City, Opp. To Krishi Upaj Mandi, Madhotal, Karmeta, Jabalpur, Madhya Pradesh 482002",23.2055795,79.9133485,Karmeta,,,
256a6d5a-28c1-455d-88c9-80feb4b4df21,Surya medicos belkhadu,PHARMACY,,Katangi Rd,"Katangi Rd, Karmeta, Jabalpur, Madhya Pradesh 482002",23.2098806,79.9022746,Karmeta,093008 17057,,
57156557-a226-4419-bcb6-c16d7eb08b35,Sargam Medical And General Stores,GENERAL_CLINIC,,Patan Rd,"Patan Rd, Chungi Naka, Kanchan Vihar, Karmeta, Jabalpur, Madhya Pradesh 482002",23.1971584,79.9072266,Karmeta,070008 40657,,
50e04fe6-8364-4c86-b88e-290c072dda79,Maa narmada medicose,PHARMACY,,Deendaya chowk,"Deendaya chowk, in front of kesharwani Restaurant and besides burger hut, Jabalpur, Madhya Pradesh 482002",23.1932526,79.9138626,Karmeta,097556 39433,,
469d9b8c-7eda-4906-88f0-cc15958e53f3,LAHARIYA CLINIC,GENERAL_CLINIC,,Katangi Rd,"3120, Katangi Rd, Dixit Colony, Karmeta, Jabalpur, Madhya Pradesh 482002",23.2028417,79.9052573,Karmeta,,,
66525d14-68e8-4332-ba90-40ec1734aa0e,Victoria Hospital,HOSPITAL,,Ganjipura Rd,"Badi Omti, Ganjipura Rd, Opp. Victoria Hospital, Ganjipura, Jabalpur, Madhya Pradesh 482002",23.1722013,79.936684,Civil Lines,,,
99de4eef-5aef-4a89-8929-080b1c26068f,Central Hospital,HOSPITAL,,South Civil Lines,"5X92+5R5, South Civil Lines, Jabalpur, Madhya Pradesh 482001",23.1678952,79.9521224,Civil Lines,,,
7bf893bc-38b0-45c7-b296-4822b153a159,like hospital,HOSPITAL,,Tagore Railway Colony,"Tagore Railway Colony, South Civil Lines, Jabalpur, Madhya Pradesh 482001",23.1647787,79.9558267,Civil Lines,,,
a4f0d0ef-14a1-467d-bdaf-61979b12ec8b,Police hospital jabalpur,HOSPITAL,,Police Lines,"5XC3+95V, Police Lines, South Civil Lines, Jabalpur, Madhya Pradesh 482001",23.170985,79.9529154,Civil Lines,,,
37ced711-1291-47e3-a2e6-2a37d11c1b0d,Sanjeevani Hospital,HOSPITAL,,Rewa Colony,"4WF6+P66, Rewa Colony, Rampur, Jabalpur, Madhya Pradesh 482008",23.1233373,79.9106431,Gwarighat,,,
1c599580-8c7f-4d7f-b7cd-98369ed99ad4,Ramkali Rajpal,GENERAL_CLINIC,,Civil Lines Rd,"5X75+R3M, Civil Lines Rd, Govindh Bhavan Colony, South Civil Lines, Jabalpur, Madhya Pradesh 482001",23.1645101,79.9576401,Gwarighat,,,
addd55fc-487e-4d3c-9ad2-29739dee52da,Gurunanak Dev Cheritable Trust Hospital,HOSPITAL,,Visharjan kund Road,"4W5H+X3M, Visharjan kund Road, Gwarighat, Jabalpur, Madhya Pradesh 482008",23.1099687,79.9276651,Gwarighat,,,
498a26fd-ad0e-4cd8-81c2-387e9553493d,Petyau,GENERAL_CLINIC,,Shop no. 105-109 ranital chowk kastoorba gandhi ward ranital,"Shop no. 105-109 ranital chowk kastoorba gandhi ward ranital, Madhya Pradesh 482001",23.1620072,79.9584397,Gwarighat,098933 13414,,
c7abe94b-efb7-4c21-8276-0e40eedeb4df,Dr.VET 24 HOURS JABALPUR,GENERAL_CLINIC,,Delite Taklies Rd,"Delite Taklies Rd, Prestige Town, South Civil Lines, Jabalpur, Madhya Pradesh 482001",23.1628193,79.9545932,Gwarighat,,,
1768fcac-d14c-4b65-a31d-28673fa1aa37,Apatkal,GENERAL_CLINIC,,Deen Dayal Chowk,"1nd Floor, Apatkaal Balaji Height, Deen Dayal Chowk, Prestige Town, South Civil Lines, Jabalpur, Madhya Pradesh 482001",23.1620072,79.9584397,Gwarighat,077710 76954,apatkalindia@gmail.com,https://apatkal.in/
fcaad446-c235-4426-97e7-4f720b2050b1,Shukla Nager Sahu Ji Ki Bilding,GENERAL_CLINIC,,Denning Rd,"53, Denning Rd, Prestige Town, South Civil Lines, Jabalpur, Madhya Pradesh 482001",23.1620072,79.9584397,Gwarighat,079743 63968,,
6e330968-47b0-4e72-bafb-a4cec8446cd5,Chief Health Inspector,GENERAL_CLINIC,,Platform no. 1,"Platform no. 1, Jabalpur Railway Station, Madhya Pradesh 482001",23.1651097,79.9522616,Gwarighat,,,http://www.indianrail.gov.in/
b1f51c32-6436-4961-9aa0-bc98e8118e4f,MH JABALPUR ECHS,GENERAL_CLINIC,,Regional Centre ECHS Jabalpur Army PIN-901124,"Regional Centre ECHS Jabalpur Army PIN-901124, Bldg No T-67 (Old OT MH Complex, Madhya Pradesh 482001",23.1418261,79.9548583,Jabalpur Cantt,,,
bf1e01bb-fc4f-425c-adc4-aa0f5019e139,Madhya Pradesh State Electricity Board Hostpital,GENERAL_CLINIC,,MPSEB Colony,"4WQ8+G9W, MPSEB Colony, Shakti Nagar, Jabalpur, Madhya Pradesh 482008",23.1388505,79.915947,Jabalpur Cantt,076126 61111,,http://www.mppmcl.com/
79749f79-15f5-4a40-b550-faf2ae40003f,ECHS Polyclinic,POLYCLINIC,,Cantt,"Cantt, Jabalpur, Madhya Pradesh 482001",23.1413666,79.9548946,Jabalpur Cantt,,,
dbb7a9d4-7689-4107-b40c-6e56fc425882,"Regional Centre ECHS, Jabalpur",ENT_CLINIC,,Cantt,"4XR4+Q9J, Cantt, Jabalpur, Madhya Pradesh 482001",23.1419727,79.955891,Jabalpur Cantt,076126 27204,,
eccb52ae-9015-4793-8b61-cbe2f6d66ed9,M I Room,GENERAL_CLINIC,,Cantt,"5X24+448, Cantt, Jabalpur, Madhya Pradesh 482001",23.1502919,79.9553415,Jabalpur Cantt,,,
5434f083-7ff7-4520-8e2c-fb66803f003a,Jabalpur Cantonment Board,ENT_CLINIC,,Norris Road,"6, Norris Road, near Shivaji Ground, Malhotra Compound, Cantt, Jabalpur, Madhya Pradesh 482001",23.1553364,79.943286,Jabalpur Cantt,076126 22302,ceocbjabalpur@gmail.com,https://jabalpur.cantt.gov.in/
938c0c76-df6b-43fe-a19a-dfc9da01a6de,Military Hospital Blood Bank,HOSPITAL,,Cantt,"76, Cantt, Jabalpur, Madhya Pradesh 482001",23.1377291,79.9471511,Jabalpur Cantt,076176 22270,,
54f3299c-5b44-46c2-adcb-ca2e127098a2,Military Hospital Parking,HOSPITAL,,Cantt,"4XV3+9R3, Cantt, Jabalpur, Madhya Pradesh 482001",23.1433976,79.9545335,Jabalpur Cantt,,,
1cb95bfa-e0a6-4c87-90d9-90a9586ab3b9,Motilal Nehru Clinic And Dispensery,GENERAL_CLINIC,,Gorabazar,"4XW5+JC5, Gorabazar, Cantt, Jabalpur, Madhya Pradesh 482001",23.1465072,79.958598,Jabalpur Cantt,,,
95890001-3fe2-4985-b344-7ac88fc15a51,Cantt,GENERAL_CLINIC,,Unknown,,23.1377298,79.9472502,Jabalpur Cantt,,,
a99dd2d0-8f09-4301-a2c3-244cc6eb3dcb,Cantonment Hospital,HOSPITAL,,Unknown,,23.1519558,79.9466382,Jabalpur Cantt,,,
b9116163-1b7e-40af-8d05-379e6eb79639,Blue Sky Multispeciality Hospital And Research Centre,MULTISPECIALTY_HOSPITAL,,MP Housing Board Colony,"Plot number 150, Damohnaka, MP Housing Board Colony, Dhanvantari Nagar, Jabalpur, Madhya Pradesh 482003",23.157301,79.8735619,Shakti Nagar,,,
36efe450-ed0d-4339-887b-c4a3b6a57b23,𝐒𝐚𝐧𝐤𝐚𝐥𝐩 𝐌𝐮𝐥𝐭𝐢𝐬𝐩𝐞𝐜𝐢𝐚𝐥𝐢𝐭𝐲 𝐇𝐨𝐬𝐩𝐢𝐭𝐚𝐥,GENERAL_CLINIC,,MP Housing Board Colony,"Infront of union bank, HIG D-13, MP Housing Board Colony, Dhanvantari Nagar, Jabalpur, Madhya Pradesh 482003",23.1581235,79.8725148,Shakti Nagar,098934 21893,,
ecbece83-4a20-4380-b8ea-0053f60362a1,Advance Institute of Medical Science,GENERAL_CLINIC,,Dhanvantari Nagar,"HIG 132, opposite Community Hall, Dhanvantari Nagar, Jabalpur, Madhya Pradesh 482003",23.1599031,79.8743964,Shakti Nagar,070003 10464,,
b43e6483-f6e1-47c3-b66b-535c22ce5d1c,Eskag Sanjeevani CT Scan Center Jabalpur,IMAGING_CENTER,,South Civil Lines,"DIVISIONAL HOSPITAL, W Central Railway Line, Malhotra Compound, South Civil Lines, Jabalpur, Madhya Pradesh 482001",23.1607624,79.9425211,South Civil Lines,1800 102 2294,info@eskagsanjeevaniradiology.com,https://www.eskagsanjeevaniradiology.com/
a82ac4c2-cf6c-4c1f-923b-0bd1abb57432,Elgin hospital ashray sthal,HOSPITAL,,South Civil Lines,"5W9X+GFP, South Civil Lines, Jabalpur, Madhya Pradesh 482001",23.1683339,79.9486207,South Civil Lines,,,
a69e3987-4072-4a6e-a73a-16f82425e1ea,Sonal Nursing Home,NURSING_HOME,,Near Tayebali Chowk,"Near Tayebali Chowk, South Civil Lines, Jabalpur, Madhya Pradesh 482002",23.166565,79.938301,South Civil Lines,093001 05632,,
d848bc4c-b861-4f1e-aef0-53459d1d7ee1,Sarkar Hospital,HOSPITAL,,Karamchand Chowk,"289/292, Karamchand Chowk, Ganjipura Rd, opp. City Bengali Club, Ganjipura, Jabalpur, Madhya Pradesh 482002",23.1699765,79.9337562,Sadar Bazar,,,
106cc77b-7a2d-4ecb-9e79-0fc8a9c35043,Chhabra Hospital,HOSPITAL,,Bharipur Rd,"66, Bharipur Rd, Market, Bharipur, Galgala, Jabalpur, Madhya Pradesh 482002",23.173226,79.937291,Sadar Bazar,076126 22485,,
2b9a3944-a3c3-46ef-9dcc-133625678f51,Gondwana Hospital,HOSPITAL,,Marhatal,"5W9M+JJ4, Awadhpuri, Marhatal, Jabalpur, Madhya Pradesh 482002",23.169024,79.9340639,Sadar Bazar,,,
e62409b0-8d0c-4eb0-b888-0ebf016683ba,Life Care Clinic,GENERAL_CLINIC,,Sadar Bazar,"Sadar Bazar, Sadar, Jabalpur, Madhya Pradesh 482001",23.1532075,79.9472991,Sadar Bazar,093033 27075,,
f8f139e7-2ae4-419c-ac54-94a8b93746c9,Jabalpur Institute of Nursing Science & Research,GENERAL_CLINIC,,Jonesganj,"5WCP+6H5, Hitkarini Sabha Parisar, Near Victoria Hospital, Jonesganj, Jabalpur, Madhya Pradesh 482002",23.170502,79.9364979,Sadar Bazar,098263 36174,jinsar@hitkarini.edu.in,https://hinsar.hitkarini.com/
9bc53be5-c344-48b1-9a57-2a9c4e8e4348,Hospital,HOSPITAL,,Marhatal,"5W9M+CHJ, Awadhpuri, Marhatal, Jabalpur, Madhya Pradesh 482002",23.1685786,79.9338798,Sadar Bazar,,,
3956f611-2f0d-4aab-90b3-4e30673a1f33,Bharat Hospital And Research Center,HOSPITAL,,Main Road,"5WCF+JC9, Main Road, Patrakar Colony, Ranital, opposite Sports Stadium, Jabalpur, Madhya Pradesh 482002",23.1715317,79.923624,Kamla Nehru Nagar,076123 11049,,
df8d187b-698c-4d88-ac9b-a864a2c83ef7,HLT Hospital,HOSPITAL,,Labour Chowk,"Labour Chowk, Nove Adaresh Colony, Yadav Colony, Jabalpur, New Adaresh Colony, Madhya Pradesh 482001",23.1674017,79.9132741,Kamla Nehru Nagar,,,
76817940-e7d5-4300-8441-1910e9366d65,Shri balaji Multispeciality and research center jabalpur,MULTISPECIALTY_HOSPITAL,,Kamla Nehru Nagar,"JDA Building, Kamla Nehru Nagar, Madan Mahal, Jabalpur, New Adaresh Colony, Madhya Pradesh 482002",23.1691519,79.9116834,Kamla Nehru Nagar,087709 79590,,
e1882763-09e3-4455-a2c5-1b51c47188a4,Central Hospital,HOSPITAL,,Nove Adaresh Colony,"5W87+X88, Nove Adaresh Colony, Sneh Nagar, Jabalpur, New Adaresh Colony, Madhya Pradesh 482002",23.1674238,79.9133362,Kamla Nehru Nagar,,,
5f82d6db-2080-4e13-b744-3fd5a6f36856,Cghs Dispensary 2,GENERAL_CLINIC,,IBM colony,"5WC6+388, IBM colony, Labour Chowk, Jabalpur, Madhya Pradesh 482002",23.1701564,79.9108203,Kamla Nehru Nagar,,,
84e85d2a-0600-406b-8f08-6913cb155462,Govt. City Dispensary,GENERAL_CLINIC,,Thana Bazar,"Front OF Kotwalz, Thana Bazar, Uprainganj, Jabalpur, Madhya Pradesh 482002",23.1796,79.933638,Miloniganj,,,
f3d08b6d-bd5e-4474-a926-d9343d1ed1cb,Bima Hospital,HOSPITAL,,Ghamapur Rd,"5XG6+FQR, Ghamapur Rd, Lalmati, Jabalpur, Madhya Pradesh 482001",23.1762339,79.9618896,Miloniganj,,,
077c7796-89f4-4c79-9eea-9df72e78eb78,UPHC Ghamapur,GENERAL_CLINIC,,B.M Colony,"5XJ5+2JX, B.M Colony, Jabalpur, Vehicle Fac. Jabalpur, Madhya Pradesh 482001",23.1801114,79.9590956,Miloniganj,,,
826c89eb-3166-493f-9830-5ca6c3fdd03f,Seoni,GENERAL_CLINIC,,Central Ordinance Depot Area,"5XJP+HHM, Central Ordinance Depot Area, Jabalpur, Madhya Pradesh 482011",23.181467,79.9864071,Miloniganj,,,
8ee1b989-dc92-42f2-a1dd-18838ba4d2bd,Mukhyamantri Sanjeevani Polyclinic Motinala,POLYCLINIC,,Gohalpur,"5WPQ+HMV, Gohalpur, Jabalpur, Madhya Pradesh 482002",23.1860252,79.9386317,Miloniganj,,,
e96f9ae0-4f80-48fb-86ee-a09748ac2f12,Government Hospital,HOSPITAL,,Rani Durgavati University Campus,"Rani Durgavati University Campus, Jabalpur, Madhya Pradesh 482001",23.1611071,79.972455,Rani Durgavati,,,
19fabd36-2d93-40f8-8784-3f546823174e,Shri medico,GENERAL_CLINIC,,Sarvodaya Nagar,"Damoh Naka, Sarvodaya Nagar, Jabalpur, Madhya Pradesh 482002",23.1872673,79.9251233,Damohnaka,075660 04060,,
2dbbc4e6-e2c4-4397-932e-43b98a04bfd1,Lootne wala hospital लूटने वाला हॉस्पिटल,HOSPITAL,,Transport Nagar,"kuchaini parisar, Bus stand, Damoh Naka, Nr Kchetriya, Transport Nagar, Jabalpur, Madhya Pradesh 482002",23.1865254,79.9281741,Damohnaka,,,
e3d0188e-6fdb-4871-ae2b-58e3960f95a2,Life Line multispecility hopital,GENERAL_CLINIC,,Maharajpur,"6XC6+V2G, Maharajpur, Suhagi, Madhya Pradesh 482004",23.222197,79.96008,Damohnaka,0761 350 1202,,
3f5f13c8-6b90-4185-b8bc-ec46e4fa43de,HealthAssure - Metro Hospital and Cancer Research Centre | Imaging And Diagnostics | Ultrasound in Jabalpur,HOSPITAL,,Damoh Naka,"Bus stand, Kucheni Pansar Khetuja, Damoh Naka, Jabalpur, Madhya Pradesh 482002",23.187288,79.9285304,Damohnaka,095753 00104,,https://www.healthassure.in/
2ceda53c-186d-4548-9be7-b3eb30e850fd,SHRI RAM HOSPITAL,HOSPITAL,,Baznamath Chowk,"near Medical College, Baznamath Chowk, Shastri Nagar, Jabalpur, Madhya Pradesh 482003",23.1389624,79.8779168,Shastri Nagar,093433 17727,,https://sites.google.com/view/shri-ram-hospital/home
f9e26028-8847-46ff-8df0-2eb91ca22854,New shastri nagar near medical College hospital,HOSPITAL,,New Shastri Nagar,"4VRG+J38, New Shastri Nagar, Shastri Nagar, Jabalpur, Madhya Pradesh 482003",23.141529,79.8752096,Shastri Nagar,,,
54155f18-4814-4c73-ab3c-b1d2bebc2d0b,mukund clinic,GENERAL_CLINIC,,New Shastri Nagar,"4VRH+P2C, New Shastri Nagar, Shastri Nagar, Jabalpur, Madhya Pradesh 482003",23.1418017,79.8775093,Shastri Nagar,,,
599138f4-fc9a-46c3-87a3-167a4fa20464,Astra healthcare,GENERAL_CLINIC,,Vijay Nagar,"5WJ3+V9X, Vijay Nagar, Jabalpur, Madhya Pradesh 482002",23.1822455,79.903488,Shastri Nagar,,indiaastra089@gmail.com,http://www.astrahealthcareltd.com/
19813d9e-64b6-4e39-a4c2-2ba9fe8fbc60,"SUKH SAGAR MEDICAL COLLEGE & HOSPITAL,",HOSPITAL,,Chargawan,"Block- Bargi, SUKH SAGAR MEDICAL COLLEGE & HOSPITAL Mukanwara, Mouza, Chargawan, Jabalpur, Madhya Pradesh 482003",23.0577585,79.8430005,Gangasagar,0761 447 0000,app.+91-9303841084admissions@ssmch.infollow,http://www.ssmch.in/
71f680e0-ac4e-4e63-b403-6891a90f439c,Maxx Hospital And Trauma Center,HOSPITAL,,Ghamapur,"5WGW+5QP, BeoharBagh, Ghamapur, Jabalpur, Madhya Pradesh 482001",23.175466,79.9469656,Ghamapur,,,
c6122b66-f778-413a-9e97-56ecba8562b2,Kanchghar station road in front durgamandir,GENERAL_CLINIC,,Ghamapur,"5XH5+3XH, Ghamapur, Jabalpur, Madhya Pradesh 482001",23.1776963,79.9599769,Ghamapur,,,
9cbe6f02-5f9c-4227-8512-6d5a88b356ce,Vishal Medicose Discount,PHARMACY,,Ghamapur,"5XJ5+QVF, Bai Ka Bageecha, Ghamapur, Jabalpur, Madhya Pradesh 482001",23.1819365,79.9596858,Ghamapur,,,
33106694-82c7-4efc-8b17-70e7b6563b36,DUBEY HOSPITAL,HOSPITAL,,Beohar Raghuvir Sinha Rd,"5WGW+8HQ, Beohar Raghuvir Sinha Rd, Gurandi, Jabalpur, Madhya Pradesh 482001",23.1758345,79.9464756,Ghamapur,,,
1b81b487-ea31-4ce4-9f23-faa4b36bbb42,Ghamapur chowk Jabalpur,GENERAL_CLINIC,,Ghamapur,"5WGW+RCJ, Ghamapur, Jabalpur, Madhya Pradesh 482002",23.1770992,79.9460295,Ghamapur,,,
007340e9-8859-4c4f-99fe-6fec43583592,Dermalsure,DERMATOLOGY_CLINIC,,BeoharBagh,"Pandey Hospital, C/O - 499, BeoharBagh, Jabalpur, Madhya Pradesh 482002",23.1744294,79.9468688,Ghamapur,097555 27229,,https://www.dermalsure.com/
056aa701-f179-4928-9371-e4cd82864e31,"MODERN CT SCAN, XRAY, SONOGRAPHY,PATHOLOGY & ECG CENTER- Pathology Lab in Jabalpur | ECG Centre in Jabalpur",PATHOLOGY_LAB,,Highcourt road,"Behor bagh, Highcourt road, Near ghamapur chowk, Jabalpur, Madhya Pradesh, 482002, Jabalpur, Madhya Pradesh 482001",23.1752724,79.9467065,Ghamapur,088711 71988,,http://jabalpurhelpline.com/modern-digital-x-ray-sonography-ecg-and-pathology-center
8821860d-d6c1-49a4-9954-87267bc16b3f,Arihant Diagnostic Centre,DIAGNOSTIC_CENTER,,Lalmati,"5WGW+WFH, Lalmati, Jabalpur, Madhya Pradesh 482002",23.1773113,79.9462493,Ghamapur,,,
78d01725-2e87-4ef5-af3d-e2107d846ce6,Medi scan,GENERAL_CLINIC,,chowk,"chowk, Belbaag-Gurandi Rd, BeoharBagh, Ghamapur, Jabalpur, Madhya Pradesh 482001",23.1740405,79.9470528,Ghamapur,,,
22d60c9a-99e9-4276-80d7-082bc6561125,Bansal Pathology,PATHOLOGY_LAB,,Ghamapur,"46, Bai Ka Bageecha, Ghamapur, Jabalpur, Madhya Pradesh 482001",23.1762708,79.9465898,Ghamapur,070006 60814,,
5fdea439-c426-4e82-8ef6-2f6d1bbdecc7,Mediscan Sonography & Diagnostic Centre,IMAGING_CENTER,,Ghamapur Rd,"Ghamapur Rd, near Pandey Hospital, in front of Dr. Mukesh Khare Clinic, BeoharBagh, Jabalpur, Madhya Pradesh 482001",23.1740655,79.9470382,Ghamapur,,,
6b3cebae-2761-4020-ae8c-c54280bccb78,Chandan Hospital,HOSPITAL,,Gurunanak School Rd,"5W9P+44M, Gurunanak School Rd, opp. Guru Nanak Girls School, Patel Mohalla, Marhatal, Jabalpur, Madhya Pradesh 482002",23.1678284,79.9352961,Katanga,,,
798b8831-ae21-4a32-95c0-651ddb958584,Care Hi-Tech CT Scan Centre,IMAGING_CENTER,,Marhatal,"5W8J+RXG Civic Center, Awadhpuri, Marhatal, Jabalpur, Madhya Pradesh 482002",23.1668848,79.9323631,Katanga,,,
fb5d6356-432a-4a1a-8979-a5a60f5469b8,mi room grc,GENERAL_CLINIC,,Cantt,"4WVJ+8HV, Cantt, Jabalpur, Madhya Pradesh 482001",23.1433716,79.9314164,Tilhari,,,
a7208569-f220-4009-856b-8dfd7e4eb0d9,RAMPUR JANAROGYAM,GENERAL_CLINIC,,ROAD,"ROAD, opp. RAMPUR PETROL PUMP, Adarsh Nagar, Gwarighat, Jabalpur, Madhya Pradesh 482001",23.1379096,79.9270415,Tilhari,,,
9d2227a6-2c52-4d9b-b175-2d6c685cd69b,Dant Chikitsalaya Clinic,GENERAL_CLINIC,,Gorakhpur Main Rd,"Hawabagh Church, Gorakhpur Main Rd, Ratan Colony, Gorakhpur, Jabalpur, Madhya Pradesh 482001",23.1454279,79.9276362,Tilhari,074890 93377,,
10eb6304-f3bd-4551-bfa8-7c1e2f5b93ed,Antriksh Sonography Centre,IMAGING_CENTER,,MCI Colony,"4WVG+2GQ, MCI Colony, Katanga, Jabalpur, Madhya Pradesh 482001",23.1423646,79.9263567,Tilhari,070675 73772,,
b6bddda6-7422-46e6-8641-aa6320fcb674,LIFE STYLE MODIFICATION CLINIC,GENERAL_CLINIC,,MCI Colony,"Ojas Imperia, GOLDEN WOMENS CARE HOSPITAL, near HAWA BAGH CHURCH, MCI Colony, Katanga, Jabalpur, Madhya Pradesh 482001",23.1435699,79.9270967,Tilhari,,,
84d991c9-43b6-4b46-a79b-6c293770514d,Shree Shubh Medical,GENERAL_CLINIC,,Cherital Road,"5WJG+98H, Cherital Road, Sarvodaya Nagar, Jabalpur, Madhya Pradesh 482002",23.1809263,79.9258472,Tilhari,079991 53465,,
a0ebd35c-8ba7-48fd-aa54-56c5f702b89d,Bharat Lab Pathology,PATHOLOGY_LAB,,Mandla - Jabalpur Rd,"4X9C+QWJ, Mandla - Jabalpur Rd, Tilhari, Jabalpur, Madhya Pradesh 482020",23.1194522,79.972258,Tilhari,,,https://sites.google.com/view/bharat-lab-tilhari-jabalpur/home
cd358ce0-0221-42ae-a576-d7a7b0fa58c8,Om Sai Ram Maa Reva Ambulance Service,GENERAL_CLINIC,,Andherdeo Rd,"465, Andherdeo Rd, Ganjipura, Jabalpur, Madhya Pradesh 482002",23.1714542,79.9361661,Barela,093005 17061,,
93d616a5-47c0-4f68-beaa-386c08ded626,JABALPUR PATHOLOGY,PATHOLOGY_LAB,,21. Hitkarini Market,"21. Hitkarini Market, opp. Seth Govind Das District Hospital, Madhya Pradesh 482002",23.1716851,79.9360865,Barela,076124 04939,,
32018f14-8d49-423b-b29e-71dab8971ba2,Dr. Vet Animal Hospital,HOSPITAL,,Napier Town,"272, In Front of NES Law College, near Naveen Vidya Bhavan School, Napier Town, Jabalpur, Madhya Pradesh 482001",23.160408,79.9346808,Barela,075828 84488,,https://www.apnabusinesscard.com/Dr-Vet-24x7-Animal-Hospital
3961b1ae-338c-4552-a1d4-08962a5a03f8,COMMUNITY HEALTH CENTER MADOTAL,ENT_CLINIC,,Manmohan Nagar,"141/2, near Gayatri Temple, Manmohan Nagar, Transport Nagar, Jabalpur, Madhya Pradesh 482002",23.1930719,79.9208627,Panagar,070678 88521,,
8a594abc-8f91-4626-bf50-243a384c8f3c,Government Hospital,HOSPITAL,,Panagar,"7XMV+4FX, Panagar, Madhya Pradesh 483220",23.2828596,79.9937199,Panagar,,,
7b3b51c1-89fa-4b1a-8829-7476b90e24b9,Samudhayik Swasthyakendra,GENERAL_CLINIC,,NH7 Road,"Near Saraswati Sisumandir School, NH7 Road, Panagar, Jabalpur, Madhya Pradesh 483220",23.2828689,79.993578,Panagar,,,
5565f618-3e0c-4c8f-a9bb-d2c68c01015d,Jabalpur Mall Samdariya,GENERAL_CLINIC,,Panagar,"NH 30, Panagar, Madhya Pradesh 483220",23.2909781,79.9962341,Panagar,,,
2134f0d6-3cad-4840-9b86-7a6fb5c1f0c0,Hare Narayan Surgical,SURGICAL_CENTER,,Marhatal,"5W8M+QHW, Awadhpuri, Marhatal, Jabalpur, Madhya Pradesh 482002",23.1669794,79.9339461,Bhedaghat,,,
81531687-13e5-4c6c-a3ce-d365d5917c3a,✅𝗦𝘂𝗻 𝗣𝗮𝘁𝗵 𝗟𝗮𝗯 - Best Pathology Lab/Top Pathology/Path Labs/Near me/Full body Checkup in Jabalpur,PATHOLOGY_LAB,,Russel Chowk,"jabalpur hospital, Shop no. 2 sidhhi vinayak plaza, Front Of, Russel Chowk, Jabalpur, Madhya Pradesh 482001",23.1624868,79.9361229,Bhedaghat,093007 55303,,https://www.sunpathlab.com/
5390e394-a3d2-478c-8439-40e9b390e63c,Adarsh Nursing Home And Prasuti Grah,NURSING_HOME,,Raddi Chowk,"5WVR+24W, Raddi Chowk, Jabalpur, Madhya Pradesh 482002",23.1926073,79.9403224,Gohalpur,098931 11012,,
5856017e-fb3c-4a66-b071-09f62223bed9,Dr inayat warsi,GENERAL_CLINIC,,Madar Tekri Rd,"5WPR+5M7, Madar Tekri Rd, Gohalpur, Jabalpur, Madhya Pradesh 482002",23.1854238,79.9416687,Gohalpur,,,
943af030-52dc-4c4c-87eb-37077f0844a2,Urban PHC Adhartal,GENERAL_CLINIC,,Jabalpur,"2382, Adhartal, Jabalpur, Vehicle Fac. Jabalpur, Madhya Pradesh 482002",23.1878023,79.9437565,Gohalpur,,,
f8cbed94-6576-4ff7-972e-3389e93a26f9,Baba Medical store,PHARMACY,,Suji Mohalla,"5WPM+FHG, Suji Mohalla, Gohalpur, Jabalpur, Madhya Pradesh 482002",23.1861951,79.9339586,Gohalpur,,,
12c98484-8c60-4b6f-96d5-be33e3dacfbc,Shri Ram Medical,GENERAL_CLINIC,,Dhanwantri Nagar,"5WMG+H8P, Dhanwantri Nagar, Vikas Nagar, Jabalpur, Madhya Pradesh 482002",23.1839655,79.9258381,Gohalpur,088198 71221,,
f2886d17-ee82-4b65-b58f-4e31afc8b910,National Max Health Care,GENERAL_CLINIC,,Sarvodaya Nagar,"5WJG+WJP, Sarvodaya Nagar, Jabalpur, Madhya Pradesh 482002",23.1823471,79.9265862,Gohalpur,,,
0eb1bc64-89d0-4a45-aac8-fb7f8b267b8b,"U-Primary health center,shanti nagar",ENT_CLINIC,,Shanti Nagar,"5WQG+JVM, Shanti Nagar, Jabalpur, Madhya Pradesh 482002",23.1890938,79.9271733,Gohalpur,,,
47d5a00d-9d9c-433d-9810-89556ca5776c,Govt. Vaccination center gohalpur,ENT_CLINIC,,Gohalpur,"5WPQ+F85, near motinala hospital, Gohalpur, Jabalpur, Madhya Pradesh 482002",23.1861462,79.9383726,Gohalpur,,,
2dc75069-58fa-4989-b7ab-9d1eeb68ae49,Shahari Prathmik Swasth Kendra,GENERAL_CLINIC,,Unnamed Road,"5WQG+MRW, Unnamed Road, Shanti Nagar, Jabalpur, Madhya Pradesh 482002",23.1892261,79.9270929,Gohalpur,,,
ef0517b3-0df7-4c04-9d83-88994ca3f2c3,Chhavi Super Speciality Eye Hospital,HOSPITAL,,Gupta Colony,"5W7G+993, Gupta Colony, Jabalpur, Madhya Pradesh 482002",23.1633929,79.9259116,Wright Town,,,
57501f80-0e1c-40f7-ba73-fdf1ac26d263,HealthAssure - Samart Shri Multispeciality Hospital | Diagnostic centre Jabalpur | Blood Tests & Ultrasound,MULTISPECIALTY_HOSPITAL,,Ukhri Rd,"Bansi Tower, Ukhri Rd, Chowk, Jabalpur, Madhya Pradesh 482002",23.1802922,79.9178644,Wright Town,088171 71888,,https://www.healthassure.in/
76cbce66-e08a-40ac-a497-aa8b2f41eb1d,Avinash Heart Center & Multispeciality hospital,MULTISPECIALTY_HOSPITAL,,Napier Town,"5W5J+P3H, Shastri Bridge, Napier Town, Jabalpur, Madhya Pradesh 482001",23.1593112,79.9302246,Napier Town,,,
f54af97b-8a74-4133-b589-9ec1f56f8a03,Ashis Hospital,HOSPITAL,,Jabalpur Hospital to Shastri Bridge Rd,"5W6P+RJC, Jabalpur Hospital to Shastri Bridge Rd, Napier Town, Jabalpur, Madhya Pradesh 482001",23.1620527,79.9365114,Gorakhpur,,,
16489ceb-121f-412a-8239-b60d605a1b1f,MEDILIFE MULTISPECIALITY HOSPITAL,MULTISPECIALTY_HOSPITAL,,Gaytri Mandir Rd,"Gaytri Mandir Rd, Manmohan Nagar, Transport Nagar, Jabalpur, Madhya Pradesh 482002",23.1915776,79.9199311,Adhartal,094249 49973,,
6e1a8e01-cd4f-4f8e-8687-1c48b2cb219b,VFJ Hospital,HOSPITAL,,Shobhapur,"6X7P+RP6, Vehicle Factory Estate, Shobhapur, Jabalpur, Madhya Pradesh 482009",23.2145392,79.9867766,Tilwara,,,
c269ca3d-7e03-4929-88b3-2647da04c46e,DR SANJAY JAIN,GENERAL_CLINIC,,93/11,"93/11, cherital, Madhya Pradesh 482002",23.1814524,79.9267106,Cherital,,,
0f4eb32b-3cf2-4b23-bb9d-1f340945b86d,Arogya Poly Clinic Jabalpur,GENERAL_CLINIC,,MR-4 Rd,"5X3F+35F, MR-4 Rd, Kanchan Vihar, Vikas Nagar, Jabalpur, Madhya Pradesh 482001",23.1526761,79.9729279,Damohnaka,091790 02842,,
55a245bb-9fc6-4fd4-aef7-f7a1364a610e,Max hospital,HOSPITAL,,ghamapur chowk,"Building No. 01, Infront of Modern Xray, ghamapur chowk, Bai Ka Bageecha, Ghamapur, Jabalpur, Madhya Pradesh 482001",23.1755212,79.9468843,Ghamapur,,,
8ffb5fc1-b3c9-4d69-b92d-81655653da81,Blue sky multi-speciality hospital,HOSPITAL,,Chandan Colony,"True, Chandan Colony, Ganga Nagar, Jabalpur, Madhya Pradesh 482003",23.1604948,79.8927261,Sanjeevani Nagar,098263 05051,,
82af3494-5096-4499-b1a7-e3d818c2490f,Shri Sampati Multi Speciality Clinic,GENERAL_CLINIC,,beside Police Chowki,"beside Police Chowki, Belkhadu, Jabalpur, Madhya Pradesh 482002",23.2820784,79.8619113,Jabalpur Cantt,090097 17267,,
0f76d555-204c-4aad-93ac-de22ce8b1441,Elixir health clinic,GENERAL_CLINIC,,besides victoria hospital,"Shop 4, J K medical shop, besides victoria hospital, Jabalpur, Madhya Pradesh 482002",23.171102,79.937387,Jabalpur Cantt,,,
5e7ad81c-4127-48fd-a649-8dc853aff437,Sanjeevani Hospital,HOSPITAL,,Jabalpur,"5XQ2+97J, Adhartal, Jabalpur, Vehicle Fac. Jabalpur, Madhya Pradesh 482002",23.1884705,79.9506388,Sanjeevani Nagar,,,
f339ed1b-0f2e-4398-ad86-89b3c8a1196d,Apollo Clinic,GENERAL_CLINIC,,Wright Town,"1331, near IDBI Bank Regional Office, Wright Town, Jabalpur, Madhya Pradesh 482002",23.1682882,79.9237253,Wright Town,078801 21302,,https://apolloclinic.com/
e739e639-1054-4e64-bca0-426328630899,Shyamanand Clinic,GENERAL_CLINIC,,Sneh Nagar Rd,"Gate No, 4, Sneh Nagar Rd, Wright Town, Jabalpur, Madhya Pradesh 482002",23.163998,79.921213,Wright Town,076124 12123,,
fc9acd19-5ee5-4f9d-9f0b-0e63918adab0,Dr Parimal Swamy Clinic,GENERAL_CLINIC,,Wright Town,"5W9F+8F9, Wright Town, Jabalpur, Madhya Pradesh 482002",23.1682882,79.9237253,Wright Town,,,
76e6269b-c9fd-4780-adcc-68396fd94a35,Aadya Clinic,GENERAL_CLINIC,,Wright Town,"1, Wright Town, Jabalpur, Madhya Pradesh 482002",23.1657797,79.9230307,Wright Town,093020 72936,,
8909d366-c4de-4fb8-8226-285089f6683c,Hope Health Clinic,GENERAL_CLINIC,,Napier Town,"madan mahal police stalion, Napier Town, Jabalpur, Madhya Pradesh 482002",23.1627667,79.920856,Wright Town,078699 96061,,
d2e0cf44-f8bf-4292-ba33-0a458facbb82,Chauhan Care Clinic,GENERAL_CLINIC,,Napier Town,"5W7M+94M, Napier Town, Jabalpur, Madhya Pradesh 482002",23.163467,79.932784,Napier Town,093035 88899,,
3a6fd260-0adf-4afb-8474-a8d87011fa78,DR DADARYA,GENERAL_CLINIC,,Napier Town,"Centre Plaza, Naudira Bridge, Napier Town, Jabalpur, Madhya Pradesh 482002",23.1659965,79.9371809,Napier Town,076126 24456,,
6d2683f5-d78b-457e-919b-8fba7d655f05,Polyclinic,POLYCLINIC,,Napier Town,"5W7M+94P, Napier Town, Jabalpur, Madhya Pradesh 482002",23.1634609,79.93283,Napier Town,099939 14848,,
fd7a89e2-4c65-4e5b-92b0-e58d735096df,CALORIES RULE DIET CLINIC by RAJIV MALVIYA,GENERAL_CLINIC,,in front of Bhavartal Garden Road,"SF-3, KHUSHI PLAZA, in front of Bhavartal Garden Road, Napier Town, Jabalpur, Madhya Pradesh 482002",23.1637798,79.9338724,Napier Town,088898 88059,,
bce268f2-f6af-4fc7-afaf-5606511f6a3b,Dr Lal PathLabs - Patient Service Centre,PATHOLOGY_LAB,,Russel Chowk,"No 46, Ahuja Towers, Russel Chowk, Napier Town, Jabalpur, Madhya Pradesh 482001",23.1629234,79.9371941,Napier Town,08071 891 524,,https://labs.lalpathlabs.com/dr-lal-pathlabs-patient-service-centre-diagnostic-centre-napier-town-jabalpur-289012/Home?utm_source=locator&utm_medium=googleplaces
dc3edd32-1954-49ae-8347-24e2baea1089,Seva Health Care Center,ENT_CLINIC,,Shastri Bridge Square,"5W6J+353, Shastri Bridge Square, Jabalpur, Madhya Pradesh 482001",23.1601359,79.930414,Napier Town,094247 69326,,
8fb2a7a6-6ae3-4c85-8588-180190d94694,Metropolis Labs | Blood Test & Diagnostic Centre in Jabalpur,PATHOLOGY_LAB,,Road,"Ground Floor, Nahta Tower, MLB school, No 631/1P, Road, Napier Town, Jabalpur, Madhya Pradesh 482001",23.1609367,79.9286618,Napier Town,0731 687 8835,,https://www.metropolisindia.com/lab/diagnostic-centre-in-no-1583-home-science-clg-rd-napier-town-jabalpur
c6a4b66d-baca-49d2-83bc-62bb6c5e2bfd,Anuj Shrivastava,GENERAL_CLINIC,,Napier Town,"1298, opposite Punjabi Barat Ghar, Napier Town, Jabalpur, Madhya Pradesh 482002",23.159923,79.9245454,Napier Town,094251 60051,,
55e3c3fe-8a4b-4e02-bfe8-8cb7728a882e,Dr Nema Varicose Veins।Laser। HairTransplant। Cosmetic Surgery,DERMATOLOGY_CLINIC,,Krishna Hotel Road,"Behind Sunil Hosiery Shop, Krishna Hotel Road, near Bhanwartal Garden, Napier Town, Jabalpur, Madhya Pradesh 482002",23.1636876,79.9329743,Napier Town,084610 04106,,
5aa278c8-5b1c-44b6-b1d7-244cf62dd40d,All medical services,GENERAL_CLINIC,,Kripal Chowk Rd,"Kripal Chowk Rd, Madan Mahal, Jabalpur, Madhya Pradesh 482001",23.1502514,79.9155044,Madan Mahal,093029 71711,,
2eac0aea-6003-4ac6-b91f-0d1ee013dddc,Shah Poly Clinic,GENERAL_CLINIC,,Nagpur Rd,"No 421, Nagpur Rd, Madan Mahal, Jabalpur, Madhya Pradesh 482001",23.1568722,79.9193543,Madan Mahal,,,http://7.197.68.157/
5db38eef-04bf-45df-a938-8cf7f92151e1,"Sandhu Diagnostics (Dr Narinder Singh Sandhu) (MBBS,MD. Radiology) Govt Medical College, Jabalpur",DIAGNOSTIC_CENTER,,Wright Town,"1st Floor, 1290, Wright Town, Manas Bhawan Chowk Corner Building, above BOSCH, beside Hotel Chandni, Jabalpur, Madhya Pradesh 482002",23.1655494,79.9287692,Madan Mahal,076124 14436,,
fb6a21ec-489f-44f4-9f5f-b73c6e3b3102,SRL Diagnostics- ( Authorized Home Collection Partner ),DIAGNOSTIC_CENTER,,Stadium Market,"SHOP NO. 11, Stadium Market, Gau Mata Chowk, Wright Town, Jabalpur, Madhya Pradesh 482002",23.165073,79.9262564,Madan Mahal,077470 42100,,
8676dc1f-a9ba-4c9f-a6c9-7d5fac1dde22,INFINITY DIAGNOSTICS,DIAGNOSTIC_CENTER,,Madan Mahal Railway Station Rd,"Madan Mahal Railway Station Rd, Wright Town, Jabalpur, Madhya Pradesh 482002",23.165673,79.9222473,Madan Mahal,093296 71202,,https://www.instagram.com/infinitydiagno_stics?igsh=MW95ZzAyNHN6MDhtbA==
3dbcadc3-9e2a-46fd-bc9c-e77a5a1b8e3c,"Agilus Diagnostics - Goumata Chowk, Jabalpur | Blood Test | Full Body Health Checkup | Pathology Lab",PATHOLOGY_LAB,,Stadium Market,"Shop No 12, Stadium Market, Gau Mata Chowk, Wright Town, Jabalpur, Madhya Pradesh 482002",23.1652472,79.9278837,Madan Mahal,080 3783 9133,,https://labs.agilusdiagnostics.com/agilus-diagnostics-goumata-chowk-jabalpur-blood-testing-service-gau-mata-chowk-jabalpur-370590/Home
1c16d4f9-49f7-4d9f-974c-a99562afe9ee,Beohar Clinic,GENERAL_CLINIC,,Premnagar,"5W49+HMX, Opposite Shah Medico & Electronics, Premnagar, Madan Mahal, Jabalpur, Madhya Pradesh 482001",23.1564759,79.9192209,Madan Mahal,098262 59916,,
eb626729-aab9-4eef-ab60-0e5798985bbd,HealthAssure - Bombay Hospital and Research Centre | Diagnostic centre Jabalpur | Blood Tests & Ultrasound,HOSPITAL,,Gole Bazar,"Dr. C. S. Singhai, Gole Bazar, Wright Town, Jabalpur, Madhya Pradesh 482002",23.1685818,79.9282554,Madan Mahal,094251 54772,,https://www.healthassure.in/
e5b43ab6-0e16-4870-9ad9-1967bf625ddd,Dr Kastwar Clinic,GENERAL_CLINIC,,Ratan Colony,"Johnson Towers, Ratan Colony, Gorakhpur, Jabalpur, Madhya Pradesh 482001",23.1473172,79.9268925,Gorakhpur,,,
f4e53827-9ae6-471d-beff-436d43819259,"VLCC Skincare, Beauty & Wellness Center - (Gorakhpur, Jabalpur)",DERMATOLOGY_CLINIC,,Thana Road,"Building No 48, Gorakhpur, Thana Road, below Anytime Fitness, Hathital, Gorakhpur, Jabalpur, Madhya Pradesh 482001",23.1468052,79.9259246,Gorakhpur,08071 655 183,,https://salon.vlcc.com/vlcc-salon/stores-in-jabalpur/stores-in-Gorakhpur/vlcc-skincare-beauty-wellness-center-in-Gorakhpur-jabalpur--5VVqEV/home
b8e51bc4-cb1b-4510-81f0-7f55416ca884,Jabalpur Clinic & Day Care Centre,ENT_CLINIC,,behind Housing Board Market,"HIG-165, behind Housing Board Market, Dhanvantri Nagar, MP Housing Board Colony, Chowk, Jabalpur, Madhya Pradesh 482003",23.1560226,79.8740447,Gorakhpur,079872 85345,,https://www.apnabusinesscard.com/Jabalpur-Clinic-and-Day-Care-Center
fd5ca15e-33c0-49c1-adc2-15931382a33c,Dodeja Clinic,GENERAL_CLINIC,,Gorakhpur Main Rd,"5W3H+FWM, Gorakhpur Main Rd, Gorakhpur, Jabalpur, Madhya Pradesh 482001",23.1537047,79.9297856,Gorakhpur,0761 401 7969,,
4e7067dc-93fc-4dd1-ac04-9926ff0fec96,anushree clinic,GENERAL_CLINIC,,Ratan Colony,"5W2H+FW4, Ratan Colony, Gorakhpur, Jabalpur, Madhya Pradesh 482001",23.15114,79.929822,Gorakhpur,093401 42527,,
6d37dad7-b62d-46af-9a79-0adeb409007d,Leucoderma Clinic,DERMATOLOGY_CLINIC,,Sharda Market,"Sharda Market, Gorakhpur, Jabalpur, Madhya Pradesh 482001",23.1538838,79.9285849,Gorakhpur,076123 45283,,
3afc8006-83aa-4047-aa78-34b921066633,Prime Diagnostic - Sonography & Color Doppler (Dr. Prachi Saxena),IMAGING_CENTER,,Gorakhpur,"F-14,Johnson Tower,Bandariya Tiraha, in front of Maharishi School, Gorakhpur, Jabalpur, Madhya Pradesh 482001",23.1461773,79.9267728,Gorakhpur,094243 13270,,https://www.apnabusinesscard.com/Prime-Diagnostics
be0010f8-5490-4e67-a2e7-465d1f0bac72,Suburban Diagnostics - Pathology Lab in Jabalpur (Gorakhpur),PATHOLOGY_LAB,,Azad Chowk,"Bhalla Pathology Centre, 1361, Azad Chowk, Gorakhpur, Jabalpur, Madhya Pradesh 482001",23.1531112,79.93156,Gorakhpur,022 6170 0000,,https://www.suburbandiagnostics.com/
48ebb597-0273-4dcd-8d68-2e4f506c6d14,Lakshya pathology,PATHOLOGY_LAB,,Gorakhpur,"2569, Gorakhpur, Jabalpur, Madhya Pradesh 482001",23.1534107,79.9300469,Gorakhpur,094247 72292,,
e80a4952-520d-4e26-8b21-daa766074a7c,DIMS Lab Pathology - Best Medical Laboratory Center in Jabalpur,PATHOLOGY_LAB,,Gorakhpur,"Awasthi compound Shankracharya square, Gorakhpur, Jabalpur, Madhya Pradesh 482001",23.1533681,79.9279817,Gorakhpur,062675 68809,,
a054c089-14e9-401b-88eb-9236da9b45b7,Jabalpur Nasha mukti kendra,GENERAL_CLINIC,,Gorakhpur,"behind W showroom, Gorakhpur, Jabalpur, Madhya Pradesh 482001",23.1529323,79.9349402,Gorakhpur,081090 67849,,
fd867aee-710d-49da-a3c1-db0cf8d9acba,Om Narmadey Medical And General Stores,GENERAL_CLINIC,,Gorakhpur,"Gurudwara, opp. Gorakhpur, Gorakhpur, Jabalpur, Madhya Pradesh 482001",23.1531399,79.9328291,Gorakhpur,099930 17447,,
bda4867b-485a-4a57-b597-7a415cd426ee,Bhalla Path Lab,PATHOLOGY_LAB,,Gorakhpur,"5W3J+6JM, Gorakhpur, Jabalpur, Madhya Pradesh 482001",23.1530954,79.9315371,Gorakhpur,,,
a90ab306-39bb-4649-a813-324cce194e7e,Dr JD Ansari Clinic,GENERAL_CLINIC,,Azad Nagar,"5XR2+H6G, Azad Nagar, Adhartal, Jabalpur, Madhya Pradesh 482004",23.1914497,79.9505839,Adhartal,,,
8cd6617c-b455-4d56-ba8c-acfc5765c4dd,New Jabalpur Clinic,GENERAL_CLINIC,,Ram Nagar,"5WWQ+XRG, Ram Nagar, Bhumi Vikash Bank Colony, Adhartal, Jabalpur, Madhya Pradesh 482004",23.197431,79.939571,Adhartal,,,
b561d115-46ac-4775-9b50-fec271f392c8,Sudeep clinic,GENERAL_CLINIC,,Mansarovar Colony,"Sudeep clinic, police station, opp. Adhartal, Mansarovar Colony, Adhartal, Jabalpur, Madhya Pradesh 482004",23.1982586,79.9504909,Adhartal,,,
5efe1bed-9ac1-467a-8219-bf313722b003,Dr. H R Ansari Primary Health Care Centre,ENT_CLINIC,,Sanskar Colony,"6W4R+Q68, Sanskar Colony, Pushpak Nagar, Adhartal, Jabalpur, Madhya Pradesh 482004",23.2069101,79.9405651,Adhartal,,,
519ab30c-d27c-4863-8ba2-a45c9f73f993,Seejal Clinic,GENERAL_CLINIC,,Neta Colony,"5XX3+6MR, Neta Colony, Mansarovar Colony, Adhartal, Jabalpur, Madhya Pradesh 482004",23.1981022,79.9541274,Adhartal,093021 74299,,
59db0b5b-411f-4413-9458-bdbdaddc2ea2,New unique poly clinic Dr Nazia,GENERAL_CLINIC,,raza chowk,"raza chowk, Azad Nagar, Anand Nagar, Adhartal, Jabalpur, Vehicle Fac. Jabalpur, Madhya Pradesh 482004",23.194578,79.9484936,Adhartal,,,
ca4654df-f1f1-47c3-8081-13ebe3facddf,Diabetic care clinic,GENERAL_CLINIC,,Adhartal,"5WMV+F89, Adhartal, Jabalpur, Madhya Pradesh 482002",23.1836715,79.9433631,Adhartal,,,
976bc829-19cf-4fce-876e-7a74e829761b,Dr. P C Sahu Clinic,GENERAL_CLINIC,,Mansarovar Colony,"5XW3+X55, Mal Saba Katra, Mansarovar Colony, Adhartal, Jabalpur, Madhya Pradesh 482004",23.1973998,79.9529721,Adhartal,090398 68577,,
13d9edd2-8035-48d0-a7e2-8eb630e6c5c4,K.G.N. Clinic,GENERAL_CLINIC,,Raddi Chowki,"5WWQ+FC6, Raddi Chowki, Jamia Chowk, Gaji Nagar, Jabalpur, Madhya Pradesh 482004",23.1961524,79.938524,Adhartal,098273 38986,,
80ab15d8-ebfa-4743-9f3f-d77ff47a489c,Fair Clinic,GENERAL_CLINIC,,near Raza Colony,"5WWQ+WHF, near Raza Colony, Ram Nagar, Adhartal, Jabalpur, Madhya Pradesh 482004",23.1973149,79.9389145,Adhartal,088393 33646,,
13663a64-4742-490a-a5c9-80efd43c7328,Khidamat hospital,HOSPITAL,,5WXX+84H Aadarsh colony,"5WXX+84H Aadarsh colony, Anand Nagar, Adhartal, Jabalpur, Madhya Pradesh 482004",23.1980093,79.9478894,Adhartal,,,
c1ed3e39-e43d-4125-a87d-6e4036e1a000,City Clinic,GENERAL_CLINIC,,Bahara Bagh,"5WQR+5JV, Bahara Bagh, Jabalpur, Madhya Pradesh 482002",23.187997,79.941553,Adhartal,098272 78603,,
f3c988ac-606c-46cf-9122-bf4b36c4e610,डॉ. प्रतीक मिश्रा दाँत का दवाखाना,GENERAL_CLINIC,,Jai Prakash Nagar Rd,"5WXW+FJP, Jai Prakash Nagar Rd, Ravindra Nagar, Adhartal, Jabalpur, Madhya Pradesh 482004",23.1987145,79.9465693,Adhartal,089594 93979,,
6aece258-5241-497e-ba53-a26dbf96954b,AAROGYA WELLNESS ADVANCE NATUROPATHY AND SKIN CARE CENTRE,DERMATOLOGY_CLINIC,,Main Rd,"6X22+M3Q Ambika tower, Main Rd, Jawahar Nagar, Adhartal, Jabalpur, Madhya Pradesh 482004",23.2017576,79.9502553,Adhartal,,,
f1b6ad53-c21b-4219-9747-a80febd46ea5,Prime Health Care Center,ENT_CLINIC,,Jai Prakash Nagar Rd,"5WXX+W8R, Jai Prakash Nagar Rd, Ravindra Nagar, Adhartal, Jabalpur, Madhya Pradesh 482004",23.1998538,79.9482549,Adhartal,,,
ce79efca-df62-4296-8a89-25393c1daed0,Vikas e.h clinic and research center,ENT_CLINIC,,tiwari market,"tiwari market, behind sbi atm, Jawahar Nagar, Adhartal, Jabalpur, Madhya Pradesh 482004",23.2035024,79.9520011,Adhartal,083758 27625,,
1c6d205f-200d-4885-b900-b5f66e75bd81,Rk Clinic,GENERAL_CLINIC,,100 Katra Yashwant Nagar,"100 Katra Yashwant Nagar, Madhya Pradesh 482004",23.1975158,79.959687,Adhartal,093997 18518,,
52b83fa2-486e-4294-921d-612e628edf8a,medical shop,GENERAL_CLINIC,,Jai Prakash Nagar,"Jai Prakash Nagar, Adhartal, Jabalpur, Madhya Pradesh 482004",23.2031766,79.9451381,Adhartal,062644 15957,,
eb08d093-d7ba-4246-a328-1d1d20fb2bf0,Sanjeevni Prakritik Chikitsalay,GENERAL_CLINIC,,Jawahar Nagar,"6X32+Q58, Jawahar Nagar, Adhartal, Jabalpur, Madhya Pradesh 482004",23.2044121,79.9504441,Adhartal,090989 64872,,
69b9b171-d984-4ee6-87cc-f4345339bea1,APEX PET CLINIC & SHOP,GENERAL_CLINIC,,near Anand Nagar,"Amar Complex, Bus Stop, near Anand Nagar, opposite Springday School, Ravindra Nagar, Adhartal, Jabalpur, Madhya Pradesh 482004",23.1979602,79.9454935,Adhartal,089891 25226,,https://jabalpurhelpline.com/apex-pet-clinic-and-shop
60081a41-bdc9-4439-8246-7122e3c3153d,Rehman clinic,GENERAL_CLINIC,,Ganji Nagar,"redimed garments, Ganji Nagar, Adhartal, Jabalpur, Madhya Pradesh 482002",23.1925087,79.9359804,Adhartal,,,
6466a1e9-d5cb-426b-8ce4-a50ccf7ed323,Clinic Dr. Sajid Usmani,GENERAL_CLINIC,,Dimpi Rd,"5WRW+85H, Dimpi Rd, Adhartal, Jabalpur, Madhya Pradesh 482002",23.190809,79.9454749,Adhartal,,,
7b04b984-cfb9-4be8-85a6-d9235786353f,Unity Diagnostic,DIAGNOSTIC_CENTER,,3 Raddi Choki,"3 Raddi Choki, Madhya Pradesh 482004",23.198626,79.9464283,Adhartal,096302 93396,,
c96a5351-31a4-4997-9c63-008bad55d4a7,"Near Sonam kirana,Gali No.2, Nai Basti Gopalpur , Adhartal, Jabalpur",GENERAL_CLINIC,,Adhartal,"SMI32, Nai Basti Gopalpur, Adhartal, Jabalpur, Madhya Pradesh 482002",23.2003249,79.9356743,Adhartal,,,
92cc517d-23e9-42eb-9d4f-3dda8978afcf,"Sai Clinic & Pathology Center,Jabalpur",PATHOLOGY_LAB,,Aadi shakti market,"Aadi shakti market ,Akash Vihar, Vijay Nagar Road, Kali mandir Road, near Chungi naka, Jabalpur, Madhya Pradesh 482002",23.196917,79.9074014,Vijay Nagar,084350 21414,,http://www.saiclinicpathologyjabalpur.com/
bb66d779-7d06-425e-b17d-1036f80ff843,Dr OP Rsichandani Clinic,GENERAL_CLINIC,,Vijay Nagar,"145, Deendayal Upadhyay Marg, Vijay Nagar, Jabalpur, Raksha, Madhya Pradesh 482002",23.1926803,79.913297,Vijay Nagar,,,
4a1a55eb-8c54-434d-b95d-18c6541a743a,Harbhoomi Clinic,GENERAL_CLINIC,,001 Shatabdipuram Colony,"001 Shatabdipuram Colony, Vijay Nagar, Jabalpur, Madhya Pradesh 482002",23.1775089,79.9126702,Vijay Nagar,080850 90558,,https://jabalpurhelpline.com/harbhoomi-clinic
e4efeb41-41ac-4bff-881c-430697b4a579,Hakeem Ghulam Hussain Quadri,GENERAL_CLINIC,,raza chowk,"raza chowk, Anand Nagar, Durga Nagar, Jabalpur, Madhya Pradesh 482004",23.1948745,79.9478722,Vijay Nagar,094247 80026,,
45e161c5-4094-45dc-9c58-db8dd042889b,Thyrocare Vijay Nagar,GENERAL_CLINIC,,near SBI Chowk,"SHOP No Z, 20, Krishi Upaj Mandi Gali, near SBI Chowk, Vijay Nagar, Jabalpur, Raksha, Madhya Pradesh 482002",23.1877127,79.9150668,Vijay Nagar,081095 93934,,http://www.thyrocare.com/
05c71d15-a5e3-4cf7-b954-7cd76bfef1e7,Lupin Diagnostics | Pathology Lab & Full Body Checkup in Jabalpur,PATHOLOGY_LAB,,Ahinsa Chowk,"Sant Santa Samiti, Ahinsa Chowk, now, Vijay Nagar, Jabalpur, Raksha, Madhya Pradesh 482002",23.1845585,79.9095965,Vijay Nagar,074001 69631,,https://www.lupindiagnostics.com/centers-locator/madhya-pradesh/jabalpur/pathology-lab-ahinsa-chowk-86817
892ce345-b95d-4efc-8b35-5c9431dc24a7,Dev Diagnostics And Imaging,IMAGING_CENTER,,Vijay Nagar,"MR 4, प्लॉट नं. 2-A अग्रसेन मूर्ति के पास, एकता चौक, रोड, Vijay Nagar, Jabalpur, Raksha, Madhya Pradesh 482002",23.1832508,79.9091911,Vijay Nagar,,,https://devdiagnosticsandimaging.com/
3162960b-9af7-4328-8e70-4a5454d014d3,Metropolis Labs | Blood Test & Diagnostic Centre in Vijay Nagar,PATHOLOGY_LAB,,Ahinsa Chowk,"Ahinsa Chowk, in front of Shalby Hospital, Vijay Nagar, Jabalpur, Raksha, Madhya Pradesh 482002",23.1845538,79.9095739,Vijay Nagar,0731 714 3988,,https://www.metropolisindia.com/lab/diagnostic-centre-in-vijay-nagar-in-front-of-shalby-hospital-jabalpur
838230ad-d41e-4e95-a95d-a069deeed092,Dr. Abhishek Kosta,GENERAL_CLINIC,,Yashwar Nagar,"Ganesh Park, Yashwar Nagar, Kanchan Vihar, Vijay Nagar, Jabalpur, Raksha, Madhya Pradesh 482002",23.1901367,79.9027545,Vijay Nagar,,,
a25d65f9-da96-4292-944f-fac7440edf4a,THAKUR MEDICAL & POLY-CLINIC,GENERAL_CLINIC,,Akash Vihar,"Akash Vihar, Chungi Naka, Jabalpur, Madhya Pradesh 482002",23.1946008,79.9059549,Vijay Nagar,094070 43989,,
b0bbde3b-1a64-4618-9e0e-36ac78722ffc,Mattei Clinic Point,GENERAL_CLINIC,,Nai Basti M.G. Road,"6253+RHX Dr. Ajay Chaturvedi, Nai Basti M.G. Road, near Lala Chakki, Ranjhi, Manegaon, Jabalpur, Madhya Pradesh 482005",23.2096075,80.0039738,Ranjhi,098272 16927,,
effc38ad-af6d-4803-9051-388a78d8b52c,Clinic,GENERAL_CLINIC,,Raksha Karmachari Colony,"6222+VF6, Ranjhi, Raksha Karmachari Colony, Jabalpur, Madhya Pradesh 482005",23.2021673,80.0011294,Ranjhi,,,
3bbe3577-6f23-46d3-a9f4-eba96184240c,Dr Ravi Mishra Clinic,GENERAL_CLINIC,,Ranjhi - Bada Patthar Rd,"6242+RJ3, Ranjhi - Bada Patthar Rd, New Ranjhi, Jabalpur, Madhya Pradesh 482005",23.2070056,80.0015449,Ranjhi,,,
b8145939-b9f6-4f06-a2d6-e982c71af121,SAI FAMILY CLINIC,GENERAL_CLINIC,,VFJ Rd,"5XVF+GHJ, VFJ Rd, near PNB bank, New Shobhapur Colony, New Ranjhi, Jabalpur, Madhya Pradesh 482009",23.193836,79.9739056,Ranjhi,098933 11682,,
a77e77f5-75a8-4ba2-ad4d-508bf7edc3a1,Dr. Chakraborty Clinic,GENERAL_CLINIC,,Chandra Shekhar Ward,"6222+694, in front of dr.chkrboutry, Chandra Shekhar Ward, Bengali Colony, Jabalpur, Madhya Pradesh 482005",23.2005099,80.00094,Ranjhi,078693 18870,,
37c8a3c9-aa6a-4fc5-aea0-4125e1f8b48a,Dr. Neelam Clinic,GENERAL_CLINIC,,Sidh Nagar,"Sarkari School ke samne, Sidh Nagar, Mukharjee chowk, Ranjhi, Manegaon, Jabalpur, Madhya Pradesh 482006",23.2094391,80.0130082,Ranjhi,079877 33247,,
fa8c4fe8-e3ad-4318-aa5f-5395aaad0eb8,GUPTA HOMOEOPATHIC CLINIC,HOMEOPATHY_CLINIC,,Saista Market,"Shop No 3,Saista Market, VFJ Rd, New, Shobhapur, Jabalpur, Madhya Pradesh 482009",23.1987536,79.9766272,Ranjhi,098265 02216,,
45e655c6-9be3-40e1-9f4c-94d32dfea7d4,Radhika Clinic,GENERAL_CLINIC,,Manegaon Road,"6265+MC6, Jhunnilal Tiraha, Manegaon Road, Ranjhi, Jabalpur, Madhya Pradesh 482005",23.2116641,80.0085305,Ranjhi,093029 16481,,
2dd01172-4708-46f5-9382-8b318b09c6fc,Arihant Diagnostic Centre,DIAGNOSTIC_CENTER,,Bengali Colony,"6232+3WF, Ranjhi, Bengali Colony, Jabalpur, Madhya Pradesh 482005",23.2026831,80.0022919,Ranjhi,,,
2a2ce48a-a0c2-4ed6-ba46-14b834af49b8,Dog Clinic,GENERAL_CLINIC,,Chandra Shakhar Word,"Chandra Shakhar Word, Ranjhi, Bapu Nagar, Madras, Jabalpur, Madhya Pradesh 482005",23.1995412,80.0038524,Ranjhi,,,
1be7286c-00a0-4a98-a7d1-3c1d48d67afa,Dr.Himanshu Mahobia panchamkaram centre,ENT_CLINIC,,Ranjhi Mohaniya Rd,"Mahobia clinic, Sarra people, Ranjhi Mohaniya Rd, Jabalpur, Madhya Pradesh 482005",23.2098761,80.007427,Ranjhi,093292 67371,,
4d770344-d684-478e-92cc-b8e1d07238e9,Dr.Seema Rai Clinic,GENERAL_CLINIC,,Chowk,"6254+XWG Sarra Pipal, Chowk, near Badri, Ranjhi, Manegaon, Jabalpur, Madhya Pradesh 482005",23.2099398,80.0073387,Ranjhi,,,
6f8fe3fa-984f-4d68-852b-141e6daca0e5,Dr Lal PathLabs - Patient Service Centre,PATHOLOGY_LAB,,Main Road,"Vehicle More, Ranjhi Infront of Water Treatment Plant, No 21, Ranjhi, Main Road, Jabalpur, Madhya Pradesh 482005",23.1874104,79.9026368,Ranjhi,080 3746 6455,,https://labs.lalpathlabs.com/dr-lal-pathlabs-patient-service-centre-diagnostic-centre-ranjhi-jabalpur-536796/Home?utm_source=locator&utm_medium=googleplaces
c74c1393-441c-4aaa-a0ac-d62643b50a6f,Ceragem therapy and demo centre,ENT_CLINIC,,Azad Nagar,"Ceragem therapy centre, Mata manokamna wali Kali ji ki gali, Ranjhi, Azad Nagar, Jabalpur, Madhya Pradesh 482005",23.2038497,80.0025468,Ranjhi,092014 20094,,https://ceragem.co.in/
9f9fb5a3-7128-4e2c-995e-ab158fd32dce,Arihant x-ray sonography Pathology ranjhi,PATHOLOGY_LAB,,Bengali Colony,"6232+4W6, near radha swami mandir rawan park, Ranjhi, Bengali Colony, Rakhi, Jabalpur, Madhya Pradesh 482005",23.2027779,80.0022775,Ranjhi,093298 87299,,
7d897cec-7184-46fb-b8a4-1c4612da61d5,dog clinic,GENERAL_CLINIC,,Bajrang Nagar,"Bajrang Nagar, New Ranjhi, Jabalpur, Madhya Pradesh 482005",23.2100715,79.9961936,Ranjhi,,,
d99e8227-c15b-4397-a685-7a0b0419d1d3,Pathkind Labs,PATHOLOGY_LAB,,Raksha Karmachari Colony,"shop 25/22, Vijay Tower, near Dr Samajdar Ranjhi, Raksha Karmachari Colony, Jabalpur, Madhya Pradesh 482005",23.1971451,79.9969398,Ranjhi,097537 83969,,https://nearby.pathkindlabs.com/pathkind-labs-jabalpur-27779/home
d65d48f9-2727-427f-857e-098809d8495a,Garha Clinic,GENERAL_CLINIC,,Garha,"5V5X+JMM, BT Tiraha, Garha, Jabalpur, Madhya Pradesh 482002",23.1590769,79.899176,Garha,094251 59270,,
234ebaab-6ef8-47df-941e-2c9fd9b426a5,Jaiswal medical and clinic,GENERAL_CLINIC,,Garha Bazar Rd,"5V5X+JMF, Garha Bazar Rd, Garha, Jabalpur, Madhya Pradesh 482003",23.1590719,79.8991767,Garha,,,
876c83f6-aeb5-4e14-b9d4-10f27f2cd328,R.D Clinic,GENERAL_CLINIC,,Garha,"5W64+4JC, opp. Hitkarini School, Garha, Jabalpur, Madhya Pradesh 482002",23.1603173,79.9065225,Garha,098275 10104,,
ac8008dc-a38b-4e42-b162-ef8178838842,Paclicure clinic sanjivani nagar garha,GENERAL_CLINIC,,Subhash Nagar,"5V7W+976, Subhash Nagar, Sanjeevani Nagar, Jabalpur, Madhya Pradesh 482003",23.1634239,79.8956281,Garha,,,
2075f6ef-5f71-4f72-8423-ed2ac48107a1,Akshat Clinic,GENERAL_CLINIC,,Subhash Nagar,"5V5R+5GM, Subhash Nagar, Nav Nivesh Colony, Garha, Jabalpur, Madhya Pradesh 482003",23.1579692,79.8912955,Garha,097552 04878,,
8b252e33-7e39-417e-9808-63cf7f66bcfd,Deep Prabha Clinic,GENERAL_CLINIC,,Gulawa Chowk,"Gulawa Chowk, Garha Rd, Garha, Jabalpur, Madhya Pradesh 482002",23.1640506,79.9072931,Garha,098930 10187,,
61da6424-8c23-40a6-9979-ae4ea2b8d00b,Gaurav Clinic,GENERAL_CLINIC,,Near Garha Bazar,"5V5W+JQ7, Near Garha Bazar, Jabalpur, Madhya Pradesh 482003",23.1590423,79.896919,Garha,097556 65591,,
63dd0998-ec82-4c97-9d2d-042b7a438694,Ramkripa swasthya clinic,GENERAL_CLINIC,,Mahaveer Nagar rex gym,"Mahaveer Nagar rex gym, Bhukamp Colony Rd, garha, Nav Nivesh Colony, Ganga Nagar, Jabalpur, Madhya Pradesh 482003",23.1667789,79.8833846,Garha,,,
eda00385-4096-4476-82e2-da13d1949417,Shivansh Clinic,GENERAL_CLINIC,,Shahi Naka Rd,"5V7V+6X9, Shahi Naka Rd, Subhash Nagar, Phool Sagar, Garha, Jabalpur, Madhya Pradesh 482003",23.1630444,79.8949808,Garha,098261 91488,,
5fa30f61-4de5-4775-9309-7d97eadd670d,Sai Subah Clinic,GENERAL_CLINIC,,Sanjeevani Nagar,"Sanjeevani Nagar, Garha, Jabalpur, Madhya Pradesh 482003",23.1686889,79.8950736,Garha,094254 55036,,
00451cf6-fe83-4fa8-8268-a05d9418c07a,Dr.Biswas Diwan Clinic,GENERAL_CLINIC,,Kosta Mohalla,"Shop No.2 Garha Bowli, Kosta Mohalla, Madhya Pradesh 482003",23.1595522,79.8942716,Garha,094258 98645,,
811a575d-1ea7-4949-b188-63c629b074ee,Maa Kripa Clinic,GENERAL_CLINIC,,Mujahed Mohalla,"5W52+8H4, Mujahed Mohalla, Garha, Jabalpur, Madhya Pradesh 482002",23.1582628,79.9014402,Garha,098272 66115,,
d16d414f-0df8-4f1b-95b9-2ff3452b7cd1,Arogyma eh herbal clinic jabalpur,GENERAL_CLINIC,,Anjani Chhaya Sanjeevani Nagar,"5W72+GXR, Anjani Chhaya Sanjeevani Nagar, Mohan Vihar Colony, Garha, Jabalpur, Madhya Pradesh 482002",23.1625216,79.9018659,Garha,094257 97305,,
45d632b6-dd87-494e-b3f6-a1b823a1337e,Dr Lal PathLabs - Patient Service Centre,PATHOLOGY_LAB,,Tripuri Chowk,"Tripuri Chowk, No 2947/1, Garha, Jabalpur, Madhya Pradesh 482001",23.1579267,79.8887601,Garha,08071 888 808,,https://labs.lalpathlabs.com/dr-lal-pathlabs-patient-service-centre-diagnostic-centre-tripuri-chowk-jabalpur-517294/Home?utm_source=locator&utm_medium=googleplaces
77dbb4e7-f3f8-4b23-9297-763c6d144eb3,Smart medicose,PHARMACY,,Garha chhoti bazariya,"Garha chhoti bazariya, opposite Maa Durga Mandir, Jabalpur, Madhya Pradesh 482002",23.160982,79.9030726,Garha,099930 27763,,
84fc26ed-cf87-4a34-9ce8-a8d13c282b56,Vishnoi Clinic (Dr. Ravindra vishnoi),GENERAL_CLINIC,,Rani Durgawati School road,"5V5R+XCV, Rani Durgawati School road, Ganga nagar, Garha, Jabalpur, 482003Jabalpur, Madhya Pradesh 482003",23.1599977,79.8910448,Garha,089658 64129,,
761405e2-0a88-45ab-87d2-7c6ca89cb3a8,Guru Krupa Clinic,GENERAL_CLINIC,,Muzahid Mohalla,"5W52+WVQ, Muzahid Mohalla, Garha, Jabalpur, Madhya Pradesh 482002",23.1598299,79.9022189,Garha,098272 05208,,
960a758a-fbea-4533-8a22-ae5516032822,Shri Sai Clinic,GENERAL_CLINIC,,near Police Chowki,"5WJ8+7JF, Basedir Bagh, near Police Chowki, Jabalpur, Madhya Pradesh 482002",23.1806996,79.9165413,Garha,092298 08829,,http://shrisaiclinic-jabalpur.vercel.app/
658aecc2-581f-49ee-8759-9597a6262799,उदय क्लिनिक,GENERAL_CLINIC,,Garha Rd,"5W99+Q3F, Garha Rd, opp. Telegraph Gate, Nove Adaresh Colony, Patrakar Colony, Yadav Colony, Jabalpur, Madhya Pradesh 482002",23.1694408,79.9176663,Garha,094257 44677,,
6c812d0e-d12c-4597-b01d-bb412c7fa124,Shradhha Clinic,GENERAL_CLINIC,,Kalimath Rd,"5W68+996, Kalimath Rd, Shukla Nagar, Madan Mahal, Aamanpur, Jabalpur, Madhya Pradesh 482002",23.160916,79.915887,Garha,099817 77627,,
4d635fb1-d812-45c3-a1e2-b2aada46cfba,Ceragem Sanjeevani nagar jabalpur,GENERAL_CLINIC,,gada road,"1st floor, Neyar Patanjali mega store, H no 695/2, gada road, Sanjeevani Nagar, Jabalpur, Madhya Pradesh 482003",23.1654698,79.8997479,Garha,096171 14817,,https://www.ceragem.co.in/
d9868265-89f5-4346-b365-4ff87b893870,Garha Purwa Jabalpur Ganesh Rangoli putwa,GENERAL_CLINIC,,Garha Purwa Dhanwatri Nagar Road Jabalpur,"Garha Purwa Dhanwatri Nagar Road Jabalpur, Garha Rd, Purwa, Madhya Pradesh 482003",23.1577251,79.8901045,Garha,082250 43018,,
29061514-9ea1-41c8-bb51-eaa8fed985a0,Taj Clinic,GENERAL_CLINIC,,Garha Purva,"5V5Q+2JJ, Garha Purva, Jabalpur, Madhya Pradesh 482003",23.1575883,79.8890181,Garha,094243 14198,,
1e411c2c-e61d-4b85-8aa8-16901887e160,Gourav Jan Swasthya Rakshak Clinic,GENERAL_CLINIC,,Ganga Nagar,"5V5R+33Q, Ganga Nagar, Jabalpur, Madhya Pradesh 482003",23.1577114,79.8902263,Garha,097702 35167,,
2f567588-dd65-42de-962b-aec1b1feecd3,Archana pathology,PATHOLOGY_LAB,,Sanjeevni Nagar,"Sanjeevni Nagar, Anjani Chhaya Sanjeevani Nagar, Mohan Vihar Colony, Garha, Jabalpur, Madhya Pradesh 482002",23.1651776,79.901886,Garha,098261 32618,,
205d3a78-0974-4259-93a1-a5d4bd7b16f1,Dr. Pragati Verma,GENERAL_CLINIC,,Shahi Naka Rd,"Paclicure Polyclinic, Shahi Naka Rd, in front of Shanti Masale, Subhash Nagar, Garha, Jabalpur, Madhya Pradesh 482003",23.1636385,79.895669,Garha,096301 62111,,https://jabalpurhelpline.com/dr-pragati-verma
1ed56cb3-8d89-4510-8f48-620a19c117d5,Ayushi Care Well Homoeopathic Clinic,AYURVEDA_CLINIC,,Garha Rd,"1 B T Tiraha, Garha Rd, Jabalpur, Madhya Pradesh 482002",23.1618264,79.909076,Garha,074411 65207,,
d26ff8db-6efc-498c-9418-700be1a67447,Sai Clinic,GENERAL_CLINIC,,Lalanda Vihar Tilwara Road,"4VQG+69M, Lalanda Vihar Tilwara Road, Sagra, Jabalpur, Madhya Pradesh 482003",23.1380897,79.8759117,Tilwara,094253 89472,,
c86c91b9-26b3-418a-90a9-979aa96871b6,Revival Acupantur center EH clinic,ENT_CLINIC,,Gwarighat Main Rd,"Sauth avenu moll, Gwarighat Main Rd, near annant fitness center, Bhim Nagar, Polipather, Jabalpur, Madhya Pradesh 482008",23.1225136,79.9258254,Tilwara,,,
dd84356d-a533-4681-bcff-ec3a78e3b2c9,Lupin diagnostic,DIAGNOSTIC_CENTER,,Purwa Rd,"HIG-94, Purwa Rd, near Dhanvantri Nagar Square, Damohnaka, MP Housing Board Colony, Dhanvantari Nagar, Jabalpur, Madhya Pradesh 482001",23.155985,79.8753,Tilwara,0761 356 1165,,https://nearby.pathkindlabs.com/
4eebee0a-66cb-4358-a9bc-fc5e62423f3e,Vedika Clinic,GENERAL_CLINIC,,Hanuman Chowk,"5XP5+CGP, Hanuman Chowk, Lalmati, Jabalpur, Madhya Pradesh 482002",23.1860803,79.9588286,Tilwara,099776 43363,,
e74a240e-11f2-45a2-8c11-12ce65c3d3b7,Dr Dinesh Jain Memorial Clinic ( Jansewa Clinic),GENERAL_CLINIC,,Medical College Colony,"5V5Q+2GP, Medical College Colony, Jabalpur, Madhya Pradesh 482003",23.1575993,79.8888664,Tilwara,,,
b27d838b-4c43-43e2-8fcb-514bc7c3435d,Ertho Family Care Clinic,GENERAL_CLINIC,,Gwarighat Main Rd,"4W7G+F56, Gwarighat Main Rd, Awadhpuri Colony, Gwarighat, Jabalpur, Madhya Pradesh 482008",23.1136624,79.9253999,Tilwara,098271 68875,,
d6b09260-a08c-4733-97e0-3d444d995d9f,Shree Shiv Shakti Clinic,GENERAL_CLINIC,,Pawan Bhumi Chowk,"89, Pawan Bhumi Chowk, Sainik Society Road, Jabalpur, Madhya Pradesh 482001",23.1453134,79.9065815,Tilwara,088199 67768,,
b0e423c1-6327-47d2-8513-3955ba3b4ff0,Medical Clinic,GENERAL_CLINIC,,Medical Shop No1,"Medical Shop No1, Madhya Pradesh 482002",23.1713201,79.9364973,Tilwara,098939 01360,,
ccb0cb86-7b08-40b8-97b9-b0760c140cbb,Dr minakshi Arkhel,GENERAL_CLINIC,,Madan Mahal,"4WP4+QW2, opposite coal mine office, Naya Gaon, Madan Mahal, Jabalpur, Madhya Pradesh 482008",23.1368886,79.9072643,Tilwara,,,https://book-appointment.healthplix.com/dr-minakshi-arkhel-otorhinolargnologist-madan-mahal-coal-mines-office-road-jabalpur
5216b0a1-a3dd-47d0-91ea-51daa5fa9c66,Jai shree Amarnath Clinic,GENERAL_CLINIC,,badanpur sarayu bazar,"badanpur sarayu bazar, Sainik Society, Shakti Nagar, Jabalpur, Madhya Pradesh 482001",23.144623,79.9047527,Tilwara,096444 99390,,
33d7e5db-3bc2-442b-8db1-b5e12a7ba8c6,Dr. Saraiya Clinic,GENERAL_CLINIC,,Professor Colony,"6W23+253, Professor Colony, Karmeta, Jabalpur, Madhya Pradesh 482002",23.2000042,79.9029166,Karmeta,093290 91196,,
51dfce29-e5e9-4672-a97e-05c41b4395c1,Maa narmida poly clinic,GENERAL_CLINIC,,Bajrang nagar mather tersa,"Bajrang nagar mather tersa, Katangi Rd, Jabalpur, Madhya Pradesh 482002",23.2041292,79.9028256,Karmeta,096309 61362,,https://www.youtube.com/@dr.rajkumarkushwaha3793
e5a87046-c501-46f9-9d4b-d8f2932258c2,Clinic,GENERAL_CLINIC,,Bajrang Nagar,"6W33+J8J, Bajrang Nagar, Katangi Rd, Bajrang Nagar, Karmeta, Jabalpur, Madhya Pradesh 482002",23.2040976,79.9032704,Karmeta,094249 26150,,
859336e3-3fd8-4918-83ea-3bdb8f7c0b62,MAA NARMADA CLINIC,GENERAL_CLINIC,,Katangi Rd,"Rivjha, Katangi Rd, Karmeta, Jabalpur, Madhya Pradesh 482002",23.2123386,79.9005448,Karmeta,082239 98878,,
9d6fec93-b12a-4c88-811b-096ccb7553e9,Ashwini Poly Clinic,GENERAL_CLINIC,,Karmeta,"5WW5+MRQ, near ITI, Madhotal, Karmeta, Jabalpur, Madhya Pradesh 482002",23.1967185,79.9096128,Karmeta,093033 84159,,
9f1aeee8-217f-4cc7-b0ea-37629beaedd5,Aadhya clinic,GENERAL_CLINIC,,main road,"Katangi, main road, beside bala ji hospital, Bajrang nagar, Karmeta, Jabalpur, Madhya Pradesh 482002",23.2033306,79.9036576,Karmeta,094249 26150,,https://book-appointment.healthplix.com/dr-mudita-dubey-homeopathic-bajarang-nagar-jabalpur
3c4a73b9-0862-43bf-9a65-301bfa8e9e3c,स्मार्ट क्लीनिक दवाखाना,GENERAL_CLINIC,,Karmeta Road,"6V2X+C8Q, Karmeta Road, Karmeta, Jabalpur, Madhya Pradesh 482002",23.2010958,79.8983553,Karmeta,099266 40727,,
e539d3d6-17da-4ff5-ad4b-37e486be8c6d,Ojas Clinic,GENERAL_CLINIC,,Green City Rd,"6W38+J6H SANSKAR SIDDHANT, Green City Rd, Kasoudhan Nagar, Karmeta, Jabalpur, Madhya Pradesh 482002",23.2040794,79.9155997,Karmeta,,,
0d66fffc-5ae9-4733-a15d-ea5392858e17,Dr S K Verma,GENERAL_CLINIC,,Katangi Rd,"Katangi Rd, Mother Teresa Nagar, Karmeta, Jabalpur, Madhya Pradesh 482001",23.208301,79.906195,Karmeta,073895 50504,,
6a1868da-fa50-43ad-a184-51e56fcd1a43,Dr. Nitin Dubey,GENERAL_CLINIC,,Katangi Rd,"5WX4+6WC, Katangi Rd, Karmeta, Jabalpur, Madhya Pradesh 482002",23.198062,79.9072526,Karmeta,094249 51983,,
7f53a725-2933-406d-922c-bfab30340847,Om Sai Clinic,GENERAL_CLINIC,,Near MR-4 Road,"Near MR-4 Road, Vikas Nagar, Deen Dayal Chowk, Jabalpur, Madhya Pradesh 482002",23.1951495,79.9117307,Karmeta,094249 57473,,
849751b6-4b40-43bd-8e83-0b3be74796bc,Mayank Poly Clinic,GENERAL_CLINIC,,Shankar Colony,"Shankar Colony, Kalongi Road, Shankar Nagar, Karmeta, Jabalpur, Madhya Pradesh 482002",23.2054725,79.9039275,Karmeta,097130 09121,,
d484f98b-88f0-41c0-acef-a992175cabe7,Farma Clinic Lahariya Medical Store,PHARMACY,,Karmeta,"6W43+M64, Karmeta, Jabalpur, Madhya Pradesh 482002",23.206636,79.9030815,Karmeta,090394 04177,,
1413b31a-7d59-48c6-8242-ea7ae50b384c,Pandey Poly Clinic,GENERAL_CLINIC,,Katangi Rd,"5WX4+HH5, Katangi Rd, Karmeta, Jabalpur, Madhya Pradesh 482002",23.198893,79.9064937,Karmeta,091651 51517,,
63d78d24-238b-4e11-b2fc-43ff0f325d4b,Dawakhana,GENERAL_CLINIC,,Katangi Rd,"6W43+2R6, Katangi Rd, Mother Teresa Nagar, Karmeta, Jabalpur, Madhya Pradesh 482002",23.2050304,79.9045296,Karmeta,073895 50504,,
ddc7de3c-9234-4e36-bb00-86ed08c03390,Dr. M.K Thakur,GENERAL_CLINIC,,Patan Road,"5WX4+66Q, Patan Road, Chungi Naka, Jabalpur, Madhya Pradesh 482002",23.1980939,79.9056207,Karmeta,093009 29701,,
ceb9fb36-ae79-4926-b658-58a4a7210e6c,Doctor at Your Door,GENERAL_CLINIC,,Professor Colony,"Professor Colony, Karmeta, Jabalpur, Madhya Pradesh 482002",23.2007483,79.9028248,Karmeta,,,
857c2ad3-a422-4223-8d13-2765e03a9f03,Dr.sunil patel orthopaedic clinic,ORTHOPEDIC_CLINIC,,Sai Colony Rd,"ke samne, sunil patel home, Deendayal bus stand, Sai Colony Rd, Karmeta, Jabalpur, Madhya Pradesh 482002",23.1948646,79.9166671,Karmeta,,,
71074a0b-205f-4540-a84f-d76ad0e34747,श्री प्रेक्षा हेल्थ क्लीनिक,GENERAL_CLINIC,,New Ramnagar Rd,"6W5P+CH9, New Ramnagar Rd, Jagriti Nagar, Adhartal, Jabalpur, Madhya Pradesh 482004",23.2085493,79.9364897,Karmeta,,,
efacc955-5d8a-4a58-a81a-eb521598492a,HEALTH PLUS LIFECARE,GENERAL_CLINIC,,Green City Rd,"plot. 30, Green City Rd, chauraha, kansodhan nagar, Jabalpur, Madhya Pradesh 482002",23.2055225,79.9153369,Karmeta,097555 31008,,
db05ec5a-0f64-4194-aa25-2d61be26332b,Shivi Medicos and Clinics,PHARMACY,,Shivaji nagar road,"Shivaji nagar road, Green City Rd, Jabalpur, Madhya Pradesh 482002",23.2063902,79.9120484,Karmeta,,,
2152bacc-edb5-4bf7-a3be-701b83196e4e,vedanta health care,GENERAL_CLINIC,,Karmeta,"5WW5+R4W, Karmeta, Jabalpur, Madhya Pradesh 482002",23.197151,79.907797,Karmeta,,,
cb9995b5-f098-4f76-9925-387747d9019d,Friend's poly clinic and day care center,ENT_CLINIC,,Amkhera Rd,"Amkhera Rd, near petrol pump Friends poly clinic, Amkhera Gaon, Jabalpur, Kudwari, Madhya Pradesh 482002",23.2150308,79.9314631,Karmeta,093010 45030,,
008c4cbe-22c1-4688-9c3d-057f7b4a840e,Dr. K. K. Nema,GENERAL_CLINIC,,Dixit Colony,"1235, Dixit Colony, Near Shriram College, Karmeta, Jabalpur, Madhya Pradesh 482002",23.1978439,79.9103262,Karmeta,099939 91985,,
51b849ec-f707-451f-afc0-cbdcf3e74c86,Medichem,GENERAL_CLINIC,,Katngi Road,"Katngi Road, Katangi Rd, near Shri Ram College Road, Dixit Colony, Rajeev Gandhi Nagar, Karmeta, Jabalpur, Madhya Pradesh 482002",23.2002939,79.9059976,Karmeta,,,
e21f0f13-86ea-411f-814c-cde64cae51df,Sai pathology centre (Ravi Singh shailendra tiwari),PATHOLOGY_LAB,,Karmeta,"Karmeta, Jabalpur, Madhya Pradesh 482002",23.1976709,79.9066517,Karmeta,083193 11942,,
c4f9c152-850c-4af0-a345-1a5015fce3f5,Rao Clinic,GENERAL_CLINIC,,Infront Of Bajrang Colony,"5X94+HJ8, Infront Of Bajrang Colony, South Civil Line, Jabalpur, Madhya Pradesh 482001",23.168907,79.9565653,Civil Lines,093001 20827,,
4b05c0db-df32-474d-bf38-f93eb80405cf,Dr Sanjay Shrivastava Clinic,GENERAL_CLINIC,,Samiksha Town Phase 3rd,"police line, beside jethi hospital, Samiksha Town Phase 3rd, Sameeksha Town, Jabalpur, Madhya Pradesh 482001",23.1762335,79.9566758,Civil Lines,094243 59098,,
4035ecad-be7b-4d62-8230-3ee6936632ee,shivi enterprise jabalpur,ENT_CLINIC,,Tagore Railway Colony,"HIG 9, near head post office, Tagore Railway Colony, South Civil Lines, Jabalpur, Madhya Pradesh 482001",23.1647787,79.9558267,Civil Lines,,,
cc644ff3-9e49-4bbd-9215-b2860933303c,Divyansh Discount Medicose,PHARMACY,,Indra Market Shop,"Indra Market Shop, Street Number 19, Police Lines, Sadar, Jabalpur, Madhya Pradesh 482001",23.1682757,79.952815,Civil Lines,087708 51804,,
2cf4634f-c303-4b5a-b393-7481b520df78,"Agilus Diagnostics - Civil Line, Jabalpur | Blood Test | Full Body Health Checkup | Pathology Lab",PATHOLOGY_LAB,,South Civil Lines,"Hotel Rishi Regency, near SBI Main Branch, South Civil Lines, Jabalpur, Madhya Pradesh 482001",23.1627559,79.9456227,Civil Lines,080 3784 0173,,https://labs.agilusdiagnostics.com/agilus-diagnostics-civil-line-jabalpur-blood-testing-service-civil-line-jabalpur-344643/Home
0aa343b9-a144-4d27-a01a-5976f734be07,Shri Shivam Medico,GENERAL_CLINIC,,Prestige Town,"5X65+R94, Prestige Town, South Civil Lines, Jabalpur, Madhya Pradesh 482001",23.1620064,79.9584384,Civil Lines,074152 23991,,
17e5514f-4490-4f4d-8fdb-b53e450fb543,Life Line Medicos And Multi Specialty Clinic,MULTISPECIALTY_HOSPITAL,,Main Road,"Main Road, Penty Naka, Sadar, Jabalpur, Madhya Pradesh 482001",23.1542932,79.9505842,Civil Lines,098272 77844,,
3a085553-8034-4485-88eb-d7afcdbc93c8,Ayush Krashi Kendra,AYURVEDA_CLINIC,,1,"01, Tatri, Madhya Pradesh 482001",23.1620106,79.9584398,Civil Lines,093405 74890,,
9ff351d8-b83f-41cd-99ce-2ab3ea904779,Kidney Blood Pressure Clinic,NEPHROLOGY_CLINIC,,South Civil Lines,"railway stadium, South Civil Lines, Jabalpur, Madhya Pradesh 482001",23.1644944,79.945792,Civil Lines,0761 401 7781,,
cf50f895-9563-4574-bfd6-8711c43c7000,Dr. Mohit Saini,GENERAL_CLINIC,,Saket Dham Rd,"13/A, Saket Dham Rd, Brahmarishi Colony, Gwarighat, Jabalpur, Madhya Pradesh 482008",23.1096992,79.9233984,Gwarighat,072062 28872,,
4823cecb-60e2-4e74-9faf-2ceb3859db97,Mahi Clinic,GENERAL_CLINIC,,Gwarighat Station Rd,"4W5P+HQM, Gwarighat Station Rd, Gwarighat, Jabalpur, Madhya Pradesh 482008",23.108962,79.9369238,Gwarighat,094249 57025,,
1617fdf9-795a-49e2-9a34-6ee79e34ff02,BHARAT CLINIC,GENERAL_CLINIC,,Narmada - Gwarighat Rd,"Sukh Sagar Valley Housing Project, Narmada - Gwarighat Rd, Awadhpuri Colony, Gwarighat, Jabalpur, Madhya Pradesh 482008",23.1117992,79.9232534,Gwarighat,,,
6f03695d-dd65-4156-859b-645fb1a0fab6,CURESCAN Precision Imaging,IMAGING_CENTER,,Gwarighat Main Road,"192, Gwarighat Main Road, beside Badkul Sweets, next to Rampur Chowk, Satyanand Vihar, Adarsh Nagar, Rampur, Jabalpur, Madhya Pradesh 482001",23.140075,79.9264134,Gwarighat,,,https://jabalpurhelpline.com/curescan-precision-imaging
a4856ab6-2e16-4952-bb82-7d105529b75b,Naman Pathology A Pathcare Diagnostic Authorized Franchise,PATHOLOGY_LAB,,Gwarighat Main Rd,"Gwarighat Main Rd, near Baadshah Halwai Mandir, in front of Krishna Heights, Adarsh Nagar, Rampur, Jabalpur, Madhya Pradesh 482008",23.1286255,79.9294935,Gwarighat,092381 19780,,https://docs.google.com/forms/d/e/1FAIpQLSdjrn69Y--UAUB3CM5U9AygbI7X8e0rybhW_oqh4bJK9wU3hA/viewform
e6c9c595-0a68-42f2-bf62-aead7a6a9ca8,Sairam Care Poly Clinic,GENERAL_CLINIC,,Rampur,"4WMF+8CJ, Rampur, Jabalpur, Madhya Pradesh 482008",23.1333313,79.9235236,Gwarighat,097132 02608,,
4874b819-b180-48f4-bcf0-a1dec3052f78,Thyrocare Aarogyam Center,ENT_CLINIC,,S Square Market,"Shop No. 1, S Square Market, Narmada Rd, Adarsh Nagar, Rampur, Jabalpur, Madhya Pradesh 482001",23.136352,79.928214,Gwarighat,070004 57587,,https://www.thyrocare.com/
b62815e0-697a-4e75-8401-d3ef4a41464a,Apne soni ji medical,GENERAL_CLINIC,,Gwarighat Main Rd,"Gwarighat Main Rd, Awadhpuri Colony, Gwarighat, Jabalpur, Madhya Pradesh 482008",23.1130216,79.9230256,Gwarighat,088273 55795,,
0eb1d881-9152-4a7f-b47c-2adbde583e20,"Agilus Diagnostics (formerly SRL) - Gwarighat Road, Jabalpur | Blood Test | Full Body Health Checkup | Pathology Lab",PATHOLOGY_LAB,,Gwarighat Main Rd,"Baadshah Halwai Mandir, Gwarighat Main Rd, near Tiwari Associated, Bhim Nagar, Polipather, Jabalpur, Madhya Pradesh 482008",23.128314,79.929588,Gwarighat,078285 83994,,https://agilusdiagnostics.com/
dc584b1a-b32a-459e-8489-491ec48fc85f,Jan Swasth Kendra,GENERAL_CLINIC,,Narmada Rd,"4WCG+XW8, Narmada Rd, Bhim Nagar, Gwarighat, Jabalpur, Madhya Pradesh 482008",23.1224201,79.9273169,Gwarighat,098273 80459,,
75369a1f-8c3e-422e-9966-e7b3a0476805,दवाखाना,GENERAL_CLINIC,,Narmada - Gwarighat Rd,"4W7C+MX9, Narmada - Gwarighat Rd, Bhim Nagar, Narmada Nagar, Jabalpur, Madhya Pradesh 482008",23.1141516,79.9224942,Gwarighat,,,
24685bad-73ca-4407-bd22-6307ac61dc9e,Malhotra clinic,GENERAL_CLINIC,,Bhim Nagar,"4WCG+VMG, Bhim Nagar, Polipather, Jabalpur, Madhya Pradesh 482008",23.1221809,79.9267168,Gwarighat,,,
bf6bb756-3a34-4bf8-b630-71b602de1253,Pandey Clinic,GENERAL_CLINIC,,Durga Nagar,"4WMF+R36, Durga Nagar, Rampur, Jabalpur, Madhya Pradesh 482008",23.134539,79.9226499,Gwarighat,,,
3a2546d4-183f-4f14-8f81-4d953e171833,Nishad Clinic,GENERAL_CLINIC,,Vijayanagar,"Vijayanagar, Jabalpur, Madhya Pradesh 482008",23.1294321,79.9356829,Jabalpur Cantt,082695 53872,,
01873b79-5622-4cb1-83b4-8c97a4cf537f,General Diagnostic Cantt Pathi Centre Jabalpur,DIAGNOSTIC_CENTER,,Cantt,"Pathi Centre, Indian Coffee House, Cantt, Sadar, Jabalpur, Madhya Pradesh 482001",23.1510723,79.9486489,Jabalpur Cantt,,,https://www.gd-lab.com/
6e2e3de9-b133-45d2-bccf-07f00eadcfd6,Dr Lal PathLabs - Patient Service Centre,PATHOLOGY_LAB,,Shakti Nagar,"Shop No 3, Sainik Society, Shakti Nagar, Jabalpur, Madhya Pradesh 482001",23.1459508,79.9061514,Shakti Nagar,080 3783 8583,,https://labs.lalpathlabs.com/dr-lal-pathlabs-patient-service-centre-diagnostic-centre-shakti-nagar-jabalpur-432171/Home?utm_source=locator&utm_medium=googleplaces
8cc1486b-eca6-4bbd-a98f-dcf15d70d53d,JABALPUR Thyrocare Aarogyam Center,ENT_CLINIC,,Suvidha Market,"Shop No. 3, Suvidha Market, Coal Mines Road, Shakti Nagar, near Union Bank Atm, Gupteshwar, Jabalpur, Madhya Pradesh 482001",23.1466976,79.9139995,Shakti Nagar,091111 88828,,https://www.thyrocare.com/
1ebff009-7ad3-4f42-9a5a-9c82861ab6b7,Lotus Clinic,GENERAL_CLINIC,,Dwarka Market,"16, Dwarka Market, Gupteswar Rd, Shakthi Nagar, Jabalpur, Madhya Pradesh 482001",23.147043,79.914085,Shakti Nagar,094253 83427,,
3c14db2d-2904-4512-ba53-4c69a5ddbad1,𝗦𝗮𝗸𝘀𝗵𝗮𝗺 𝗣𝗼𝗹𝘆𝗰𝗹𝗶𝗻𝗶𝗰 - Digital Xray Lab | Sonography Test Centre | Pathology Test Clinic in Jabalpur,PATHOLOGY_LAB,,Gupteshwar Rd,"Gupteshwar Rd, near Kripal Chowk Road, Gupteshwar, Jabalpur, Madhya Pradesh 482001",23.1487056,79.9175497,Shakti Nagar,070004 41268,,https://www.apnabusinesscard.com/Saksham
e3c7a665-f0c0-4fe6-95fe-113f7082ce95,Kalchuri Diagnostics Pathology,PATHOLOGY_LAB,,Bharat Colony,"Bharat Colony, opp. LIC, Ratan Nagar, Madan Mahal, Jabalpur, Madhya Pradesh 482001",23.1514331,79.9104365,Shakti Nagar,070241 11223,,https://www.apnabusinesscard.com/Kalchuri-Diagnostic-and-Health-Care
a65b3ad8-50e6-48b3-a7bc-75383fbfc613,VIHAAN'S HOMOEO CLINIC,HOMEOPATHY_CLINIC,,GANGA SAGAR EKTA CHOWK MALI MIHALLA,"GANGA SAGAR EKTA CHOWK MALI MIHALLA, near HP GAS GODAM, Jabalpur, Madhya Pradesh 482003",23.1584127,79.9121356,Shakti Nagar,,,
2f2f6419-4da8-4721-9bc5-e10b1cf6c9bd,आयुष्मान आरोग्य मंदिर,GENERAL_CLINIC,,जिला जबलपुर (म.प्र.),"5W37+879, शहरी प्राथमिक स्वसस्थ्य केन्द्र, गुप्तेश्वर, जिला जबलपुर (म.प्र.), Jabalpur, Madhya Pradesh 482001",23.1532818,79.9132459,Shakti Nagar,,,
b4deb09c-827e-43a5-b847-cf885dd4eb43,Dr. Mukesh Khare haicort,GENERAL_CLINIC,,Ashok Vihar,"4WVC+XG3, Ashok Vihar, Gupteshwar, Jabalpur, Madhya Pradesh 482001",23.1448969,79.9212888,Shakti Nagar,093006 24941,,
679d6174-39a2-44d0-9e9b-cd98649c2434,Touch N Cure,GENERAL_CLINIC,,Nursing Ward Madan Mahal,"Nursing Ward Madan Mahal, Madhya Pradesh 482001",23.1565981,79.9250832,Shakti Nagar,091313 55702,,
f224ccc8-0ca6-46fd-8447-c5ba8cb0a92b,Bhagwati enterprises,ENT_CLINIC,,Shakti Nagar,"1768/2, guoteswer, Shakti Nagar, Jabalpur, Madhya Pradesh 482001",23.1469205,79.9163747,Shakti Nagar,,,
93c347e6-30b2-4638-9829-d0fd06a715f9,Path Care Diagnostic-Sagar Diagnostic Center,DIAGNOSTIC_CENTER,,Kripal Chowk Rd,"Madan mohan, Kiran complex, Infront of Chandrika complex, Kripal Chowk Rd, Jabalpur, Madhya Pradesh 482002",23.1469237,79.9140839,Shakti Nagar,070004 57587,,
2b87a311-dbf9-400a-95a6-2452e6855739,jangid health care center clinic,ENT_CLINIC,,Sudama Nagar,"kalimath, Sudama Nagar, Madan Mahal, Jabalpur, Madhya Pradesh 482001",23.1484693,79.9016654,Shakti Nagar,,,
7af3a274-c949-40ab-8b6d-84d3aaee487e,Adarsh Pathology Centre - Best Advance Diagnostic | Pathology | Computerized Lab | Pathology Near Me Shakti Nagar Jabalpur,PATHOLOGY_LAB,,Gupteshwar Rd,"15, A, Gupteshwar Rd, in front of chupati, Shakti Nagar, Jabalpur, Madhya Pradesh 482001",23.147052,79.9151591,Shakti Nagar,0761 403 8197,,
3cabab26-044d-4d9c-a6c5-ac347a1d87d3,Mukhyamantri Sanjeevani Clinic Kailashpuri,GENERAL_CLINIC,,Kailashpuri Rd,"4WWC+V9X, Kailashpuri Rd, Gupteshwar, Jabalpur, Madhya Pradesh 482001",23.1472448,79.9209753,Shakti Nagar,,,
add552ac-c478-4cad-8752-13c04b2a3d39,Arogya Clinic,GENERAL_CLINIC,,KanchGhar,"01, KanchGhar, Jabalpur, Madhya Pradesh 482001",23.1752043,79.9621908,South Civil Lines,094243 38686,,
60bf5dda-204a-4488-984c-477a6288eadc,Dr Lal PathLabs - Patient Service Centre,PATHOLOGY_LAB,,Chowk,"Ground Floor, Infront of Canara Bank, Chowk, Ghamapur Rd, KanchGhar, Jabalpur, Madhya Pradesh 482001",23.1797099,79.959888,South Civil Lines,080 3783 8457,,https://labs.lalpathlabs.com/dr-lal-pathlabs-patient-service-centre-diagnostic-centre-kanchghar-chowk-jabalpur-418446/Home?utm_source=locator&utm_medium=googleplaces
fd074e22-84e6-498c-a35c-9648806508e8,Sai kripa medical center,ENT_CLINIC,,Kachghar samdariya calony grp ground road,"Kachghar samdariya calony grp ground road, Madhya Pradesh 482001",23.1758554,79.95845,South Civil Lines,099818 23385,,
2b746769-54bc-4815-ba00-f9f6f9de5133,Swasthpeeth wellness neurotherapy center,NEUROLOGY_CLINIC,,Prestige Town,"no 4, Telegraph gate, behind Sai Mandir, Prestige Town, South Civil Lines, Jabalpur, Madhya Pradesh 482001",23.1620072,79.9584397,South Civil Lines,070004 08151,,
96d32e2a-d2fd-496d-8b81-18dd9057e5de,Shree medical stores tattvan e clinic,PHARMACY,,Police Lines,"1525 khanchghar, Police Lines, samdariya colony, Jabalpur, Madhya Pradesh 482001",23.1757678,79.958609,South Civil Lines,,,http://www.tattvan.com/
b6ddd723-bdde-4e25-bf31-bbc889c7f648,Tiwari Nursing home (Dr R.S Tiwari) General Surgeon,NURSING_HOME,,Gol Bazar Rd,"5WCH+V54, Gol Bazar Rd, Siddha Baba Ward, Wright Town, Jabalpur, Madhya Pradesh 482002",23.1721329,79.9279558,Gol Bazar,,,
268a3019-bb9d-468f-bee3-00495783113a,"Dr Remedies Labs Pvt Ltd | Gole Bazar,Jabalpur, Madhya Pradesh",PATHOLOGY_LAB,,Gol Bazar Rd,"Vinayak Diagnostics, 615, Gol Bazar Rd, near Omega Hospital, beside Slim Point, Wright Town, Jabalpur, Madhya Pradesh 482001",23.1717436,79.9267401,Gol Bazar,077710 18088,,https://www.remedieslabs.com/
8414386a-4a04-47ce-b21b-39ee13a6a2ba,dr.pradeepshukla23,GENERAL_CLINIC,,South Civil Lines,"Ghanta ghar, Collectorate Street, South Civil Lines, Jabalpur, Madhya Pradesh 482001",23.1690494,79.941582,Gol Bazar,093023 78545,,
2be51b60-ebfe-4004-8ade-581bd068ff10,R D MEDICAL KCP,GENERAL_CLINIC,,Gole Bazar,"5W9H+QM5, opp. DN Jain School, Gole Bazar, Wright Town, Jabalpur, Madhya Pradesh 482002",23.1693888,79.9292479,Gol Bazar,,,
633976d2-5ade-4bf7-9d02-751867e5a748,The heart clinic Dr.Bansal,CARDIOLOGY_CLINIC,,Sadar Bazar,"5W3W+9FW, Sadar Bazar, Sadar, Jabalpur, Madhya Pradesh 482001",23.1534924,79.9462011,Sadar Bazar,,,
4727f18a-e397-45ba-8c93-19c9e7b4a778,Dr.Kamal Chand Munoth,GENERAL_CLINIC,,Sadar Bazar,"287/7, Sadar Bazar, Jabalpur, Madhya Pradesh 482001",23.153734,79.9452406,Sadar Bazar,077258 75888,,
e52854ab-3fe9-4e18-b087-1b6f955e561a,Nishulk Svaasthya Kendra,GENERAL_CLINIC,,Kali Mai Mandir Road,"Gali No.2, Kali Mai Mandir Road, Sadar Bazar, Sadar, Jabalpur, Madhya Pradesh 482001",23.1526074,79.945618,Sadar Bazar,093001 01117,,
3c159676-ed70-4a08-8af6-047f6b429b1a,Disha Pathology Center,PATHOLOGY_LAB,,17 A Street No.5 Azad Chowk,"17 A Street No.5 Azad Chowk, in front of Mahawar Pustak Bhandar, Sadar Bazar, Sadar, Jabalpur, Madhya Pradesh 482001",23.1534509,79.9462015,Sadar Bazar,078697 35006,,
306a0dc6-e47b-4486-a8ea-fbaf8d199488,Bawaria Clinic Bhind Kali Mandir Near Ramleelaground Sadar Jabalpur,GENERAL_CLINIC,,Sadar,"5W2W+66M, Sadar, Jabalpur, Madhya Pradesh 482001",23.1505923,79.9455607,Sadar Bazar,093033 55133,,
1baab7bd-d724-440c-834f-82960b9508dd,Sadar Bazar Jabalpur,GENERAL_CLINIC,,Sadar Main Rd,"Sadar Main Rd, Malhotra Compound, South Civil Lines, Jabalpur, Madhya Pradesh 482001",23.1545719,79.9473951,Sadar Bazar,,,
d5fe6f85-73db-4897-bdcb-4f51da608d62,Samarth Vet Diagnostics (Pet Pathology),PATHOLOGY_LAB,,South Civil Lines,"New Delite Campus, Shop No. 11, First Floor, Delite Palladium, South Civil Lines, Jabalpur, Madhya Pradesh 482001",23.1628255,79.9547268,Sadar Bazar,083186 41502,,https://apnabusinesscard.com/Samarth-Vet-Diagnostics
975c5068-6890-428c-b40f-180a11fea38f,Janta Piles Clinic Jabalpur,GENERAL_CLINIC,,Sneh Nagar Rd,"401/1, Sneh Nagar Rd, near HDFC bank, Labour Chowk, Nove Adaresh Colony, Sneh Nagar, Jabalpur, New Adaresh Colony, Madhya Pradesh 482002",23.1668566,79.9130686,Kamla Nehru Nagar,,,https://www.jantapilesclinic.com/
ebd768d5-2d0a-44c3-80d4-ea1da2abafce,First Care Clinic,GENERAL_CLINIC,,Sneh Nagar,"Near, Ladli Laxmi Path, Sneh Nagar, Jabalpur, Madhya Pradesh 482002",23.164852,79.912209,Kamla Nehru Nagar,088173 20153,,
1529185b-e11b-40b0-9387-c15801568166,"Insight Imaging & Diagnostics (Fetal Medicine, Amniocentesis ,CVS, Fetal Echo, Target Scan, Mammography, Neurosonography",IMAGING_CENTER,,Nav Adarsh Colony,"412, Nav Adarsh Colony, Behind Mehta Petrol Pump, MR-4 Rd, in front of SBI, Kamla Nehru Nagar, Branch, Jabalpur, Madhya Pradesh 482002",23.1674204,79.9104392,Kamla Nehru Nagar,086299 17710,,https://insight-diagnostics.in/
eaa6a32d-af31-4de6-b6f6-ea7bc1947d12,Neil Ultrasound Diagnostic Solutions,IMAGING_CENTER,,Sneh Nagar Rd,"278/1, Sneh Nagar Rd, opposite Shree marbles, Labour Chowk, Nove Adaresh Colony, Sneh Nagar, Jabalpur, New Adaresh Colony, Madhya Pradesh 482002",23.1666621,79.9126799,Kamla Nehru Nagar,062677 27733,,https://www.jabalpurhelpline.com/neil-ultrasound-diagnostic-solutions
9e69fa01-a533-4aab-9202-8555b7640e07,Dr Shailendra Clinic,GENERAL_CLINIC,,Shiv Nagar,"5W76+CCR, Shiv Nagar, Ranipur, Jabalpur, Madhya Pradesh 482002",23.1636025,79.9110053,Kamla Nehru Nagar,089623 25371,,
ae4a0cb5-411e-446f-a9c1-c35fb4854eec,Saket Nursing Home,NURSING_HOME,,Road,"Road, Nove Adaresh Colony, Daya Nagar, Yadav Colony, Tada, New Adaresh Colony, Madhya Pradesh 482002",23.16903,79.91653,Kamla Nehru Nagar,076126 11439,,
90d3d492-2d6f-43b7-9b91-bf6546b90e64,Homoeopathic Clinic,HOMEOPATHY_CLINIC,,Pandey Chowk,"Yadav Conley, Pandey Chowk, near by Romachtargi Hospital, Nove Adaresh Colony, Yadav Colony, Jabalpur, New Adaresh Colony, Madhya Pradesh 482002",23.1680609,79.9149919,Kamla Nehru Nagar,062655 57063,,
bb1fb2a2-833f-43bb-816b-6fd8992d07d6,Apoorv Pathology,PATHOLOGY_LAB,,Garha Rd,"O-13, Garha Rd, Nove Adaresh Colony, Sneh Nagar, Jabalpur, Madhya Pradesh 482002",23.1660386,79.9113308,Kamla Nehru Nagar,094794 56014,,https://www.apoorvpathology.com/
26457123-d191-48dc-8724-0de925c90006,Neeraj Clinic,GENERAL_CLINIC,,Sanjay Nagar,"Sanjay Nagar, Adhartal, Jabalpur, Madhya Pradesh 482004",23.2029408,79.9541632,Cherital,090995 03692,,
1003bc42-b665-479b-b349-a863b0a8b760,"Thyrocare Diagnostic Lab | Blood Test Centre - Jabalpur, Madhya Pradesh",PATHOLOGY_LAB,,Cherital Main Road,"Gr floor, 53, Cherital Main Road, near Sudhir Traders, near Gaurav Lodge, Sarvodaya Nagar, Tejaji Nagar, Baldeobagh, Jabalpur, Madhya Pradesh 482002",,,Cherital,074711 84143,,https://thyrocare.com/near-by-location/JABALPUR/MADHYA%20PRADESH/franchise-name-FE071
014cae46-5b2e-454b-bb6f-a4064a645bc1,I. K. Medical Stores,PHARMACY,,Khajanchi Nagar,"3688, Khajanchi Nagar, Mansarovar Colony, Adhartal, Jabalpur, Madhya Pradesh 482004",23.2007193,79.9545357,Cherital,094254 68017,,
577a24a5-6e20-4d75-8874-5e5cbdfba0da,Eesha Clinic,GENERAL_CLINIC,,Patel Nagar,"6XG6+234, Patel Nagar, Maitri Nagar, Maharajpur, Jabalpur, Madhya Pradesh 482004",23.225013,79.960194,Cherital,093295 07033,,
14355280-0810-4e88-a83c-2a35e726ab51,Chauhan clinic,GENERAL_CLINIC,,Ward No 77,"Ward No 77, Sai Vihar Colony, Richhai, Jabalpur, Madhya Pradesh 482010",23.2190792,79.9769473,Cherital,,,
ad081216-81e3-4941-9d09-cb5e31be4315,Hope health Cilinic,GENERAL_CLINIC,,Lamheta Ghat Road,"4R7P+892, Lamheta Ghat Road, Lamheta Ghat, Sagra, Jabalpur, Madhya Pradesh 482003",23.1132625,79.8358789,Cherital,,,
3499205a-3860-48d6-9f91-cf1f2d72e1f0,Wellness healthcare centre,ENT_CLINIC,,Unnamed Road,"Unnamed Road, Patel Nagar, Maitri Nagar, Gotam Nagar, Jabalpur, Madhya Pradesh 482004",23.2253797,79.9586292,Cherital,,,
c7896ace-e3d8-4181-a957-acc41bb775a2,Sheya Clinic,GENERAL_CLINIC,,Adhartal,"6X29+W82, New Kanchanpur, Adhartal, Jabalpur, Madhya Pradesh 482004",23.2022648,79.9682692,Cherital,094258 66031,,
ea14ad2e-9aa8-452a-a31d-5d6e35ce42d2,Dr G.L. Kshatri,GENERAL_CLINIC,,Tamarhai Chowk,"154, Tamarhai Chowk, Kotwali Bazar, Jabalpur, Madhya Pradesh 482002",23.18064,79.9345989,Cherital,076126 51327,,
2104b517-8b09-42aa-99a4-e14ce7b0f2cd,Apollo Clinic bhanwarkua indore,GENERAL_CLINIC,,Siddharth Nagar,"No-1, Scheme No - 44-B, Siddharth Nagar, Bhanwarkua Square, AB Rd, Indore, Madhya Pradesh 452014",,,Cherital,0731 487 0736,,
49c79766-aa5a-49ba-b104-57fef994fbaf,Dr jeetendra singh,GENERAL_CLINIC,,Russel Chowk,"silver okk compound, Russel Chowk, Napier Town, Jabalpur, Madhya Pradesh 482001",23.1639778,79.9380881,Russel Chowk,083196 87994,,
3e6917a9-7ab8-4e77-a558-29c973ed8187,NIDHI PATHO & DIAGNOSTIC CENTER,DIAGNOSTIC_CENTER,,Russel Chowk,"OPP JAIN TOWER NEAR SAMDARIYA INN HOTEL SLIVER COMPOUN RAJUL BUILDER, Russel Chowk, Jabalpur, Madhya Pradesh 482001",23.1631777,79.9368851,Russel Chowk,093008 20295,,
edfa8fe5-f140-4668-9671-2fe763e4b557,Santoshi Clinic,GENERAL_CLINIC,,Karamchand Chowk,"5WCP+3WR, Samdariya Complex, Karamchand Chowk, Jabalpur, Madhya Pradesh 482002",23.170248,79.9372572,Russel Chowk,098270 66388,,
ec2a2eb5-adbe-48d7-9172-76c12c7551d0,SPL Clinical Lab,PATHOLOGY_LAB,,Russel Chowk,"664/1, Russel Chowk, below Ayushman Hospital, Napier Town, Jabalpur, Madhya Pradesh 482002",23.1642793,79.9357371,Russel Chowk,,,
985fb65a-1038-4438-88f8-84a4c8b3d3ad,Patel Patho Diagnostic Center Jabalpur M.P. - Dr. V. K. Patel,DIAGNOSTIC_CENTER,,Road,"jabalpur hospital, Shop no. 107, Rajul Landmark, Road, Jabalpur, Madhya Pradesh 482001",23.1626529,79.935924,Russel Chowk,062614 46768,,
af1533b7-77c4-4d84-a7d5-f84d27f3613f,Khatri Path Lab,PATHOLOGY_LAB,,Russel Chowk,"5W7Q+2V5, Russel Chowk, beside Maruti Hotel, Napier Town, Jabalpur, Madhya Pradesh 482001",23.1625105,79.9397375,Russel Chowk,088893 85478,,
9f84a2a3-8454-4d30-abdc-664dd3d65db7,HealthAssure - Kunj Prabha Diagnostic - Jabalpur | Blood Tests - Home Collection & Full Body Checkups,PATHOLOGY_LAB,,Russel Chowk,"851, Russel Chowk, opp. Blue Moon Hotel, near Income Tax office, Napier Town, Jabalpur, Madhya Pradesh 482001",23.1599217,79.9300962,Russel Chowk,091112 29222,,https://www.healthassure.in/
949d9ba9-cdf8-4f33-ab01-004d97e7f01a,SAIRAM Pathology Lab,PATHOLOGY_LAB,,Russel Chowk,"Ahuja Towers, 45, Russel Chowk, Napier Town, Jabalpur, Madhya Pradesh 482001",23.164055,79.936438,Russel Chowk,,,
8ab861c7-90d7-48a2-8af8-a54249708d93,Best Price Pharmacy,PHARMACY,,Hotel Utsav Parisar Dayanand Saraswati Ward,"Shop no 5, Hotel Utsav Parisar Dayanand Saraswati Ward, Russel Chowk, Napier Town, Jabalpur, Madhya Pradesh 482001",23.1630022,79.9369985,Russel Chowk,075090 23456,,http://bestpricepharmacybranch.com/
8450a518-9d3e-4447-ada1-095a17bb8dba,Dr. Rajesh B. Dhirawani,GENERAL_CLINIC,,Napier Town,"&, jabalpur hospital, Research Centre Dental Department, Russel Square, Napier Town, Jabalpur, Madhya Pradesh 482001",23.1621954,79.9361419,Russel Chowk,0761 402 6000,,https://jabalpurhospital.com/
4082c3e9-9cbe-445e-80db-a4a727d52fca,Kazi Medical,GENERAL_CLINIC,,Gohalpur Rd,"5WQQ+H2C, Gohalpur Rd, Milloniganj, Suji Mohalla, Uprainganj, Jabalpur, Madhya Pradesh 482002",23.1889269,79.9375088,Miloniganj,,,
5d03d02f-de37-42eb-9b25-9574c2f1947f,Clinic D.R. B.L. RUSSIA,GENERAL_CLINIC,,Uprainganj,"5WHJ+M5M, Uprainganj, Jabalpur, Madhya Pradesh 482002",23.1792162,79.9304256,Miloniganj,,,
9bfcfac4-1a94-466b-842f-26479bd0fdd7,Hamidiya Dawakhana South Milloniganj Saree Market,GENERAL_CLINIC,,Char Khamba Rd,"5WMP+VCV, Char Khamba Rd, Gohalpur, Jabalpur, Madhya Pradesh 482002",23.1847363,79.9360616,Miloniganj,,,
6e0afc0c-117c-498a-a553-1388ece0c921,यादव क्लिनिक,GENERAL_CLINIC,,Dixitpura Rd,"5WJG+2J8, 384, Dixitpura Rd, Uprainganj, Jabalpur, Madhya Pradesh 482002",23.1798229,79.9281529,Miloniganj,,,
3501578b-1be7-4a12-a975-24ffdfbb4bf4,Dr Raise Alam,GENERAL_CLINIC,,Gohalpur,"5WMP+PJ7, Gohalpur, Jabalpur, Madhya Pradesh 482002",23.1842848,79.9365355,Miloniganj,,,
9b558fde-d162-400f-97e2-60e88bbf2d7b,Yadav Poly Clinic,GENERAL_CLINIC,,Dixitpura Rd,"00, Dixitpura Rd, Uprainganj, Jabalpur, Madhya Pradesh 482002",23.1804864,79.9278223,Miloniganj,098272 38801,,
fa48f6ec-b40f-4ec6-a3a8-dbe331ab53a7,General Diagnostic - Health care clinic & Pathology Centre Jabalpur,PATHOLOGY_LAB,,Main Rd,"Main Rd, Ram Nagar, Chhota Fuhara, Suji Mohalla, Gohalpur, Jabalpur, Madhya Pradesh 482002",23.1834406,79.9337954,Miloniganj,,,https://www.gd-lab.com/
c18dda69-4983-47e6-b0ed-eecd204c3faf,Chandroday Clinic,GENERAL_CLINIC,,Sangam Colony,"5WH9+RJV, Sangam Colony, Jabalpur, Madhya Pradesh 482002",23.179617,79.9190519,Miloniganj,094001 51577,,
93ef5fcd-3b9c-408c-80d7-dac57c067801,Anand Market Bodhraj clinic,GENERAL_CLINIC,,LordGanj,"5WCH+XXP, LordGanj, Jabalpur, Madhya Pradesh 482002",23.1724651,79.9299621,Miloniganj,,,
f3b03d99-df05-4442-bf82-7db596fa8c95,बिहारी क्लीनिक,GENERAL_CLINIC,,Adhartal,"1104, ठक्कर ग्राम स्लॉटर हाउस रोड, Adhartal, Jabalpur, Madhya Pradesh 482002",23.1870071,79.9459754,Miloniganj,094258 64100,,
2f627b46-8ab9-4448-8782-42bb21cb3316,Family Clinic,GENERAL_CLINIC,,Adhartal,"6W2P+788, Nai Basti Gopalpur, Adhartal, Jabalpur, Madhya Pradesh 482002",23.2006545,79.9358408,Miloniganj,,,
35c859fb-e950-48e1-9f52-8284514cd4d1,Parashar Polyclinic,POLYCLINIC,,Leonard school,"before, Leonard school, 56, Denning Rd, Prestige Town, South Civil Lines, Jabalpur, Madhya Pradesh 482001",23.1612224,79.9575669,Miloniganj,,,
6209f87c-62a3-4aef-9329-52da671d2651,Shri Sai Clinic,GENERAL_CLINIC,,Amkhera Rd,"6W4P+53R, Amkhera Rd, Jagriti Nagar, Gohalpur, Jabalpur, Madhya Pradesh 482002",23.2054967,79.9351476,Miloniganj,,,
5f8b1600-79a0-4bb8-ade2-3b91c6bdb395,Dr.M.L.Chandvani,GENERAL_CLINIC,,Dwarka Nagar,"5XJ7+WCJ, Dwarka Nagar, Kachghar Lalmali, Jabalpur, Madhya Pradesh 482001",23.1823445,79.9635244,Rani Durgavati,098276 71671,,
783d9868-f4f2-4264-932a-93d8fe70aa28,Ramlalla Medical Kanchghar,GENERAL_CLINIC,,Sanjay Ghandhi Ward,"Sanjay Ghandhi Ward, Samdareeya Nagar, Jabalpur, Madhya Pradesh 482001",23.1757986,79.9593312,Rani Durgavati,098938 48384,,
5d727c54-ed9b-4c5d-9da0-2a4c3711e286,MG PATHOLOGY CENTRE (Assurance of quality),PATHOLOGY_LAB,,KANCHGHAR CHOWK,"NIRMAL HOSPITAL, KANCHGHAR CHOWK, in front of INDIAN BANK, Jabalpur, Madhya Pradesh 482001",23.1762107,79.9619595,Rani Durgavati,088397 35448,,
2ca388a4-6bd5-42e6-97aa-18e183fb0c86,MAA REWA MEDICOSE & DIAGNOSTIC CENTER,DIAGNOSTIC_CENTER,,Christian Colony,"Front of Gopal mandir, Chock, beside AMBIKA PLYWOOD, Christian Colony, Ghamapur, Jabalpur, Madhya Pradesh 482001",23.1755315,79.9521051,Rani Durgavati,090393 29398,,
c453c972-6e2f-447b-b10f-664858456b25,"Thyrocare Diagnostic Lab | Blood Test Centre - Agasaud, Patan",PATHOLOGY_LAB,,Ghamapur,"Sarkari Kwan, 456, Paschimi, Ghamapur, Jabalpur, Madhya Pradesh 482001",23.1795705,79.9516647,Rani Durgavati,087708 26635,,https://thyrocare.com/near-by-location/JABALPUR/MADHYA-PRADESH/DOCTOR%27S-LAB-MP135
5a6de5b7-2b04-4762-85d1-250ef79db6f4,Chowdhary Opticians,GENERAL_CLINIC,,54678,"54678, Madhya Pradesh 482001",23.1613568,79.9787392,Rani Durgavati,098260 20425,,
61f40f4b-c697-4f1d-a90c-22d386d4697c,Shreya Diagnostic (Pathology),PATHOLOGY_LAB,,KanchGhar,"218, near Sarvodaya School, KanchGhar, Jabalpur, Madhya Pradesh 482001",23.1800623,79.9591853,Rani Durgavati,094258 59944,,
f607ff77-770c-4aae-a82c-a95623ea87d4,DR LALPATHLABS,PATHOLOGY_LAB,,KanchGhar,"5XH5+XVW, KanchGhar, Jabalpur, Madhya Pradesh 482001",23.179983,79.9596999,Rani Durgavati,,,
5749a4fa-3872-451e-81fe-3e4a21af07f0,HARI OM MEDICAL STORE / CLINIC,PHARMACY,,Shanti Nagar Gate,"Shanti Nagar Gate, Deendayal Road, Damoh Naka, Jabalpur, Madhya Pradesh 482002",23.1867465,79.9269827,Damohnaka,089894 47040,,
4af266d6-117b-48bc-8247-2830295ea499,Om Acupressure and Sujok Center,PHYSIOTHERAPY_CENTER,,Trimurti Nagar,"608, behind Shri Ram Mandir, Damoh Naka, Trimurti Nagar, Jabalpur, Madhya Pradesh 482002",23.1929275,79.9249078,Damohnaka,,,
53096591-9217-4ed8-b0e3-ca0c529554bc,Om Sai Clinic,GENERAL_CLINIC,,Adhartal,"6X28+F6C, Purana Kanchanpur, Adhartal, Jabalpur, Madhya Pradesh 482004",23.201195,79.9655174,Damohnaka,094246 76566,,
f1dee207-c89f-466b-bbe2-42040d9190fb,Dr Lal PathLabs - Patient Service Centre,PATHOLOGY_LAB,,Ambedkar Colony,"No 1638 Cherital, near Beauti Parlour, Damoh Naka, Ambedkar Colony, Jabalpur, Madhya Pradesh 482002",23.1927154,79.926048,Damohnaka,08071 372 025,,https://labs.lalpathlabs.com/dr-lal-pathlabs-patient-service-centre-diagnostic-centre-damoh-naka-jabalpur-290117/Home?utm_source=locator&utm_medium=googleplaces
c28cc35a-b9f2-4068-9fb5-0b9519ce92bc,DR. S.L. SAHU,GENERAL_CLINIC,,Shanti Nagar Rd,"5WRH+4H6, Shanti Nagar Rd, Damoh Naka, Colony, Jabalpur, Madhya Pradesh 482002",23.1902803,79.9288957,Damohnaka,090099 06648,,
0d845efa-ca00-4c8c-8893-ec4e1de5e977,Jay Fitness Health Care Clinic,GENERAL_CLINIC,,Shanti Nagar Rd,"5WQJ+R99, Shanti Nagar Rd, Damoh Naka, Transport Nagar, Jabalpur, Madhya Pradesh 482002",23.1895315,79.9309866,Damohnaka,094247 17106,,
c779b989-cb12-4f74-98e0-f0a70be8b37a,K. G. N. Clinic,GENERAL_CLINIC,,Front of Pratap Market,"5WPG+GRM, Front of Pratap Market, Damoh Road, Jabalpur, Madhya Pradesh 482002",23.1863438,79.9270538,Damohnaka,095227 90170,,
7a4429d7-1cb3-4c11-b463-959b243d16f1,CITY CARE PATHOLOGY,PATHOLOGY_LAB,,Shanti Nagar,"Shanti Nagar, Jabalpur, Madhya Pradesh 482002",23.1889012,79.9295506,Medical Road,079870 32916,,
791c07ee-18d7-4c0a-8d5d-2e39e00c060b,DR.S.A. Usmanee,GENERAL_CLINIC,,Ahmad Nagar,"5WVM+55M, Ahmad Nagar, Gohalpur, Jabalpur, Madhya Pradesh 482002",23.1929514,79.9329222,Medical Road,093018 16694,,
44960d9b-e6ee-4267-925a-3bd982310138,मिरेकल्स होम्यो हेल्थ क्लिनिक,GENERAL_CLINIC,,Amkhera Rd,"5WRP+M49, Amkhera Rd, Ahmad Nagar, Gohalpur, Jabalpur, Madhya Pradesh 482002",23.1916582,79.9353604,Medical Road,,,
e6b29352-50b4-4fd9-93d4-c286ead0bd36,MindCare Clinic,GENERAL_CLINIC,,Patel Mohalla,"Maa narmade medical hall, Patel Mohalla, Marhatal, Jabalpur, Madhya Pradesh 482002",23.1687261,79.9346824,Medical Road,,,
691c17b8-850f-4f20-b198-d49ad3b28b9e,Health care and diet clinic,GENERAL_CLINIC,,Gohalpur,"73,BASTI NO 2, beside SHIV MAHIMA KIRANA, Gohalpur, Jabalpur, Madhya Pradesh 482004",23.1980958,79.935995,Kachnar City,,,
57703606-99a5-40b3-abfb-52d207671015,Primary health centre,ENT_CLINIC,,Yashwar Nagar,"D-38, near shiv temple, Yashwar Nagar, Kanchan Vihar, Vijay Nagar, Jabalpur, Raksha, Madhya Pradesh 482002",23.1886779,79.9007428,Kachnar City,,,
1331035c-1466-4e11-aae0-021349cf14b3,Dr. O.P Shrivastava Clinic,GENERAL_CLINIC,,Yashwar Nagar,"orbit kachnar plaza, in front of petz era, near nachiketa collage, Yashwar Nagar, Kanchan Vihar, Vijay Nagar, Jabalpur, Raksha, Madhya Pradesh 4820002",23.1883038,79.9028292,Kachnar City,093292 91280,,
df797f87-4c6b-4ee2-9180-87356e8acea5,shiv shakti medicose,PHARMACY,,New Shastri Nagar,"4VRG+PXG, New Shastri Nagar, Shastri Nagar, Jabalpur, Madhya Pradesh 482003",23.1418239,79.8774553,Shastri Nagar,,,
e35b95b8-60c5-46b8-97a7-e624b28b7437,Clinic,GENERAL_CLINIC,,shashtri nagar,"4VPH+7C2, Sai Mandir ke Samne, lamheta Tiraha, nalanda cigar, shashtri nagar, Medical Jabalpur, JDA Colony, Bargi Hills, Jabalpur, Madhya Pradesh 482003",23.1356334,79.8785076,Shastri Nagar,091319 21157,,
3df5a9f8-909a-44b5-8269-cc46836397d9,Misra's Medical Clinic,GENERAL_CLINIC,,Medical Garha,"4VXJ+2WV, Medical Garha, Jabalpur, Madhya Pradesh 482003",23.1476068,79.8823002,Shastri Nagar,,,
11d65e61-7ef8-4959-adb1-eb6f6fc78edb,Petvet vaccination clinic,GENERAL_CLINIC,,Shastri Nagar Rd,"infront of Jain mandir, 125, Shastri Nagar Rd, near medical college, New Shastri Nagar, Shastri Nagar, Jabalpur, Madhya Pradesh 482003",23.1430027,79.8757227,Shastri Nagar,,,
a36fe5f2-6b73-4864-80bd-790dde070e52,Premium CT Scan Centre,IMAGING_CENTER,,Nehru Nagar,"4VXM+R64, Nehru Nagar, Jabalpur, Madhya Pradesh 482003",23.1495133,79.8830827,Shastri Nagar,076498 75931,,
988e7698-189b-4065-9146-d4257a483410,Shri Chetan Clinic,GENERAL_CLINIC,,Shri Prasth Colony,"18, Shri Prasth Colony, New Shastri Nagar, Shastri Nagar, Jabalpur, Madhya Pradesh 482003",23.1419249,79.8723877,Shastri Nagar,082691 18458,,
3be4aa5b-87af-4e0c-b758-807f9dd5c9f6,Shri Laxmi Medical Store,PHARMACY,,Dhanwantri Nagar chowk Purva road,"shop number 1, Dhanwantri Nagar chowk Purva road, Jabalpur, Madhya Pradesh 482003",23.1558074,79.8745186,Shastri Nagar,075666 44477,,
05bc33e6-4d31-419d-b0bb-e0483068f5cc,Dr.Mayank Singhai (Gazetted Medical Officer),GENERAL_CLINIC,,Hanumantal Ward,"Phoota tal choraha, Hanumantal Ward, Jabalpur, Madhya Pradesh 482004",23.1769123,79.937608,Hanuman Tal,,,
6f018003-fe89-4b17-b3ca-5716c06b6349,Inamur Rehman,GENERAL_CLINIC,,Hanumantal Ward,"3, Hanumantal Ward, Jabalpur, Madhya Pradesh 482002",23.1822306,79.9379826,Hanuman Tal,087703 76649,,
e0527bc4-2d34-4f82-af8e-39c9f0d8bc75,Jagadamba Aroyga Dham,GENERAL_CLINIC,,Phootatal Road,"5WHQ+74W, Phootatal Road, Khateek Moholla, Jabalpur, Madhya Pradesh 482002",23.1782285,79.9378155,Hanuman Tal,088198 98292,,
42d069ad-b87f-4385-b9d9-0a1aecc845a7,MASSA CLINIC,GENERAL_CLINIC,,Shop No 01 Footatal Ground Nagar Nigam Market,"Shop No 01 Footatal Ground Nagar Nigam Market, Madhya Pradesh 482002",23.1783862,79.9378493,Hanuman Tal,081091 51750,,
246c6340-79aa-418c-9cbb-8851558aa8a6,CHIKTASA PRAMARSH KENDRA JABALPUR,GENERAL_CLINIC,,Thakkar Gram,"Thakkar Gram, Jabalpur, Madhya Pradesh 482002",23.1893783,79.9433339,Hanuman Tal,,,
a903d7bd-1082-4fe0-b118-bc77c7df141e,Sai Clinic,GENERAL_CLINIC,,5WMW+849 Bahara Bag Market,"5WMW+849 Bahara Bag Market, Char Khamba Rd, Prem Nagar, Jabalpur, Madhya Pradesh 482002",23.1832861,79.9453459,Hanuman Tal,098933 31456,,
8b776147-0630-42c3-a981-e8dac211465f,Alshaafi Dr Khan Clinic,GENERAL_CLINIC,,Panch Kuiya Road,"Haddi Godam, Panch Kuiya Road, Thakkar Gram, Vehicle Fac. Jabalpur, Jabalpur, Madhya Pradesh 482002",23.1893783,79.9433339,Hanuman Tal,,,https://alshaafi-dr-khan-clinic.ueniweb.com/?utm_campaign=gmb
5f6a19fa-c796-4ca3-ad3c-71ba67c713d0,S.R. GANGA CLINIC,GENERAL_CLINIC,,Nav Nivesh Colony,"5V5P+2C5, MP SH 22, Nav Nivesh Colony, Ganga Nagar, Jabalpur, Madhya Pradesh 482003",23.1575052,79.8861082,Gangasagar,,,
52e60b56-5d49-4ec9-807e-f53a5b22be18,Sai Pathology Centre,PATHOLOGY_LAB,,Ganga Sagar Rd,"5W58+392, Ganga Sagar Rd, near Reliance Fresh, Amanpur, Shukla Nagar, Madan Mahal, Jabalpur, Madhya Pradesh 482002",23.157627,79.915903,Gangasagar,093006 04352,,
6aacdb54-8622-408a-b36e-a1ac3d0abd27,Dr A K Patel,GENERAL_CLINIC,,Ganga Sagar Rd,"Ganga Sagar Rd, near Ekta Chowk, Garha, Jabalpur, Madhya Pradesh 482002",23.1595589,79.9090937,Gangasagar,,,
86daa0ce-336d-4e84-ae86-af5f6d74c72a,Clinic For Poor,GENERAL_CLINIC,,Sadar Bazar,"Sadar Bazar, Sadar, Jabalpur, Madhya Pradesh 482001",23.150018,79.943776,Gangasagar,098934 16873,,
f8d2f684-1098-4847-a5b0-dc7a13544530,Narmada Gym,GENERAL_CLINIC,,Ghamapur chowk,"Ghamapur chowk, Jabalpur, Madhya Pradesh 482002",23.1769864,79.946612,Ghamapur,,,
f421e71e-e902-4189-9bc1-01d1e6782cd2,Sachdeva Pathology Lab,PATHOLOGY_LAB,,Ghamapur,"5WGW+5JX, Ghamapur, Jabalpur, Madhya Pradesh 482001",23.1754804,79.9466061,Ghamapur,,,
fe2b02b7-efc2-42cf-b39a-d48fce579c44,Sumitro Banerjee,GENERAL_CLINIC,,Ghamapur,"Shop, November. 01, Bai Ka Bageecha, Ghamapur, Jabalpur, Madhya Pradesh 482001",23.177201,79.948765,Ghamapur,091712 97787,,
89cc8d60-2f3f-4bfb-af84-7fdbc1cffd29,Dr. Suryawanshi,GENERAL_CLINIC,,Ghamapur,"Awanandi Complex, Ghamapur, Jabalpur, Madhya Pradesh 482001",23.1754465,79.9465887,Ghamapur,098270 68168,,
0e762edd-a924-40a6-9fa5-86f4da053a8b,B- Able,GENERAL_CLINIC,,Ghamapur,"Chandrawatz Complex, Beoharbag, Ghamapur, Jabalpur, Madhya Pradesh 482001",23.1756817,79.9468512,Ghamapur,093001 03928,,
c5aaf4e9-75bc-47fc-9c63-88e17331ea52,Shree Sai Medicos,PHARMACY,,Ghamapur,"5WFW+VP4, beside Panday Hospital, BeoharBagh, Ghamapur, Jabalpur, Madhya Pradesh 482001",23.17464,79.9468357,Ghamapur,,,
9f173a14-5e06-44a5-914d-0e18b42361ab,Narmada Path Lab,PATHOLOGY_LAB,,near NAGAR NIGAM ZONE OFFICE BHANTALIYA,"near NAGAR NIGAM ZONE OFFICE BHANTALIYA, Ghamapur, Jabalpur, Madhya Pradesh 482002",23.1796135,79.9447773,Ghamapur,079749 17108,,
9fc82c80-d57a-491a-85ca-246a3888fdc6,Banjhal Medical store,PHARMACY,,Christian Colony,"322, Christian Colony, Ghamapur, Jabalpur, Madhya Pradesh 482001",23.1757418,79.9537351,Ghamapur,096301 29762,,
b0934192-deac-441b-b71f-b416f6227b53,MARUTI JANAROGYAM GENERIC MEDICAL STORE,PHARMACY,,Indira Market,"Indira Market, INFRONT OF RAILWAY HOSPITAL, 44, Railway Station Rd, South Civil Lines, Jabalpur, Madhya Pradesh 482002",23.1679461,79.9532503,Katanga,,,
aff187ef-5bab-43fb-867c-3d0e054f5b98,डॉ. चौधरी क्लीनिक,GENERAL_CLINIC,,Andherdeo,"263, अंधेरदेव, Andherdeo, Ganjipura, Jabalpur, Madhya Pradesh 482002",23.1744876,79.933583,Katanga,,,
bbe8db91-514b-4237-b19d-27d28f5f7d25,Shri Hariom Nirogdham,GENERAL_CLINIC,,Sanjeevani Nagar,"883, Near Kachhpura Railway Station, Sanjeevani Nagar, Garha, Jabalpur, Madhya Pradesh 482003",23.1696579,79.8985325,Sanjeevani Nagar,076124 28585,,
598cccdd-95d1-4a42-b913-93a6c91289c8,shree bala ji mediko,GENERAL_CLINIC,,Anjani Chhaya Sanjeevani Nagar,"State Highway 22, Anjani Chhaya Sanjeevani Nagar, Mohan Vihar Colony, Garha, Jabalpur, Madhya Pradesh 482002",23.1642638,79.9042632,Sanjeevani Nagar,086027 13311,,
dedbe4a0-ddef-478c-8a20-61b6f01f8b24,Shri ji pathology lab MAA NARMDE CLINIC,PATHOLOGY_LAB,,Sanjeevni Nagar Royal school,"Sanjeevni Nagar Royal school, near Durga mandir, Garha, Jabalpur, Madhya Pradesh 482003",23.167596,79.8973994,Sanjeevani Nagar,090986 16777,,
019fa9dc-30ad-4d32-95ad-eba200df05e9,Faith Diagnostic Pathology Clinic,PATHOLOGY_LAB,,Sanjeevani Nagar,"5W85+288, Railway Crossing, near Water Tank, Sanjeevani Nagar, Jabalpur, Madhya Pradesh 482002",23.1650469,79.908321,Sanjeevani Nagar,099817 84919,,
86333608-3226-45b9-816b-7434b3564115,Sanjeevani Beauty Clinic,DERMATOLOGY_CLINIC,,Sanjeevani Nagar,"Durga Mandir, Sanjeevani Nagar, Jabalpur, Madhya Pradesh 482003",23.1676201,79.8974382,Sanjeevani Nagar,094250 31649,,
cce5ef77-f32a-48f7-ab57-651fa59d5089,Shri Ramchandra Medical Store,PHARMACY,,Main road,"Besides Bank of Maharashtra, Main road, Gharha, Sanjeevani Nagar, Jabalpur, Madhya Pradesh 482002",23.1652539,79.9023957,Sanjeevani Nagar,079878 28598,,
2ec44f2c-a09d-48f2-8b1f-3c445c3b44cc,दाँत का दवाखाना डॉ. शुभ श्रीवास्तव,GENERAL_CLINIC,,Sanjeevani Nagar,"5V8X+5PQ, MP SH 22, Sanjeevani Nagar, Jabalpur, Madhya Pradesh 482003",23.1654569,79.8993565,Sanjeevani Nagar,,,
08bdb5fb-57a9-4b12-b75f-4664b02f6794,Dr Amit Raikwar Home,GENERAL_CLINIC,,Ganga Nagar,"5V6Q+XJJ, Ganga Nagar, Jabalpur, Madhya Pradesh 482003",23.1624523,79.8890126,Sanjeevani Nagar,,,
99ffff42-da07-41ac-8c77-46fcd5e02c63,DR. MUKERJEE NARSING HOME,GENERAL_CLINIC,,Mohan Vihar Colony,"MP SH 22, Mohan Vihar Colony, Sanjeevani Nagar, Jabalpur, Madhya Pradesh 482003",23.165209,79.9001745,Sanjeevani Nagar,,,
6bf4e503-ac17-4954-91ff-247b05bea8cc,"Thyrocare Diagnostic Lab | Blood Test Centre - Tilhari, Jabalpur",PATHOLOGY_LAB,,Main Road,"Main Road, near Dmart, Tilhari, Jabalpur, Madhya Pradesh 482020",23.1264325,79.9673782,Tilhari,091314 50658,,https://thyrocare.com/near-by-location/JABALPUR/MADHYAPRADESH/franchise-name-MFMP6
57bcac52-9315-4845-ad2e-4f98c447a8dc,मेट्रोपॉलिस पैथोलॉजी कलेक्शन सेंटर,GENERAL_CLINIC,,Tilhari,"Tilhari, Jabalpur, Madhya Pradesh 482020",23.1262316,79.9674788,Tilhari,080857 97402,,http://www.metropolisindia.com/
741bb9fa-4ad2-4574-a729-22c9780739e1,Healtholiks - Fitness and wellness center,ENT_CLINIC,,4XG9+445 Shiver Garden,"4XG9+445 Shiver Garden, beside Mohit Apartment, Tilhari, Madhya Pradesh 482020",23.1253652,79.9679542,Tilhari,093020 48440,,
c4b07302-8698-4aa9-b246-0fff56e6b585,Metropolis Labs | Blood Test & Diagnostic Centre in Jabalpur,PATHOLOGY_LAB,,Tilhari,"Simariya, near Vision Mahal, Tilhari, Jabalpur, Madhya Pradesh 482020",23.1244101,79.9679201,Tilhari,0731 462 0762,,https://www.metropolisindia.com/lab/diagnostic-centre-in-tilhari-near-vision-mahal-jabalpur
12c087c2-e35f-42bf-82df-67b9a8d1023d,Dr Lal PathLabs - Patient Service Centre,PATHOLOGY_LAB,,Mandla - Jabalpur Rd,"27, Mandla - Jabalpur Rd, near Indian Coffee House, Jabalpur, Pipariya, Madhya Pradesh 482020",23.1222608,79.9702127,Tilhari,080 3711 7752,,https://labs.lalpathlabs.com/dr-lal-pathlabs-patient-service-centre-diagnostic-centre-mandala-road-jabalpur-530727/Home?utm_source=locator&utm_medium=googleplaces
619835d2-27be-41b5-a9b5-0c60fbbd4b61,Health Care Centre,ENT_CLINIC,,road,"33W2+8RQ, road, kisani mohalla, Jabalpur, Barela, Madhya Pradesh 483001",23.0958405,80.0520993,Barela,,,
976d00c0-c1d8-447d-8049-a2a1562f33ef,Drx Chandrika Clinic,GENERAL_CLINIC,,33W2+8VM,"33W2+8VM, Barela, Madhya Pradesh 483001",23.0958338,80.052162,Barela,,,
b3d06172-df70-40ac-bbaa-8115edd1f9c3,Richa Medicose,PHARMACY,,Barela,"ME, SAHU HOSPITAL ke, Barela, Jabalpur, Madhya Pradesh 483001",23.0955695,80.0483474,Barela,078699 47066,,
58e9aac9-888c-42fc-b5f5-ff045ffc09c5,Mamta medicose,PHARMACY,,32WX+8V8,"32WX+8V8, Barela, Madhya Pradesh 483001",23.0958152,80.0496891,Barela,,,
c1493f8a-1a7f-4958-9291-73f482090109,Dr. Deepa Shiv Siyaram Market,GENERAL_CLINIC,,32WX+CQG,"32WX+CQG, Barela, Madhya Pradesh 483001",23.0960584,80.0494528,Barela,,,
f5f1c278-e825-4856-b7e2-7296ac144cbb,Rajul Township Phase-2,GENERAL_CLINIC,,lobo solitaire Rajul township Phase,"lobo solitaire Rajul township Phase, 2, Bhatauli, Madhya Pradesh 482021",23.1202697,79.9752105,Panagar,,,
9eeeba7f-f6df-48d4-8295-2622c094dff8,The Art Galaxy | Best Resin Artist Jabalpur | Varmala Preservation | Memories Preservation | Resin Materials Supplier,GENERAL_CLINIC,,Pragati Nagar,"T-1, Pragati Nagar, Anjani Abhinandan - II, Mandla - Jabalpur Rd, Tilhari, Jabalpur, Madhya Pradesh 482020",23.1201498,79.9734565,Panagar,087885 82073,,https://www.bestresinartist.com/
3f098e20-6377-4099-86ef-9e7191421416,प्रेमनगर मेडिकल एंड जनरल स्टोर्स,GENERAL_CLINIC,,Jabalpur,"gour tiraha, beside AMBEY HOTEL, near Pipal Tree, Jabalpur, Padariya, Madhya Pradesh 482021",23.1051803,79.9862979,Panagar,093298 48180,,
17a2bb2f-abd7-4219-8e02-36a625972b9a,Yash Clinic,GENERAL_CLINIC,,Lig 1127Paraswara colony,"Lig 1127Paraswara colony, Paraswara colony, Sai Colony, Dhanvantari Nagar, Jabalpur, Madhya Pradesh 482003",23.1676211,79.8755007,Panagar,096178 66578,,
99ba5b55-bdfa-4206-bf3d-e0442d618080,Dedusar,GENERAL_CLINIC,,4RJ2+7W5,"4RJ2+7W5, Bhedaghat, Madhya Pradesh 483053",23.1306402,79.8023647,Bhedaghat,,,
0255446a-5548-4b92-bbac-2e8b1b7c2ddf,Siddhi health care,GENERAL_CLINIC,,chowk,"Bhedaghat, chowk, near state bank of india, Jabalpur, Madhya Pradesh 482002",23.1671068,79.9110056,Bhedaghat,,,
218b520c-6894-4ddd-8821-788dd692a5e3,Dr Moheet Ansari,GENERAL_CLINIC,,Gohalpur Rd,"5WQP+874, Gohalpur Rd, Suji Mohalla, Gohalpur, Jabalpur, Madhya Pradesh 482002",23.1882566,79.9357111,Gohalpur,097556 68830,,
11ad3abc-eb30-4c02-ae81-a414de00909f,Dawakhana,GENERAL_CLINIC,,Amkhera Road,"Basti No. 2, Amkhera Road, Gohalpur, Jabalpur, Madhya Pradesh 482002",23.1999321,79.9359598,Gohalpur,097708 17810,,
ae934179-a81d-4bce-87b9-a747dafd0254,Guru Medical,GENERAL_CLINIC,,Ansar Nagar,"545, Nai Basti, Ansar Nagar, Gohalpur, Vehicle Fac. Jabalpur, Jabalpur, Madhya Pradesh 482002",23.1899278,79.9373911,Gohalpur,090394 84179,,
05f97220-3133-449b-8ec4-479f23e44520,Noble Health Care,GENERAL_CLINIC,,Patan Rd,"Noble Health Care, Patan Rd, near Purana Pul, near Hamid hasan ki badi, Suji Mohalla, Gohalpur, Jabalpur, Madhya Pradesh 482002",23.1868089,79.9354149,Gohalpur,,,
0324ac25-3d63-4be8-ad89-b16fb8a80c2d,RELIEF MEDICAL stores,PHARMACY,,Char Khamba Rd,"Infront of Hussainiya School, Bahorabag, Char Khamba Rd, Gohalpur, Jabalpur, Madhya Pradesh 482002",23.1887938,79.9401943,Gohalpur,070003 37397,,
4f55a50f-f7dd-4949-9295-c172d34174ca,MS हड्डी एवं फ्रेक्चर क्लीनिक,GENERAL_CLINIC,,जबलपुर,"5WRR+98Q, Sbi Atm के पारा, रद्दी चौकी, बडोराबाग रोड, जबलपुर, Jabalpur, Madhya Pradesh 482002",23.1909665,79.9408507,Gohalpur,091792 32333,,
472efc5c-f7d7-4ce0-8828-6725327fe460,Hakim Zamirul Huq Memorial,GENERAL_CLINIC,,Char Khamba Rd,"Bharat Ghar, Hakim Zamirul Haque Memorial Alshifa Unani And Hijamah Clinic, Near, Char Khamba Rd, Gohalpur, Jabalpur, Madhya Pradesh 482002",23.1883731,79.9398996,Gohalpur,097139 12957,,
d601b044-88a0-4af3-9bfe-c63dbe91c441,NEW SUPER MEDICAL,GENERAL_CLINIC,,GOHALPUR TO RADDI CHOWKI,"GOHALPUR TO RADDI CHOWKI, ROAD, Gohalpur, Jabalpur, Madhya Pradesh 482002",23.186725,79.9378709,Gohalpur,097556 68899,,
caaed920-53e7-4562-9f1e-22c588b5d404,OM HOME HEALTH CARE JABALPUR,GENERAL_CLINIC,,Madan Mahal Railway Station Rd,"Geetika apartment telegraph gate, Madan Mahal Railway Station Rd, Wright Town, Jabalpur, Madhya Pradesh 482001",23.1623175,79.9213618,Wright Town,,,
cd4e018b-8195-40d7-b100-37e078c9a2e3,NIDHI HOME CARE & CARE TAKER,GENERAL_CLINIC,,Madan Mahal Railway Station Rd,"Madan Mahal Railway Station Rd, Wright Town, Jabalpur, Madhya Pradesh 482001",23.1647391,79.921812,Wright Town,,,
c128e0aa-3e37-492d-b3e4-b7645991c892,Blessing Home Caretaker Service Jabalpur,GENERAL_CLINIC,,Napier Town,"808, Near Bhawartal, 2, behind Suneel Hosiery, Napier Town, Jabalpur, Madhya Pradesh 482002",23.1608057,79.9213554,Wright Town,079747 73232,,http://www.blessingcaretaker.com/
d208d0da-4a11-4ef4-b041-3fd6542a324b,Dr Roma Chatterjee Nursing Home,NURSING_HOME,,Garha Road,"Garha Road, Chowk, Yadav Colony, Jabalpur, Madhya Pradesh 482002",23.1685935,79.9155468,Wright Town,,,
0e599efc-ff2f-4d1d-9272-928c96be247a,HealthAssure - Anant Nursing Home Pvt Ltd | Diagnostic centre Jabalpur| Imaging And Diagnostics | Blood Tests & Ultrasound,NURSING_HOME,,Madan Mahal Railway Station Rd,"ear Telegarph Factory Gate, Near, Madan Mahal Railway Station Rd, Wright Town, Jabalpur, Madhya Pradesh 482002",23.1654784,79.9222821,Wright Town,079870 54504,,https://www.healthassure.in/
c571a1cd-b3fc-4a6e-8512-42feb2e35020,Gurukripa Caretaker Service,GENERAL_CLINIC,,Wright Town,"Matrichhaya Building, 1199, beside Mahindra Showroom, near Triveni Health care, Wright Town, Jabalpur, Madhya Pradesh 482002",23.167209,79.9267285,Wright Town,,,https://apnabusinesscard.com/Gurukripa-Caretaker-Service
1dfd6cef-1a25-495b-8568-faed2eab920f,Gupteshwar nursing home,NURSING_HOME,,Unnamed Road,"4WW8+RR7, Unnamed Road, Gupteshwar, Jabalpur, Madhya Pradesh 482001",23.1470441,79.9170519,Wright Town,,,
40d89ddf-6031-457f-a2cf-3311078ba770,Emoha Elder Care & Medical Center,ENT_CLINIC,,JP Nagar,"Ashtmangal Sadan, 1130/A, in front of LIG Qtr, JP Nagar, Adhartal, Jabalpur, Madhya Pradesh 482004",23.1990873,79.9474325,Wright Town,,,
f1226ee9-ba23-4b14-90eb-7f73345d0683,Anna Purna Nursing Home,NURSING_HOME,,Gupteshwar Rd,"737, Gupteshwar Rd, Gupteshwer Ward, Hathital, Jabalpur, Madhya Pradesh 482001",23.1493045,79.9177346,Wright Town,076124 25550,,
09906e82-6f78-43ef-8d19-4a1e53479c28,Akhil Bhartiya Home Nursing care Taker sarvice,GENERAL_CLINIC,,Shahi Naka Rd,"Shahi Naka Rd, Subhash Nagar, Garha, Jabalpur, Madhya Pradesh 482003",23.1620938,79.8945545,Wright Town,062643 20739,,
e47841b0-9a16-44f9-b578-4b0d76fa01cc,SHRI SWASTH SEVA SANSTHAN NURSING HOME CARE,NURSING_HOME,,Sahu colony,"Sahu colony, front of pragati heights 3, beside Canera bank , Maha nadda, Hathital Colony Rd, Madan Mahal, Jabalpur, Madhya Pradesh 482001",23.1483411,79.9227283,Wright Town,,,
e7d9e8e7-228e-4208-aae0-563d3eae486a,Medicare Home Nursing Services,GENERAL_CLINIC,,Gwarighat Main Rd,"Gwarighat Main Rd, Rampur, Jabalpur, Madhya Pradesh 482008",23.1303278,79.9212122,Wright Town,094257 79424,,
b2bfc719-2a89-49b3-a247-632d35f85347,MMC SERVICES,GENERAL_CLINIC,,Thana Road,"Amkhera , Near by Yadav Petrol Pump Amkhera, Thana Road, beside of, Damoh Naka, Gohalpur, Jabalpur, Madhya Pradesh 482002",23.2130813,79.9320797,Wright Town,097527 06412,,https://www.mmcservices.in/
5e87f59c-8161-40d6-83fa-f762fa5f76a5,Thyroidcare -Patient Care Service providers (Free Blood Sample Collection at a call),ENT_CLINIC,,Wright Town,"Wright Town, Jabalpur, Madhya Pradesh 482002",23.1648022,79.9258395,Wright Town,,,https://forms.gle/w6KhVY1SBQvRvS9d6
1b9e2203-7aec-4510-b690-04dce90200df,Aastha Medical Store,PHARMACY,,Wright Town,"Wright Town, Jabalpur, Madhya Pradesh 482002",23.1651319,79.9247673,Wright Town,099933 66622,,
ef41f9eb-b49a-4ab1-a3d6-091ecce456a5,Health Care Pathology,PATHOLOGY_LAB,,Gau Mata Chowk,"Shop No. 7, Gau Mata Chowk, Pandit Ravishankar Shukla Stadium, Gau mata Chowk, Wright Town, Jabalpur, Madhya Pradesh 482002",23.1655619,79.9262737,Wright Town,,,
ca2148d8-2d18-4ccf-8ef0-eb3184906a73,Thyrocare Jabalpu,GENERAL_CLINIC,,Madan Mahal Station Road,"101/2359, Gate. 4, Madan Mahal Station Road, Jabalpur, Madhya Pradesh, Pincode, Madhya Pradesh 482002",23.163325,79.9214216,Wright Town,098273 61674,,https://thyrocare.com/near-by-location/JABALPUR/MADHYA-PRADESH/TILWARA-ROAD-MAD86
72f69c5f-5c25-44c5-a18e-080da7918f6f,Pari Home Health Care Services Jabalpur,GENERAL_CLINIC,,Nar Singh ward Amanpur,"Nar Singh ward Amanpur, 826/A, near neekhra aata chakki, Ratan Nagar, Madan Mahal, Jabalpur, Madhya Pradesh 482001",23.1485573,79.9094751,Napier Town,,,
67844ac7-603b-4248-8928-4da451e7d53e,First Door Health,GENERAL_CLINIC,,Napier Town,"8, First Floor, Dixit Pride, Napier Town, Jabalpur, Madhya Pradesh 482001",23.1660359,79.9386244,Napier Town,091315 12548,,
59cc7b83-8142-46f3-b4ad-fc0ee8388f81,Shri Rajkumari Bai Bal Niketan,GENERAL_CLINIC,,Captainganj,"935, Shastri Bridge, Captainganj, Napier Town, Jabalpur, Madhya Pradesh 482001",23.1574067,79.9289274,Napier Town,076124 07383,,
f3d31621-1ff0-480e-8ebf-84659cd3c933,GAJKESARI HOSPITAL,HOSPITAL,,Home Science College Rd,"Home Science College Rd, in front of HS College Main Gate, beside Dr. Abhilash Pandey Office, Wright Town, Jabalpur, Madhya Pradesh 482002",23.1581598,79.926847,Napier Town,,,
20e9a1f9-ff05-44d4-9414-91f6d3011bfd,Vision MEDICAL & NURSING COCHING JABALPUR,EYE_CLINIC,,Home Science College Rd,"Home Science College Rd, Napier Town, Jabalpur, Madhya Pradesh 482001",23.1576149,79.9278722,Napier Town,,,
79cfbe29-e162-472f-adae-d0473af5ca24,Sahara - Millennium Welfare Foundation,GENERAL_CLINIC,,Shastri Bridge Road,"203-205, Chandrika Tower, Second Floor, Shastri Bridge Road, Napier Town, Wright Town, Jabalpur, Madhya Pradesh 482001",23.1609073,79.9299762,Napier Town,084463 33316,,
cd019be2-42dd-4199-9555-91a05902d3dd,Government Homescience College,ENT_CLINIC,,Napier Town,"Dev book and stationery, Napier Town, Jabalpur, Madhya Pradesh 482001",23.1600187,79.9277944,Napier Town,,,
92108cb0-e478-4b50-a1ae-1a774f9f1c7c,Supansha Development Foundation (सुपंशा),ENT_CLINIC,,Napier Town,"256, near Naveen Vidya Bhawan, opp. Golden Homes, Napier Town, Jabalpur, Madhya Pradesh 482001",23.1601265,79.9342739,Napier Town,091718 61819,,https://supansha.org/
f2a99985-7d3c-4e66-b0a1-08f861a14b58,Care Pharmacy,PHARMACY,,Home Science College Rd,"Ayush Complex, Home Science College Rd, opp. Dr. Versha Tandon Cosmetic Clinic, Napier Town, Jabalpur, Madhya Pradesh 482001",23.1601412,79.9286825,Napier Town,099264 12189,,
c263bbf5-c22b-4fd4-83a9-342514c1c863,Home care serviceservice,GENERAL_CLINIC,,Madan Mahal,"Madan Mahal Fort, Madan Mahal, Jabalpur, Madhya Pradesh 482001",23.1483448,79.9016684,Madan Mahal,,,
5e7bb41e-a3b5-43e8-9151-927db04d106b,Kamla Gupta hospital,HOSPITAL,,Ward,"Ward, Gupteshwar Rd, Premnagar, Madan Mahal, Jabalpur, Madhya Pradesh 482001",23.1504213,79.915509,Madan Mahal,,,
6153c968-47e0-4afb-94fe-f7b1634f85fb,Shop no-5 Opposite vimal nursing home near mahi medical Anand nagar Adhartal Jabalpur Madhya Pradesh 482004,NURSING_HOME,,Ravindra Nagar,"5WXW+FGQ, Ravindra Nagar, Adhartal, Jabalpur, Madhya Pradesh 482004",23.1987211,79.9463641,Adhartal,,,
261b5c3f-f1a6-474e-8f91-5b82f05a08ae,SUNSHINE HOME CARE TAKER SERVICES,GENERAL_CLINIC,,Jawaharlal Nehru Krishi Vishwa Vidyalaya Campus,"samudayik bhawan, Rampur Chapar, Jawaharlal Nehru Krishi Vishwa Vidyalaya Campus, Jabalpur, Madhya Pradesh 482008",23.2071433,79.9621425,Adhartal,,,
f3cc73cc-2332-447c-8140-d5e038aee21c,LIFE HOME HEALTH CARE SERVICES,GENERAL_CLINIC,,Vijay Nagar,"Near, off Iti, Vijay Nagar, Jabalpur, Madhya Pradesh 482002",23.1874072,79.9051119,Adhartal,087706 66556,,https://www.lifehomehealthcareservicesjbp.com/
7073de83-23a0-48ae-aa40-80ba257b3196,R.G. Nursing Home,NURSING_HOME,,Hanumantal Ward,"113, Chitragupt Bhawan, Near Durga Mandir Phootatal, Hanumantal Ward, Khatik Mohalla, Jabalpur, Madhya Pradesh 482002",23.1782839,79.9378189,Adhartal,075090 08282,,
604783ee-ecde-465d-9d3e-3d0965232de5,Akshay House,GENERAL_CLINIC,,Amkhera Rd,"Sanskar Parisar, 307/44F, Amkhera Rd, Nai Basti Gopalpur, Adhartal, Jabalpur, Madhya Pradesh 482002",23.2009257,79.9342179,Adhartal,,,
40c5ff77-e720-4edb-b1ab-af9320960335,HOME CARE SERVICES | AC repair service in jabalpur | Best home appliances repair | Best refrigeration and electrical repair,GENERAL_CLINIC,,New Anand Nagar Rd,"New Anand Nagar Rd, near hanif chowk, Anand Nagar, Adhartal, Jabalpur, Madhya Pradesh 482004",23.1943789,79.9467222,Adhartal,097707 74477,,
85f5675f-fb82-4b1c-a513-3f74229cdfb3,EXCELLENT NURSING HOME CARE SERVICES,NURSING_HOME,,Ekta chowk,"infront of 17 manjil, Ekta chowk, 0 degree road, Vijay Nagar, Jabalpur, Madhya Pradesh 482002",23.1815099,79.9017526,Vijay Nagar,,,
49bfab02-9436-4500-9345-d1ffd2f98ae9,Mansi Home Health Care Services - Care Taker services| Nursing Home Care Services| Home Health Care Services in Jabalpur,NURSING_HOME,,Vijay Nagar,"Vijay Nagar, Jabalpur, Raksha, Madhya Pradesh 482002",23.1874072,79.9051119,Vijay Nagar,070244 29482,,
709c9b87-4a8b-47bb-a7fe-0e11f998fc58,Shalby Homecare - Jabalpur,GENERAL_CLINIC,,Ahinsa Chowk,"Plot B , Scheme No-5, Ahinsa Chowk, Kachnar Rd, Vijay Nagar, Jabalpur, Madhya Pradesh 482002",23.185094,79.9095797,Vijay Nagar,,,http://shalbyhomecare.org/
af0de2c1-23ce-49dd-8c79-bf3f12fa7fb7,Nexiom Home Health Care Services Pvt Ltd,GENERAL_CLINIC,,Vijay Nagar,"Vijay Nagar, Jabalpur, Raksha, Madhya Pradesh 482002",23.1879528,79.9050762,Vijay Nagar,,,https://jsdl.in/RSL-QAN1780484918
82ae158f-5042-4540-acf6-d35f87c3ea24,DHRUV HOME HEALTH CARE JABALPUR,GENERAL_CLINIC,,H.No. 197 RANITAL TELIGRAF GATE NO.1 ROAD Yadav Colony,"H.No. 197 RANITAL TELIGRAF GATE NO.1 ROAD Yadav Colony, Madhya Pradesh 482002",23.1882161,79.9279086,Vijay Nagar,,,
f863b6ae-76b3-4686-b3d1-7baf37baf9bf,Sunriser pet care center,ENT_CLINIC,,Anand Nagar,"opposite side Vimal nursing Home, beside Munna medical, Anand Nagar, Adhartal, Jabalpur, Madhya Pradesh 482004",23.1986543,79.9464673,Vijay Nagar,093400 06224,,
016e0f9e-fad4-42a2-925b-5348e34fea65,"Agilus Diagnostics - Adhartal, Jabalpur | Blood Test | Full Body Health Checkup | Pathology Lab",PATHOLOGY_LAB,,Anand Nagar,"Ground Floor, Anand Nagar, beside Bank of Baroda, Ravindra Nagar, Adhartal, Jabalpur, Madhya Pradesh 482004",23.1976357,79.9449319,Vijay Nagar,079 4272 9078,,https://labs.agilusdiagnostics.com/agilus-diagnostics-adhartal-jabalpur-diagnostic-centre-anand-nagar-jabalpur-522198/Home?utm_source=locator&utm_medium=googleplaces
334b69a4-70f2-4332-9a0f-ac80197255f9,Adarsh Colony,GENERAL_CLINIC,,Unknown,,23.1977587,79.948032,Vijay Nagar,,,
f23e4ecd-eb4b-4eaa-a0fb-d396bd77bdf5,new cool careservice,GENERAL_CLINIC,,new raza chowk,"5WVW+HP3, new raza chowk, Anand Nagar, Adhartal, Jabalpur, Madhya Pradesh 482001",23.1939375,79.9468125,Vijay Nagar,083497 43771,,http://newbestcoolcareservice.in.net/
f58974a6-80fb-428b-aa89-4342083e77a2,HelpingHands Homecare Services | Nurse | Caretaker | Babysitter | Maid | Jabalpur,PEDIATRIC_CLINIC,,Kachnar Rd,"Shop No-24, Kachnar Rd, Kanchan Vihar, Vijay Nagar, Jabalpur, Raksha, Madhya Pradesh 482002",23.1859592,79.9073662,Vijay Nagar,098933 12811,,https://helpinghandshomecares.com/
e1bdb591-15b0-43e3-a91c-9fdb62669a94,Mahi Medical Stores,PHARMACY,,Anand Nagar,"opposite Vimal nursing home, Anand Nagar, Adhartal, Jabalpur, Madhya Pradesh 482004",23.1985852,79.9464753,Vijay Nagar,062622 09409,,
3f88d248-e095-4b2f-a842-2585f6e6d5bd,Dr. SAHIL's Pet care Veterinary clinic,GENERAL_CLINIC,,Adarsh Colony,"Adarsh Colony, main road, behind VIMAL NURSING HOME, Anand Nagar, Adhartal, Jabalpur, Madhya Pradesh 482004",23.197829,79.9473764,Vijay Nagar,093405 54047,,
01c28441-1200-4cc6-921b-6393c1051eaa,NEW DISCOUNT MEDICOSE,PHARMACY,,Anand Nagar,"OOP. VIMAL NARSING HOME, Anand Nagar, Adhartal, Jabalpur, Madhya Pradesh 482004",23.1986779,79.9463718,Vijay Nagar,078286 37472,,
77ff557f-9576-47fb-ae83-182f550dc15e,GUPTA RESIDENCE,GENERAL_CLINIC,,Sbi Colony,"Sbi Colony, Ukhri Rd, opposite Narmada Nursery School, Ukhari, Vijay Nagar, Jabalpur, Madhya Pradesh 482002",23.1818848,79.9145555,Vijay Nagar,,,
bc579b79-6bc5-4b37-98ab-0aeb36c799b2,DoctorJee,GENERAL_CLINIC,,Ranjhi,"Plot no.211,Vehicle State, Ranjhi, Jabalpur, Madhya Pradesh 482005",23.2012336,80.0012831,Ranjhi,,,
1f2fb745-3493-4ba1-86f2-478773c82800,Bajrang nagar,GENERAL_CLINIC,,VFJ Rd,"6X5V+2MV, VFJ Rd, Bajrang Nagar, New Ranjhi, Jabalpur, Madhya Pradesh 482005",23.2076142,79.9941867,Ranjhi,,,
b8676eb4-97cf-4290-a529-3c476223d62a,DS Aquasave - RO Service Jabalpur | Kent Livpure Aquaguard Repair Center | Best RO Water Care Solutions,ENT_CLINIC,,Ranjhi - Bada Patthar Rd,"Ranjhi - Bada Patthar Rd, New Ranjhi, Jabalpur, Madhya Pradesh 482011",23.2081008,80.0016322,Ranjhi,099075 95042,,http://dsaquasave.in/
b9e41303-001b-4847-bd8b-448b9b8e2fb1,YASH MEDICAL STORES,PHARMACY,,near Kishan Hotel,"Ranjhi Basti, near Kishan Hotel, Jabalpur, Madhya Pradesh 482005",23.204402,80.00179,Ranjhi,089827 43569,,
f6a02999-9cda-48ff-80d2-db8885191598,Dr. Lal PathLabs Ranjhi Jabalpur,PATHOLOGY_LAB,,Gokulpur,"Vehicle mod, in front of jalshodhan saiyantra, Ranjhi, Gokulpur, Jabalpur, Madhya Pradesh 482011",23.1943069,79.9942208,Ranjhi,083194 26281,,http://www.lalpathlabs.com/
53ca6f88-47e0-42d0-a4a6-3680fd0b3cb1,Shelar Caretaker Services – Nurse | Caretaker | Babysitter | Maid | Jabalpur,PEDIATRIC_CLINIC,,Nakshatra Nagar,"Phase-3A, Nakshatra Nagar, 233, Jabalpur, Madhya Pradesh 482002",23.1791685,79.9214783,Ranjhi,098933 12811,,http://helpinghandshomecares.com/
1452d76c-f9ad-4b35-aac8-26eadd68b6a4,Shelar Home Healthcare Services,GENERAL_CLINIC,,Nakshatra Nagar,"Phase-3A, Nakshatra Nagar, 233, Jabalpur, Madhya Pradesh 482002",23.1791685,79.9214783,Ranjhi,,,
f5ea514d-e027-4eb4-9cb3-8bcdc07f364a,Shailja Narahin Home,GENERAL_CLINIC,,Cherital,"12, Cherital, Jabalpur, Madhya Pradesh 482002",23.1820455,79.9236628,Ranjhi,078795 52636,,
e59f25a2-1908-463d-b35a-6c30ca7696bb,Remzy Home Health Care,GENERAL_CLINIC,,Civil Lines Rd,"Civil Lines Rd, Govindh Bhavan Colony, South Civil Lines, Jabalpur, Madhya Pradesh 482001",23.1624904,79.9607252,Ranjhi,,,
98395996-2add-4767-83ea-a1f36c593f6f,Man Mohan Nagar Hospital,HOSPITAL,,Manmohan Nagar,"Manmohan Nagar, Krishi Upaj Mandi, Jabalpur, Madhya Pradesh 482002",23.1938085,79.9206129,Ranjhi,,,
75fecefd-cad8-42e3-bb1e-915396630486,S.k.pathology lab,PATHOLOGY_LAB,,554 vijay nagar ghadi,"554 vijay nagar ghadi, chowk, Jabalpur, Madhya Pradesh 482002",23.1906497,79.9087528,Ranjhi,093001 22062,,
91038812-f614-457c-9b52-32a4b8197e5a,"Dr Nishin Jain UltraSonic Imaging, And Dental",IMAGING_CENTER,,road,"5WP5+H25, road, Kanchan Vihar, Vijay Nagar, Jabalpur, Raksha, Madhya Pradesh 482002",23.1863827,79.9076065,Ranjhi,093021 80151,,
a5a92cc9-948e-4e66-bef4-08a4b20afb6a,Galaxy wallpaper and wall decor,GENERAL_CLINIC,,Ukhri Rd,"Front patanjali store, Ukhri Rd, Baldeobagh, Sarvodaya Nagar, Jabalpur, Madhya Pradesh 482002",23.179487,79.9192844,Ranjhi,,,http://galaxywallpaper.com/
6cb30430-89e1-4bdc-abbe-51b1d77ae894,New Life Rehabilitation Counseling & Therapy Center,PHYSIOTHERAPY_CENTER,,Sanjeevni Nagar,"Plot No. 38, House No. 224/7, Sanjeevni Nagar, near Shahi Talab, Sai Colony, Garha, Jabalpur, Madhya Pradesh 482003",23.1683643,79.8942424,Garha,,,http://jabalpurhelpline.com/new-life-rehabilitation-counseling-and-therapy-center
4a7a77df-a321-470d-9ecf-a1ff0d165d42,Nirashrit Vridh Aashray Grih,GENERAL_CLINIC,,Shastri Nagar,"4VVH+5P8, Shastri Nagar, Jabalpur, Madhya Pradesh 482003",23.142917,79.8793209,Garha,076126 73325,,
4dad9c38-41d6-4ad3-83ef-120d123bd8c3,Family care pathology & metropolis path labJabalpur,PATHOLOGY_LAB,,Shatabdipuram Phase 2,"near small wonder School, Shatabdipuram Phase 2, Jabalpur, Madhya Pradesh 482001",23.1763073,79.9081194,Garha,062631 50862,,https://family-care-pathology.grexa.site/
84282bad-cc7f-4519-9365-b1d79ab19f18,Parihar Home Care Nursing Service,GENERAL_CLINIC,,Gulaua Chowk,"Gulaua Chowk, Royal Hospital Ke Paas, Pushp Nagar, Garha, Jabalpur, Madhya Pradesh 482002",23.175517,79.924472,Garha,,,
014918c4-cee5-4311-8369-b2e9a91b4f93,Armaan health care,GENERAL_CLINIC,,Sadashiv Nagar Devtal Rd,"Vishnu Geeta sadan, Sadashiv Nagar Devtal Rd, Garha, Jabalpur, Madhya Pradesh 482002",23.1610141,79.9049183,Garha,,,
49213e86-c69e-47dd-9ee0-be2e1bde2af8,Sanjeevani Nasha Mukti Kendra,GENERAL_CLINIC,,above Dr Asha Namdeo Hospital Sanjeevani Nagar,"196, First Floor, above Dr Asha Namdeo Hospital Sanjeevani Nagar, in front of Forest Office, Garha, Jabalpur, Madhya Pradesh 482003",23.1605942,79.8996492,Garha,,,
75b24280-7fbc-4633-bdd5-34661def3f76,HEALTH CARE,GENERAL_CLINIC,,Tilwara Rd,"Tilwara Rd, Doctors Colony, Shastri Nagar, Jabalpur, Madhya Pradesh 482003",23.1506873,79.8822774,Tilwara,,,
c3191c21-4614-452b-8ccf-ba0ace57febc,Karunya Home Nurse Services,GENERAL_CLINIC,,Maa Narmada Nagar,"Krishna Homes, Maa Narmada Nagar, Bilhari, Jabalpur, Madhya Pradesh 482020",23.1331106,79.9689631,Tilwara,070490 85971,,
c2141f74-3140-469c-b708-70aee8a8f59c,Krishnashray Senior Living,GENERAL_CLINIC,,Tilwara Bridge,"Ramnagra. NH-34, near, Tilwara Bridge, Jabalpur, Madhya Pradesh 482003",23.1141916,79.8698043,Tilwara,095841 55333,,http://www.krishnashray.in/
ea0e2b9c-60fe-404d-8822-b0311339cad8,Health & Home Care Services | Job Consultancy | Home Care | Childcare | Facility Management,PEDIATRIC_CLINIC,,5W8Q+7QH Tayyabli Chowk,"5W8Q+7QH Tayyabli Chowk, opposite to Tayyabli petrol pump, Napier Town, Jabalpur, Madhya Pradesh 482001",23.1656125,79.9394231,Tilwara,074893 13112,,https://www.health-homecares.com/
a65176ad-1f19-4862-86d8-cc99a63864bd,K.L. Memorial narsing home,GENERAL_CLINIC,,Medical Garha,"4VXJ+2V5, Medical Garha, Jabalpur, Madhya Pradesh 482003",23.1475155,79.8822375,Tilwara,,,
09c27c56-d010-4ddd-be20-da9f144deeb9,Life Care Nursing Bureau,GENERAL_CLINIC,,Shri Ram College Rd,"46-47, Shri Ram College Rd, Dixit Colony, Rajeev Gandhi Nagar, Karmeta, Jabalpur, Madhya Pradesh 482002",23.2004044,79.9065117,Karmeta,098937 35773,,https://lifecaresnursingbureau.com/
7da4ee6a-ee72-4d6f-b806-64832db72ff2,Rai house,GENERAL_CLINIC,,Rajeev Gandhi Nagar,"behind shree ram dairy, Madhotal, Rajeev Gandhi Nagar, Karmeta, Jabalpur, Madhya Pradesh 482002",23.1984293,79.9074874,Karmeta,,,
db253206-16ac-46d8-9ea1-6bc2e27ba547,"Sahyog Nasha Mukti Kendra Jabalpur (Deaddiction Centre Jabalpur) सहयोग नशा मुक्ति केंद्र, जबलपुर।",ENT_CLINIC,,Green City Rd,"gali no 12, Green City Rd, near samdariya school, Karmeta, Jabalpur, Madhya Pradesh 482002",23.204436,79.9126413,Karmeta,091792 03347,,https://sahyognashamuktiavnpunarvaskendra.in/
954a2b66-439a-4fa2-b4ec-e6a20b403888,GKM Nursing Career Point Jabalpur,GENERAL_CLINIC,,Ahinsa chowk,"29, Ahinsa chowk, MR-4 Rd, Rameshwaram Colony, Vijay Nagar, Jabalpur, Madhya Pradesh 482002",23.1842165,79.9100417,Karmeta,084357 24903,,http://gkmncp.com/
3ec6d9a5-243b-4c9c-b9dc-3e11a1904a59,Mosi ma ghar,GENERAL_CLINIC,,Shankar Nagar,"6W53+RMV, Shankar Nagar, Karmeta, Jabalpur, Madhya Pradesh 482002",23.2096106,79.9041847,Karmeta,,,
3f93d3df-90d8-499a-9cf3-057ade89aef2,RCI NURSING ClASSES,GENERAL_CLINIC,,MR-4 Rd,"Subham Dixit, 46, MR-4 Rd, EKTA NAGAR, VIVEK ANAD, Jabalpur, Madhya Pradesh 482002",23.1818903,79.9095665,Karmeta,097261 99827,,
972d0269-b52e-4ad5-8c18-4b080f0133d9,Hanu vishwakarma,GENERAL_CLINIC,,Katangi Rd,"6W52+RR4, Katangi Rd, oriya, Jabalpur, Madhya Pradesh 482002",23.2095009,79.9020841,Karmeta,,,
2c9a8d33-4f04-4078-843e-dfe5db2fff21,DRUG DE ADDICTION CENTRE & REHABILITATION CENTRE,PHYSIOTHERAPY_CENTER,,Katangi Road Amrit Teerth Jain Temple Karmeta Jabalpur Madhya Pradesh Katangi Road Amrit Teerth Jain Temple,"6V6X+FH9 Amrit teerth jain temple ke piche, Katangi Road Amrit Teerth Jain Temple Karmeta Jabalpur Madhya Pradesh Katangi Road Amrit Teerth Jain Temple, Katangi Rd, Karmeta, Jabalpur, Madhya Pradesh 482002",23.2111576,79.8989951,Karmeta,083495 90821,,https://youtu.be/rFJIwEfRnEQ
73b5b9aa-c6c4-4df7-9566-dce1cab1cb41,St Aloysius Christ Old-age Home,GENERAL_CLINIC,,Karmeta,"6W73+VGH, Karmeta, Jabalpur, Madhya Pradesh 482002",23.2146824,79.9038482,Karmeta,,,
d5f4c34b-ebff-491f-861f-0f95dce9f6c1,Asha medical,GENERAL_CLINIC,,Ahinsa Chowk,"5WM5+WV9, Ahinsa Chowk, Vijay Nagar, Jabalpur, Raksha, Madhya Pradesh 482002",23.1847898,79.909739,Karmeta,087189 13287,,
b7165b23-9e63-4a9f-b110-8ac9b709b253,Samdariya Green City,GENERAL_CLINIC,,Karmeta,"near Anushree Nursing College, Madhotal, Karmeta, Jabalpur, Madhya Pradesh 482002",23.2059107,79.9132456,Karmeta,093003 50350,,
ffb7013a-1340-4901-8990-98fef0a1d183,Vandna Pharmacy 24*7 ONLINE,PHARMACY,,opp. ukhari road,"opp. ukhari road, Shatabdipuram Phase 1, Jabalpur, Madhya Pradesh 482002",23.1793736,79.9179608,Karmeta,079875 93204,,http://instagram.com/vandna_pharmacy24?igshid=ZDdkNTZiNTM=
b6251eaa-f5b0-4f7e-b083-865f68774fe1,Premwati College of paramedical science,GENERAL_CLINIC,,Ahinsa Chowk,"Ahinsa Chowk, Vijay Nagar, Jabalpur, Raksha, Madhya Pradesh 482002",23.1855203,79.9087567,Karmeta,082691 87756,,
2ad62c33-7c7f-4f12-a04e-967f47546635,rahi enterprises2025,ENT_CLINIC,,mahila market,"shop 18, mahila market, baldeobag chowk, Baldeobagh, Rathi Colony, Sarvodaya Nagar, Jabalpur, Madhya Pradesh 482001",23.1836337,79.9210629,Karmeta,083191 45944,,
8d7614d0-8760-4ae3-9474-c16d25fec523,Smart Colon Hydrotherapy,GENERAL_CLINIC,,Ahinsa Chowk,"Ahinsa Chowk, next to Reliance Trends, Vijay Nagar, Jabalpur, Raksha, Madhya Pradesh 482002",23.1841858,79.9099826,Karmeta,088786 36600,,https://www.apnabusinesscard.com/Colon-Hydrotherapy
73d7b087-77c3-40ea-a92d-2082c2222b81,TATHASTU WELLNESS CENTRE JABALPUR,ENT_CLINIC,,Karmeta,"6V2V+92, Karmeta, Jabalpur, Madhya Pradesh 482002",23.201677,79.8924873,Karmeta,090989 16639,,
a40acf12-07dd-45f5-b86a-1dd9dc8a7a35,PC HOME HEALTH CARE SARVICE,GENERAL_CLINIC,,Gwarighat Main Rd,"Gwarighat Main Rd, Bhim Nagar, Polipather, Jabalpur, Madhya Pradesh 482008",23.1261666,79.9294188,Gwarighat,078793 94580,,https://pc-home-health-care.grexa.site/
9f2425ac-a7b6-43e6-8891-9e07edf03b2e,Maa Narmada Vriddh Ashram,GENERAL_CLINIC,,Khari Ghat Rd,"Maa Narmada Vriddh Ashram, Khari Ghat Rd, next to Dakshin Hanuman Mandir, Gwarighat, Jabalpur, Madhya Pradesh 482001",23.1082651,79.920284,Gwarighat,,,https://maanarmadavriddhashram.org/
15a40262-2b93-40a2-8b18-ffc90452980f,Gwarighat ashray isthal,GENERAL_CLINIC,,Gwarighat,"339, Gwarighat, Jabalpur, Madhya Pradesh 482008",23.1104194,79.9241138,Gwarighat,,,
060b87a2-23f1-4f8a-8ea3-4d7ce469fc84,Divine Care Industries,GENERAL_CLINIC,,Gwarighat Main Rd,"H no.102/A, paras kuti, katariya homes, Gwarighat Main Rd, Bhim Nagar, Polipather, Jabalpur, Madhya Pradesh 482008",23.1225521,79.9279128,Gwarighat,070003 36359,,https://divinecareindustries.com/
5ef79687-deb3-41ff-b0e6-51ffc8470fba,Pratibha Home Stay,GENERAL_CLINIC,,Unnamed Road,"Unnamed Road, Bhim Nagar, Polipather, Jabalpur, Madhya Pradesh 482008",23.1193303,79.9261483,Gwarighat,081094 08086,,
bd01595b-886d-4a4a-861f-c1640e73d6ae,Sukh Sagar Valley,GENERAL_CLINIC,,Narmada Rd,"Sukh Sagar Valley, Narmada Rd, Polipather, Jabalpur, Madhya Pradesh 482008",23.115804,79.9289824,Gwarighat,0761 405 5055,,
8f4bec8d-6110-4f7d-8b72-e61c479b29db,Comfort Medi home care services,GENERAL_CLINIC,,Atul vihar2,"D5, Atul vihar2, Sbi colony road, Hathital, Jabalpur, Madhya Pradesh 482001",23.1495911,79.924978,Gwarighat,070348 66005,,
80acff23-4e35-4cdd-86c8-f15fdd8ab859,Residence Rajesh Dwivedi,GENERAL_CLINIC,,Gupteshwar,"H. No.986, Gupteshwar, Jabalpur, Madhya Pradesh 482001",23.1467082,79.9137976,Gwarighat,,,
2f3e8d44-4711-468a-8ec2-85d593e9cefd,Janshi,GENERAL_CLINIC,,Sarvodaya Nagar,"5WFC+F92, Sarvodaya Nagar, Jabalpur, Madhya Pradesh 482002",23.1736311,79.9208959,Shakti Nagar,,,http://44.100.235.133/
ffff573f-9b24-4284-90cb-9b558ebbb923,Amar Jyoti Institute Of Nursing,GENERAL_CLINIC,,ekta chowk,"ekta chowk, vijay, s-1 laxmipur, MR 4 link road, near shree tower, Vijay Nagar, Jabalpur, Madhya Pradesh 482002",23.180541,79.9020328,Shakti Nagar,095753 00138,,https://amarjyotijbp.com/
477fceef-e408-4c85-8067-8d7eb4321027,Mukesh bhawan,GENERAL_CLINIC,,Garha Road Ranital,"Garha Road Ranital, near Hanuman Mandir, Patrakar Colony, Yadav Colony, Jabalpur, Madhya Pradesh 482002",23.170062,79.920203,Shakti Nagar,,,
ec5907f5-713c-40bd-95c9-6a0d32db9cff,Havells Home Ekta Nagar,GENERAL_CLINIC,,Rameshwaram Colony,"P 90, Rameshwaram Colony, Jabalpur, Madhya Pradesh 482002",23.1808437,79.9042684,Shakti Nagar,,,
edc22932-780e-4187-b3e5-4be4de980837,Crafty homemaker | resin art varmala preservation jabalpur |,GENERAL_CLINIC,,Shakti Nagar,"888/c/b2, Sainik Society, Shakti Nagar, Jabalpur, Madhya Pradesh 482001",23.1446247,79.9048111,Shakti Nagar,,,
fbcd8dc4-5d07-4b0f-b2d1-c0449d4b43fd,Jabalpur Physio And Home Health Care,PHYSIOTHERAPY_CENTER,,Circular Area,"Plat Form No.6, Circular Area, South Civil Lines, Jabalpur, Madhya Pradesh 482002",23.166151,79.9054517,Shakti Nagar,,,
1c5d543c-1844-4706-b62f-22d496213104,Pathcare lab home collection Jabalpur,PATHOLOGY_LAB,,shuvidha market,"shuvidha market, Shop no 6 dwarika market near union bank atm, Shakti Nagar, Jabalpur, Madhya Pradesh 482001",23.147297,79.91499,Shakti Nagar,098265 94430,,
8f377386-7ed3-4f10-8fa5-d0674895ad33,Agilus Diagnostics-( Authorized Home Collection Partner ),DIAGNOSTIC_CENTER,,Stadium Market,"Shop no.11, Stadium Market, Gau Mata Chowk, near Mahakaushal Hospital Road, Wright Town, Jabalpur, Madhya Pradesh 482002",23.164962,79.9263097,Gol Bazar,,,
734677a9-9948-4032-813d-1a4aaeb9bf01,"Agilus Diagnostics - Ratan Nagar, Jabalpur | Blood Test | Full Body Health Checkup | Pathology Lab",PATHOLOGY_LAB,,Ratan Nagar,"Ratan Nagar, Madan Mahal, Jabalpur, Madhya Pradesh 482001",23.1482808,79.9085309,Sadar Bazar,080 3722 9033,,https://labs.agilusdiagnostics.com/agilus-diagnostics-ratan-nagar-jabalpur-blood-testing-service-ratan-nagar-jabalpur-370647/Home
a68a14b9-4e55-42f2-9124-f9484cbeb136,Avantika Nursery,GENERAL_CLINIC,,MR-4 Rd,"MR-4 Rd, Yadav Colony, Jabalpur, New Adaresh Colony, Madhya Pradesh 482002",23.1702209,79.909837,Sadar Bazar,084630 33628,,
47b2e93c-128d-44f8-bbd0-9f196e14be16,Sai Caretaker Jabalpur,GENERAL_CLINIC,,Sushi Mandi,"House No. 506, near Chhoti Mahakali Mandir, near Akhada, Padav, Sushi Mandi, Jabalpur, Madhya Pradesh 482002",23.1750112,79.9263351,Kamla Nehru Nagar,090749 95244,,https://jabalpurhelpline.com/sai-caretaker-jabalpur
d9c8d4e5-76dc-4098-a8da-8c5b04ca5c0f,Dr Soni Home Health Care Service,GENERAL_CLINIC,,Ekta Chowk,"Ekta Chowk, Patan Rd, Vijay Nagar, Jabalpur, Madhya Pradesh 482002",23.1753866,79.9248781,Kamla Nehru Nagar,,,
efa677fe-a559-4689-91c3-ff6bda2263eb,Rakesh Medical Center - Best Medical Store In Jabalpur | Discounted Medicine | Home Delivery,PHARMACY,,Ranital Link Road,"477,Garha Phatak, Ranital Link Road, Beside Choti Mahakali Mandir, Jabalpur, Madhya Pradesh 482002",23.1758542,79.9278399,Kamla Nehru Nagar,078796 08515,,https://rakeshmedic.in/
6c9f75c6-de19-47c4-aa8b-a5b419559347,Aagachowk,GENERAL_CLINIC,,Aaga Chowk,"Aaga Chowk, Ranital Link Road, Sheetalpuri, Jabalpur, Madhya Pradesh 482002",23.1760982,79.9236469,Kamla Nehru Nagar,,,
de8d28bb-2939-4cde-8c2b-bcb0480ebe93,Nursing Home,NURSING_HOME,,Jabalpur,"Samdariya Mall Civic Centre, Jabalpur, Sukha, Madhya Pradesh 482002",23.2103329,79.8856824,Kamla Nehru Nagar,05215 318 517,,http://lasyfrom.com/
89adf33f-13a6-4d19-ac67-e06edd273f0c,ANANT NURSING HOMES PVT LTD,NURSING_HOME,,Unknown,,23.1655449,79.9221342,Cherital,,,
b97b4deb-5339-4eb0-9203-7b3d1c434a3b,Malaiya Homestay - Jabalpur,GENERAL_CLINIC,,BT Rd,"Malaiya Homestay, Main, BT Rd, Gullauwa Chowk, Garha, Jabalpur, Madhya Pradesh 482002",23.1629986,79.9076949,Russel Chowk,081097 35001,,https://linktr.ee/malaiyahomestay
60d494ff-5b7e-42b3-b264-15381804cb21,HOME,GENERAL_CLINIC,,Patan Rd,"5WHM+WJF, Patan Rd, Uprainganj, Jabalpur, Madhya Pradesh 482002",23.1798033,79.9340548,Miloniganj,,,
ccccd13f-4cf3-4c73-8cda-b94fdf4d2cc3,Government Rani Durgawati Nursing College,ENT_CLINIC,,Dr Radha Krishnan Chowk,"Near, Dr Radha Krishnan Chowk, South Civil Lines, Jabalpur, Madhya Pradesh 482001",23.1674146,79.9491823,Rani Durgavati,076126 20216,,
be13db71-3081-4b90-9ecb-1d4b156d5c4a,SHAHZAD,GENERAL_CLINIC,,zakir hussain ward,"Dr, zakir hussain ward, Ansar Nagar, Gohalpur, Jabalpur, Madhya Pradesh 482002",23.1899566,79.9363451,Rani Durgavati,,,
b3a664e1-f9af-428c-bfb3-f8f72e5d9c89,PWD Bangla number 464,GENERAL_CLINIC,,Govindh Bhavan Colony,"5X5G+Q62, Govindh Bhavan Colony, Rani Durgavati University Campus, Jabalpur, Madhya Pradesh 482001",23.1593956,79.9755204,Rani Durgavati,,,
d9735414-6631-4c4d-9b3a-c9bd9ba4e574,Patient primary care at Home 🏡,ENT_CLINIC,,Damoh Rd,"Damoh Rd, naka, P N B Colony, Jabalpur, Madhya Pradesh 482002",23.1834179,79.9294972,Rani Durgavati,,,
354d569c-b449-40ce-92ac-123aff3f1983,Pari Home Health Care,GENERAL_CLINIC,,Badi Bhamori Main Rd,"173, Badi Bhamori Main Rd, Mechanic Nagar, Badi Bhamori, Indore, Madhya Pradesh 452011",,,Damohnaka,097559 20793,,http://www.parihomehealthcare.in/
af3b1208-7a95-45d8-9fd1-b34083c97337,Dr Chanda Jain Nursing Home,NURSING_HOME,,Civil ward,"Civil ward, Near, Kamla Nehru College, Damoh, Madhya Pradesh 470661",23.8249293,79.4415136,Damohnaka,078122 22441,,
6b7c7449-82c3-403e-859e-75e3d8781e25,CENTRAL INSTITUTE OF NURSING SCIENCE,ENT_CLINIC,,Kanchan Vihar,"S-1, Kanchan Vihar, Vijay Nagar, Jabalpur, Raksha, Madhya Pradesh 482002",23.1850191,79.9078596,Kachnar City,099771 88132,,
10fed9a7-3174-4d7d-affd-c2b3a3f96b64,Hritik patel,GENERAL_CLINIC,,Kanchan Vihar,"5WR2+P55, Kanchan Vihar, Vijay Nagar, Jabalpur, Raksha, Madhya Pradesh 482002",23.1917717,79.9004744,Kachnar City,,,
f618e923-7655-41d6-9883-ea3bd380614c,Aanya Home Care Service,GENERAL_CLINIC,,Unknown,,,,Kachnar City,091311 82090,,https://apnabusinesscard.com/Aanya-Home-Care-Services
2ce4409f-9565-4bb3-995a-8f74f467e2dc,Kachnar Barsana,GENERAL_CLINIC,,Rameshwaram Colony,"Rameshwaram Colony, Jabalpur, Madhya Pradesh 482002",23.1803691,79.9021023,Kachnar City,083589 88888,,
d68ebc4b-8ccb-47fa-88ab-cd4aa4fa91bc,Kachnar city Vijay nagar,GENERAL_CLINIC,,Yashwar Nagar,"Adhaulia Lane, Yashwar Nagar, Kanchan Vihar, Vijay Nagar, Jabalpur, Raksha, Madhya Pradesh 482002",23.1885552,79.9030283,Kachnar City,,,
283238a0-1f00-41b2-a324-72efe7189cbd,Aadarsh home care,GENERAL_CLINIC,,Unknown,,,,Kachnar City,,,
e7ee6443-9ab9-4414-8c0c-632f54ea60b7,adesh jain home,GENERAL_CLINIC,,Shastri Nagar,"4VQC+X9G, Shastri Nagar, Jabalpur, Madhya Pradesh 482003",23.1399317,79.8709491,Shastri Nagar,,,
f6acbcf4-2926-4b37-a616-4d689715e185,Health Checkup Center,ENT_CLINIC,,MR-4 Rd,"P-25, MR-4 Rd, Ekta Nagar, Ekta Chowk, Jabalpur, Madhya Pradesh 482002",23.182456,79.9075095,Shastri Nagar,091096 42638,,https://healthcheckupcenter.com/
e07deab5-21de-4a4c-8522-b314a0cf8107,Unipath lifepathology collection centre,PATHOLOGY_LAB,,chandra shekhar aazad garden,"chandra shekhar aazad garden, near by kali mata mandir, akash vihar, Vijay Nagar, Jabalpur, Raksha, Madhya Pradesh 482002",23.1939211,79.9058765,Shastri Nagar,,,https://www.lifepathologyunipathvijaynagr.com/
4a9e9572-49fa-4dad-8b30-97a9230202e8,Pulmocare Enterprises,ENT_CLINIC,,infront of vrindavan garden,"infront of vrindavan garden, near Vinay dairy ekta chowk, Vijay Nagar, Jabalpur, Madhya Pradesh 482002",23.1850134,79.903407,Shastri Nagar,088190 51096,,
296be2d2-d5e6-4114-931e-931fffb8ebb2,preeti nursing institute,GENERAL_CLINIC,,Sneh Nagar Rd,"760, Sneh Nagar Rd, Kamla Nehru Nagar, Ward, Jabalpur, Madhya Pradesh 482002",23.1656398,79.9147669,Hanuman Tal,0761 355 8320,,http://preetinursinginstitute.com/
787e5118-e4a5-40ae-b8b5-c80d8c169b4c,Clean India service,GENERAL_CLINIC,,Shop no 9 shukla Nagar shukla Market,"Shop no 9 shukla Nagar shukla Market, Ganga Sagar Rd, rood, Jabalpur, Madhya Pradesh 482002",23.1575826,79.9104362,Gangasagar,094243 18062,,
729dc883-27de-43a4-a86b-018ea95a70f5,Sai Hospital - Infertility - Laproscopy - IVF & Test Tube Baby Center,HOSPITAL,,Railway Station Rd,"Railway Station Rd, KanchGhar, Jabalpur, Madhya Pradesh 482001",23.1774952,79.959902,Ghamapur,076126 25099,,http://www.saiivf.com/
91469790-0767-4606-a46c-f1a0a7080749,Krish’s House,GENERAL_CLINIC,,Sanjeevani Nagar,"5V9R+MHP, Sanjeevani Nagar, Jabalpur, Madhya Pradesh 482003",23.170863,79.889784,Sanjeevani Nagar,,,
9851788c-16a5-48b2-98a0-95e4273c779f,Sanjeevan Institute of Nursing (GNM Nursing College),GENERAL_CLINIC,,Ram Nagar,"628, Ram Nagar, Bhumi Vikash Bank Colony, Adhartal, Jabalpur, Madhya Pradesh 482004",23.1978172,79.9395173,Sanjeevani Nagar,094247 43582,,http://jabalpurhelpline.com/sanjeevan-institute-of-nursing
99b8bada-93f7-4a14-baad-c3ae0c6337f6,Shivyog Senior Care,GENERAL_CLINIC,,Datt Township Main Rd,"Datt Township Main Rd, T C Colony, Tilhari, Bhatauli, Madhya Pradesh 482020",23.1139387,79.9725953,Tilhari,,,
650dc72c-2ee7-4976-af0c-30737ac56d5e,Jabalpur room,GENERAL_CLINIC,,Bilhari,"58, Bilhari, Jabalpur, Madhya Pradesh 482020",23.130775,79.9662309,Tilhari,,,
2c401747-5257-4761-8356-91c351742443,Thyrocare Jabalpur- Bilhari,GENERAL_CLINIC,,Road,"Mahawar Complex, Main, Road, Bilhari, Jabalpur, Madhya Pradesh 482020",23.1265728,79.9674074,Tilhari,093010 52455,,https://www.thyrocare.com/
24f578e3-f177-419c-83ce-c8de150e3944,Aurium Homestay Tilhari,GENERAL_CLINIC,,Mandla - Jabalpur Rd,"Mandla - Jabalpur Rd, Tilhari, Jabalpur, Madhya Pradesh 482020",23.1223956,79.9700387,Tilhari,089669 54990,,
3aa88de0-1366-471c-8c5d-9b4e807397a4,Chaggar Farm Colony,GENERAL_CLINIC,,Mandla - Jabalpur Rd,"Mandla - Jabalpur Rd, Tilhari, Madhya Pradesh 482020",23.124231,79.9690308,Tilhari,,,
ed9dee19-b11d-420c-a26a-5ca9ad8298cf,Anantara Residential Resort,ENT_CLINIC,,Tilhari,"Anantara Residential Resort, Tilhari, Pipariya, Madhya Pradesh 482020",23.1250923,79.9726994,Tilhari,,,
3bc84844-6b55-4018-9acc-5e12bc8f9ebf,MedPlus Sanjeevani Nagar,GENERAL_CLINIC,,opposite Shri Krishna Parisar Colony,"Plot Number 23, Kachhpura Over Bridge, opposite Shri Krishna Parisar Colony, Sanjeevani Nagar, Jabalpur, Madhya Pradesh 482003",23.1652913,79.8988269,Tilhari,062320 37147,,https://www.medplusmart.com/
e267070f-2c6e-4b9e-8c86-64b177993c0c,RO SERVICE CENTER JABALPUR AQUAGUARD AND KENT RO SERVICE CENTER,ENT_CLINIC,,Tiwari market in front of bank of maharashtra sanjeevni nagar,"Tiwari market in front of bank of maharashtra sanjeevni nagar, Garha, Jabalpur, Madhya Pradesh 482002",23.1650741,79.9020799,Tilhari,078059 25442,,https://wa.link/4qba9j
444d7bf1-86ca-43ba-9c8d-a0a6dae0fb2e,Purandar Parisar,GENERAL_CLINIC,,New Adarsh Colony,"5WC6+WF7, New Adarsh Colony, Yadav Colony, Jabalpur, New Adaresh Colony, Madhya Pradesh 482002",23.1722925,79.9111729,Tilhari,,,
857e8a7a-a33f-4a2e-b3c1-5bc205a2a00b,Jaiswal Homestay,GENERAL_CLINIC,,Sanjeevani Nagar,"150, Sanjeevani Nagar, Garha, Jabalpur, Madhya Pradesh 482003",23.1659962,79.9037321,Tilhari,094258 43828,,https://jaiswalhomestay.carrd.co/
fc9359ab-6946-4f93-b86d-0f2d8a98be05,Little Hugs Daycare,GENERAL_CLINIC,,Jai Nagar,"Jai Nagar, near Mystic hotel, Labour Chowk, Nove Adaresh Colony, Yadav Colony, Jabalpur, New Adaresh Colony, Madhya Pradesh 482002",23.1690645,79.9137271,Tilhari,074405 80533,,
1bb22155-acb7-45c5-9b3e-b73af282d914,Electricals repairing fittings Electricals all solution,GENERAL_CLINIC,,sharda chowk,"2275, sharda chowk, Jabalpur, Madhya Pradesh 482003",23.1542452,79.9064159,Tilhari,,,
dfba3b49-a697-46fb-af16-f905bca6e00b,Royal Senior Secondary School,GENERAL_CLINIC,,Sanjeevani Nagar,"Sanjeevani Nagar, Jabalpur, Madhya Pradesh 482003",23.1665454,79.8991746,Tilhari,076124 23344,,http://www.royalschooljabalpur.com/
23ce4576-dccd-4d84-aabb-c9115058cba3,Shanti Villa Girls Hostel- Girls Hostel in Jabalpur |Women Hostel in Jabalpur |Girls PG in Jabalpur,GYNECOLOGY_CLINIC,,Colony,"Satna Building, Colony, Malaviya Chowk, near super market, Gole Bazar, Write Town, Jabalpur, Madhya Pradesh 482002",23.1702996,79.9309907,Barela,081031 09997,,http://www.shantivillagirlshostel.in/
4b035828-8487-424f-aa5e-1ce4c795e1ac,Nitin Jyoti Health Care Centre,ENT_CLINIC,,N.H -7 Road,"N.H -7 Road, Panagar, Jabalpur, Madhya Pradesh 483220",23.2842263,79.9940462,Panagar,095845 30889,,
c186c47d-acba-4e75-8eb6-25b02b0a395b,Molana ward panager,GENERAL_CLINIC,,Panagar,"7XRW+CG7, Panagar, Madhya Pradesh 483220",23.2910303,79.996282,Panagar,,,
a7bf86c5-2dae-4a39-85af-5da00d1e4e04,MR UMESH BAN/GIRISH BAN,GENERAL_CLINIC,,Jagdamba Nagar Nagar,"Gali No.1, Jagdamba Nagar Nagar, Maharajpur, Jabalpur, Madhya Pradesh 482004",23.2313292,79.958188,Panagar,,,
28f45dc7-fe88-447a-ac28-d9a1b58ed213,ROOTS HANDICRAFT,GENERAL_CLINIC,,Katangi Rd,"House no, 06, Katangi Rd, near mother Teresa, Vrindawan Nagar, Karmeta, Jabalpur, Madhya Pradesh 482002",23.2095106,79.9056632,Panagar,,,http://www.sideshady14.blogspot.com/
846fa0e8-9a26-4b1b-8080-8c237bb1a490,Help24 patient care service provider,ENT_CLINIC,,Unknown,,23.223497,79.9658616,Panagar,078982 86894,,
c56eeb33-98b1-4ae7-bc8e-84ac9472486e,S.A Electronic,GENERAL_CLINIC,,Aziz gung pasiyana app. public school revendra naat tagor ward no.50,"Aziz gung pasiyana app. public school revendra naat tagor ward no.50, Madhya Pradesh 482002",23.1920124,79.9437792,Panagar,088714 21330,,
5e1ef068-55a7-4ecd-a2a7-5881eb1658b1,Health & Home Care Services,GENERAL_CLINIC,,Unknown,,,,Panagar,,,https://www.health-homecares.com/
b0dde56e-2a25-4098-906a-27f67b2e22a7,Ayush bandhav,AYURVEDA_CLINIC,,Marhatal,"5W9M+CHJ, Awadhpuri, Marhatal, Jabalpur, Madhya Pradesh 482002",23.1685786,79.9338798,Bhedaghat,,,
f47e1c47-c461-4a11-b8a0-2fa90a67f4c7,"Digamber house (Ashok Jain, Anubhav Jain, Abhishek Jain & Ankit jain)",GENERAL_CLINIC,,Nayak nursing home road,"Digamber house, 986/1, Nayak nursing home road, opposite Gangotri Apartment, Gole Bazar, Wright Town, Jabalpur, Madhya Pradesh 482002",23.1695283,79.9249963,Bhedaghat,,,
b42b7fdb-ab1b-478c-8cda-5bd6988f5ec1,Supra Diagnostic,DIAGNOSTIC_CENTER,,Jain Mandir Rd,"994 Opposite DN, Jain Mandir Rd, Wright Town, Jabalpur, Madhya Pradesh 482002",23.16918,79.9306868,Bhedaghat,093026 89328,,
f546b397-82b3-4c4b-98c3-00fffb7e28ab,Rishi clinic,GENERAL_CLINIC,,Rishi Niketan,"5W9F+QJ5, Rishi Niketan, Beside Uday Nursing Home Ranital Chofwk, Madhya Pradesh 482002",23.1693839,79.9241078,Bhedaghat,,,
e2a87c17-2e4e-4828-af5c-7d17a5c98d7a,Pathkind Labs,PATHOLOGY_LAB,,near Prem Mandir Road,"Shree Nidhi, 2236/07, near Prem Mandir Road, Wright Town, Jabalpur, Madhya Pradesh 482002",23.1630096,79.9246636,Wright Town,088822 10772,,https://nearby.pathkindlabs.com/pathkind-labs-wright-town-jabalpur-28572/home?utm_source=GMB
a9c692ae-4af4-480b-ab27-149a02d7c6ec,Star Diagnostic Centre,DIAGNOSTIC_CENTER,,Wright Town,"527, near Suhagan Abhusan, Wright Town, Jabalpur, Madhya Pradesh 482002",23.1675005,79.9267459,Wright Town,,,https://www.apnabusinesscard.com/Star-Diagnostic-Centre
0000182a-5b0b-4afb-834d-71a73b73144c,Sanya Prime Diagnostic Center,DIAGNOSTIC_CENTER,,Opp. Dr Pawan Sthapak Hospital Golbazar,"1057, Opp. Dr Pawan Sthapak Hospital Golbazar, Wright Town, Jabalpur, Madhya Pradesh 482002",23.1717634,79.9252952,Wright Town,094256 35786,,
4d312e41-1a31-4ca1-8f5b-7cc137e53b82,Anantaa Scans And Diagnostics,DIAGNOSTIC_CENTER,,Wright Town,"Prem Mandir, Plot No. 54/1, Square, beside Shree Dwarka Guest House, Wright Town, Jabalpur, Madhya Pradesh 482001",23.1623547,79.9250124,Wright Town,089890 08922,,
f8f72d26-4924-4371-bd72-3bfff6a4bcb3,Jain Diagnostics,DIAGNOSTIC_CENTER,,Wright Town,"opposite Chanchala Bai College, Wright Town, Jabalpur, Madhya Pradesh 482002",23.1679516,79.9256912,Wright Town,0761 403 0028,,
f883d27c-4161-4986-bc26-1947998b376d,Delhi MRI & CT scan Center Jabalpur,IMAGING_CENTER,,MLB School Road Near Prem Mandir,"2243, MLB School Road Near Prem Mandir, Wright Town, Jabalpur, Madhya Pradesh 482002",23.1635391,79.924608,Wright Town,078795 60056,,http://jabalpurhelpline.com/delhi-mri-and-gamma-camera-centre
507a2fea-7738-4952-b5a2-54134c0fa5bd,"Vardhaman Sonography ,X-Ray and Dental Centre",IMAGING_CENTER,,near Ranital chowk,"near Ranital chowk, Seth Narsinghdas Building, Wright Town, Jabalpur, Madhya Pradesh 482002",23.1702134,79.9241739,Wright Town,094796 38793,,
00460802-7434-4b6c-9f0d-71d9148beb67,TRUtest Diagnostics - Pathology Lab in Jabalpur,PATHOLOGY_LAB,,Madan Mahal Railway Station Rd,"Ground Floor, Anant Multispecialitiy Hospital, 299/B, Madan Mahal Railway Station Rd, Wright Town, Jabalpur, Madhya Pradesh 482002",23.1656698,79.9219227,Wright Town,,,
43211fe5-9d07-4fa0-b6cf-50c95079ea50,Thyrocare Jabalpur - Best Thyrocare | Full Body Checkup | Aarogyam in Jabalpur,GENERAL_CLINIC,,Wright Town,"Shop No 8, Ground Floor, Himgiri Apartment, near Samadhan Hospital, near grover hosp, Wright Town, Jabalpur, Madhya Pradesh 482002",23.1657129,79.9232132,Wright Town,093001 01519,,http://www.thyrocare.com/
569c78c7-4dc3-476a-831b-b8dc9012d827,Dr Lal PathLabs - Patient Service Centre,PATHOLOGY_LAB,,Wright Town,"Plot No 1553, near Astha Medicals, Wright Town, Jabalpur, Madhya Pradesh 482002",23.1653594,79.9249705,Wright Town,08071 372 717,,https://labs.lalpathlabs.com/dr-lal-pathlabs-patient-service-centre-diagnostic-centre-wright-town-jabalpur-389144/Home?utm_source=locator&utm_medium=googleplaces
ab792b44-a315-4f34-a85f-b8a47290c83a,Anant Diagnostic Center,DIAGNOSTIC_CENTER,,Station Rd,"Anant Multi-Specialty Hospital, Madanmahal, Station Rd, Jabalpur, Madhya Pradesh 482002",23.1655752,79.9221938,Wright Town,,,
8a9567e8-771b-4fee-9f04-65b62ada4a9f,Shree Diagnostic Pathology Centre,PATHOLOGY_LAB,,Wright Town,"Shop No 1, Near, Sutikagrah, Wright Town, Jabalpur, Madhya Pradesh 482002",23.1666791,79.9243587,Wright Town,094246 86833,,
0b300460-63a2-4a2d-b699-e7567da2fb2b,SRL Pathology Ranital,PATHOLOGY_LAB,,Ranital Link Road,"Near Dr. P. K. Mehta Clinic , Dubey Tower, Ranital Link Road, Gole Bazar, Jabalpur, Madhya Pradesh 482002",23.1704347,79.9254024,Wright Town,096444 25330,,
26ed38c0-8fea-455b-b0aa-1e50fa9d553b,Dr Lal PathLabs - Patient Service Centre,PATHOLOGY_LAB,,Ranital Chowk,"Ground Floor, Ranital Chowk, Patrakar Colony, Yadav Colony, Jabalpur, Madhya Pradesh 482002",23.1704595,79.9239903,Wright Town,08071 372 032,,https://labs.lalpathlabs.com/dr-lal-pathlabs-patient-service-centre-diagnostic-centre-ranital-chowk-jabalpur-290140/Home?utm_source=locator&utm_medium=googleplaces
b68118a2-7779-4138-83c6-7a9e29636170,Soumya nuclear diagnostic,DIAGNOSTIC_CENTER,,Prem Mandir Chowk,"Delhi MRI Premises, 1st floor, Prem Mandir Chowk, Wright Town, Jabalpur, Madhya Pradesh 482002",23.1636184,79.9245707,Wright Town,094247 26683,,http://www.soumyanucleardiagnostic.com/
69a6a1cd-995a-44e3-9eb9-ac0f024a09e5,R.R. Pathoclinic & cancer Diagnostic Center,DIAGNOSTIC_CENTER,,Madan Mahal Railway Station Rd,"5W7C+8C8, Madan Mahal Railway Station Rd, Wright Town, Jabalpur, Madhya Pradesh 482002",23.1632886,79.9210669,Wright Town,076124 06186,,
7cfa0801-d3ea-45a0-b941-faca69c93444,Redcliffe Labs - Collection Centre | Full Body Check Up & Blood Test in Ranital,PATHOLOGY_LAB,,Ranital,"Shop No-8, Classic Apartment, near Chanchlabai College, Ranital, Jabalpur, Madhya Pradesh 482003",23.16748,79.92577,Wright Town,079 6912 2956,,https://redcliffelabs.com/centre/redcliffe-labs-in-madhya-pradesh-jabalpur-ranital-44300
0ab5c84d-3582-4adc-800d-5dd7db598b1d,Taj l Digital x-ray pathology center,PATHOLOGY_LAB,,Al rajjak market,"Bahorabhag chouk, Al rajjak market, Ganjipura, Jabalpur, Madhya Pradesh 482002",23.1705031,79.9379786,Wright Town,,,
6b19282a-2e78-42b0-b1c7-c2bd73aa095a,"Thyrocare Diagnostic Lab | Blood Test Centre - Agasaud, Patan",PATHOLOGY_LAB,,Madan Mahal Railway Station Rd,"House No. 101/2359, Gate No. 4 Chauraha, Near PIiller, No. P68, Madan Mahal Railway Station Rd, Wright Town, Jabalpur, Madhya Pradesh 482002",23.163329,79.921371,Wright Town,078989 21611,,https://thyrocare.com/near-by-location/JABALPUR/MADHYA-PRADESH/TILWARA-ROAD-MAD86
b20c4170-d00b-4d4a-9851-c5d6d4b7bb48,"Agilus Diagnostics - Ranital Link Road, Jabalpur",DIAGNOSTIC_CENTER,,Ranital Link Road,"Ground Floor, 5WCG+656 Dubey Tower, Shop No. 1, Ranital Link Road, near Dr. P.K.Mehta Clinic, Wright Town, Jabalpur, Madhya Pradesh 482002",23.1704449,79.9253452,Wright Town,090392 93107,,https://agilusdiagnostics.com/
3da1a65b-df1c-40d3-8579-fd861867baa2,Kusum Pathology Centre,PATHOLOGY_LAB,,Wright Town,"5W9H+3GJ, Wright Town, Jabalpur, Madhya Pradesh 482002",23.1677165,79.9287799,Wright Town,098262 43787,,
70bd5840-9684-493a-92bc-91f205724991,Path Care,GENERAL_CLINIC,,Wright Town,"Behind New Sutika Grah, Wright Town, Jabalpur, Madhya Pradesh 482002",23.1666591,79.924392,Wright Town,090392 13542,,https://pos.pathcarelabs.com/
d4359271-581b-47ce-8ec4-0465e264b6a6,Pitrachaya Agilus Diagnostics,DIAGNOSTIC_CENTER,,Ranital Link Road,"Ranital Link Road, near Dr. Mehta Clinic, Gole Bazar, Wright Town, Jabalpur, Madhya Pradesh 482002",23.1703097,79.9256131,Wright Town,093403 48785,,
1b923d41-bd86-4872-9ff4-e17d99cefa73,Meera Immunocare Pathoclinic,GENERAL_CLINIC,,Station Rd,"2335, Opp. Mohan Physiotherapy Center, Mohan Mension, Station Rd, near Madan Mahal Thana, Wright Town, Jabalpur, Madhya Pradesh 482002",23.1623186,79.9213688,Wright Town,094251 59731,,
6e0b4e9b-e184-47b6-810a-1deba8765b4b,Manipal TRUtest - Best Blood Test Lab in Jabalpur,PATHOLOGY_LAB,,Madan Mahal Railway Station Rd,"H NO: 2372, Madan Mahal Railway Station Rd, opp. MM College, Wright Town, Jabalpur, Madhya Pradesh 482002",23.1624059,79.9210911,Wright Town,098921 01616,,https://www.manipaltrutest.com/
7f65583f-29b5-48ce-bbed-df1412e127ba,"Saxena Sonography, Digital Xray and Colour Doppler Center",IMAGING_CENTER,,Wright Town,"besides Petrol pump, Roopam Tower, opposite water tank, Wright Town, Jabalpur, Madhya Pradesh 482002",23.1681851,79.9249106,Wright Town,076124 01280,,
4d602ac0-dc17-4057-b7e4-a67f5bfc04ac,PRIME PATHOLOGY,PATHOLOGY_LAB,,MLB school to Little Kingdom Road,"B-1, Kusum Enclave, MLB school to Little Kingdom Road, Besides, Walking Track, Napier Town, Jabalpur, Madhya Pradesh 482002",23.1622318,79.9291539,Wright Town,088278 80121,,http://jabalpurhelpline.com/prime-pathology
9c53937d-807d-4f7d-9782-8c581658ae0c,My lab diagnostic center,PATHOLOGY_LAB,,Haji Market,"Shop no 3, Haji Market, Raddi chowki, Raddi chowki jabalpur, near Khandelwal furniture, Jabalpur, Madhya Pradesh 482004",23.195187,79.9420885,Wright Town,083191 92400,,https://mylab.mypathologic.com/
936e952c-006a-4e7f-8277-4ac0d241ddd6,Redcliffe Labs - Collection Center,PATHOLOGY_LAB,,Road,"Shop No 2218 Kanchghar, Road, near Sahu Medical Stores, Lalmati, Jabalpur, Madhya Pradesh 482004",23.1874838,79.9633778,Wright Town,079 6928 5405,,https://redcliffelabs.com/centre/redcliffe-labs-collection-center-unicure-pathlab-diagnostic-centre-lalmati-jabalpur-255009
0178812a-ce6e-4890-b3ac-27fcdf6c3844,Accurate Diagnostics,DIAGNOSTIC_CENTER,,Wright Town,"Shop No. 1514, near Mohit chamber, Wright Town, Jabalpur, Madhya Pradesh 482002",23.167272,79.9264056,Wright Town,095890 15203,,
77d07aae-a3fa-4b91-bfad-ca8fb697fe17,Radiant CBCT,GENERAL_CLINIC,,Wright Town,"gate no. 4, Pathak square, near kothari hospital, Wright Town, Jabalpur, Madhya Pradesh 482002",23.1632833,79.9222884,Wright Town,,,http://radiantcbct.com/
cad3ea4c-c7ae-4f14-b38b-6d97b9389b81,Khanna Pathology Lab & Blood Bank,PATHOLOGY_LAB,,Wright Town,"Roopam Tower, 14, Wright Town, Jabalpur, Madhya Pradesh 482002",23.1682294,79.9247817,Wright Town,093001 03820,,
bd94d8bf-5128-467e-ae8e-faf6ffbd3c30,Sewarth Path Labs | Best Patient Service & Home Collection Centre in Jabalpur,PATHOLOGY_LAB,,Madan Mahal Railway Station Rd,"Madan Mahal Railway Station Rd, Wright Town, Jabalpur, Madhya Pradesh 482002",23.163279,79.921426,Wright Town,0761 407 2202,,http://sewarth.in/
040f3bf5-6ad4-4bb0-9a18-deb3d55cfba9,Metropolis Labs | Blood Test & Diagnostic Centre in Napier Town,PATHOLOGY_LAB,,Napier Town,"SN 214 & 215, 2nd Floor, Rajul Landmark, Napier Town, Jabalpur, Madhya Pradesh 482001",23.1626799,79.935875,Napier Town,0731 462 0778,,https://www.metropolisindia.com/lab/diagnostic-centre-in-sn-214-and-215-2nd-floor-rajul-landmark-napier-town-jabalpur
b46693ae-a13a-4800-8ece-7951d8014afa,Lupin Diagnostics | Pathology Lab & Full Body Checkup in Pcc Napier Town,PATHOLOGY_LAB,,Jabalpur Hospital to Shastri Bridge Rd,"Jabalpur Hospital to Shastri Bridge Rd, Napier Town, Jabalpur, Madhya Pradesh 482001",23.1606663,79.9331968,Napier Town,096308 82299,,https://www.lupindiagnostics.com/
7676f546-0e3e-4bdb-8ea9-d4c98d2cf7fe,Diagnostica Span Pathology Lab Jabalpur,PATHOLOGY_LAB,,Home Science College Rd,"Diagnostica Span, Home Science College Rd, near CGHS office and Ashish Hospital, Napier Town, Jabalpur, Madhya Pradesh 482002",23.1609489,79.9241362,Napier Town,097138 55855,,https://www.spandiagno.com/
b5d6fcf6-5d4b-46f5-a72d-5dd5ac61c63f,MISHRA JI PATHOLOGY,PATHOLOGY_LAB,,Napier Town,"infront of, jabalpur hospital, Mishra Ji Pathology shop 1 Rajul landmark, Napier Town, Jabalpur, Madhya Pradesh 482001",23.1624881,79.9359307,Napier Town,088787 18888,,
4fd44552-d665-4bc8-a3ad-ace93875a9da,Unipath Specialty Laboratory - Jabalpur,PATHOLOGY_LAB,,near Bhavartal Garden Road,"1st Floor, Platinum Plaza, in front of Sudarshan Motors, near Bhavartal Garden Road, Napier Town, Jabalpur, Madhya Pradesh 482001",23.1603394,79.9323944,Napier Town,099778 11104,,http://www.unipath.in/
f184e206-c52d-4f7a-92d6-5abf5b7c761f,HealthAssure - Silver Oak Hospital | Diagnostic centre Jabalpur| Imaging And Diagnostics | Blood Tests & Ultrasound,HOSPITAL,,Ruseel Crossing Silver oaks Camps,"Napier Tower, Napier Tower, Ruseel Crossing Silver oaks Camps, Jabalpur, Madhya Pradesh 482001",23.1638302,79.939197,Napier Town,098261 21066,,https://www.healthassure.in/
0852659a-072f-48e2-be2e-8da3ca9df07f,CLEAR VIEW IMAGING,IMAGING_CENTER,,Dr Barat Rd,"Dr Barat Rd, near SAMDAREEYA HOTEL, opposite ARYA SAMAJ MANDIR BHAWAN, Napier Town, Jabalpur, Madhya Pradesh 482001",23.1611932,79.9389918,Napier Town,099938 06080,,https://apnabusinesscard.com/Clear-View-Imaging
121e0891-831a-4714-9d7f-01ee4dc93689,General Dignostic Mishra ji pathology,PATHOLOGY_LAB,,Napier Town,"jabalpur hospital, Shop no 1 Rajul landmarks infront of, Napier Town, Jabalpur, Madhya Pradesh 482001",23.162105,79.9362778,Napier Town,,,
c146cf40-7a15-4e32-b424-98b8f71ac828,LifeCell Path lab,PATHOLOGY_LAB,,Home Science College Rd,"front of HP petrol pump R & R Clinic, madan Mahal thana, 1587, Home Science College Rd, Napier Town, Jabalpur, Madhya Pradesh 482002",23.161003,79.92168,Napier Town,070008 81655,,
e2387bc1-c5c7-4b8c-b8d9-db223896176b,Js DIGITAL X RAY CENTER.,ENT_CLINIC,,Shop No 11 Gulati Complex Hotal Below Navneeta Restrunt Rasal Chouk To Fourth Bridge Road (In Front Of Anand Talkis which Is Closed Napier Town JABALPUR (. MP) PIN 482001,"Shop No 11 Gulati Complex Hotal Below Navneeta Restrunt Rasal Chouk To Fourth Bridge Road (In Front Of Anand Talkis which Is Closed Napier Town JABALPUR (. MP) PIN 482001, Jabalpur, Madhya Pradesh 482001",23.1592289,79.9375971,Napier Town,092299 90462,,
6705e224-8250-471e-8567-a4d20734dc36,Dr. Ratna Patel,GENERAL_CLINIC,,Napier Town,"Shubh Microbiology & Pathology Lab, Dept. of Pathology, Aditya Hospital, opp. Little Kingdom School, Napier Town, Jabalpur, Madhya Pradesh 482002",23.1611392,79.9284931,Napier Town,099773 55777,,http://jabalpurhelpline.com/dr-ratna-patel-clinical-microbiologist
8689e083-2f45-4efc-918d-39bd33b2a57c,Metropolis,GENERAL_CLINIC,,Home Science College Rd,"Ayush Complex, Home Science College Rd, Wright Town, Jabalpur, Madhya Pradesh 482002",23.1615673,79.9291007,Napier Town,084228 01801,,https://www.metropolisindia.com/
181b1b88-79b9-4d11-8415-5c6cf823b002,Charak Diagnostic,DIAGNOSTIC_CENTER,,Napier Town,"5W6J+459, Napier Town, Jabalpur, Madhya Pradesh 482001",23.1602923,79.930489,Napier Town,076124 15889,,
d85d1dae-315c-4098-84f9-67665373c362,SARAF DIAGNOSTICS,DIAGNOSTIC_CENTER,,Wright Town,"Wright Town, Jabalpur, Madhya Pradesh 482002",23.1705001,79.9284306,Napier Town,,,
6aff3fc0-8dc3-4a2b-8946-7ae1d4549536,Shruti Diagnostics,DIAGNOSTIC_CENTER,,Napier Town,"Well be clinic, infront of SPANDAN clinic, Napier Town, Jabalpur, Madhya Pradesh 482001",23.1599217,79.9300962,Napier Town,,,
9eced53f-376a-4fa5-af15-f2e978ed0629,Ankit Sonography Center,IMAGING_CENTER,,Right Town,"5W8H+GRX, Right Town, Jabalpur, Madhya Pradesh 482002",23.1663748,79.9296059,Napier Town,,,
44add78b-3908-4a70-a0da-ce5b6a208726,Dr Lal PathLabs - Patient Service Centre,PATHOLOGY_LAB,,Madan Mahal,"Shubhankar Appartment, near Railway Station, Madan Mahal, Jabalpur, Madhya Pradesh 482002",23.1580067,79.9193241,Madan Mahal,08071 371 819,,https://labs.lalpathlabs.com/dr-lal-pathlabs-patient-service-centre-diagnostic-centre-madan-mahal-jabalpur-288117/Home?utm_source=locator&utm_medium=googleplaces
a53fcf14-b9be-4070-918f-f1a408db9b3e,GENERAL DIAGNOSTICS INTERNATIONAL PATHOLOGY COLLECTION CENTER JABALPUR,PATHOLOGY_LAB,,KRISHNA HEALTH CARE 2362 TIWARI SADAN FAST FLORE,"GATE NO 4, MADAN MAHAL, KRISHNA HEALTH CARE 2362 TIWARI SADAN FAST FLORE, Jabalpur, Madhya Pradesh 482002",23.1632506,79.9213298,Madan Mahal,,,http://www.gd-lab.com/
33b2f538-4559-478f-987b-c88ad4583d22,CORE DIAGNOSTIC CENTRE,DIAGNOSTIC_CENTER,,Gau Mata Chowk,"Shop No. 7, Gau Mata Chowk, Pandit Ravishankar Shukla Stadium, Wright Town, Jabalpur, Madhya Pradesh 482002",23.1646012,79.9271405,Madan Mahal,,,
640cec7e-b63e-4456-829d-43c2748adf03,Capture - CBCT,GENERAL_CLINIC,,Madan Mahal,"Second floor, above Java showroom, next to Lakshmi Narayan Hospital, Mahal, Madan Mahal, Jabalpur, Madhya Pradesh 482002",23.1562914,79.9165015,Madan Mahal,088175 28373,,
de8f0d86-c07b-48c0-a79d-4aa4a1181ec3,Sahill Sonography And X Ray Centre,IMAGING_CENTER,,Marhatal,"16/12, Civic Center, Awadhpuri, Marhatal, Jabalpur, Madhya Pradesh 482002",23.1670741,79.9324119,Madan Mahal,,,
5d9adaff-9cb4-46e2-b815-f2c11ef48106,HI TECH MRI,IMAGING_CENTER,,Wright Town,"Wright Town, Jabalpur, Madhya Pradesh 482002",23.1673304,79.9297505,Madan Mahal,,,
c0d73dbd-9650-4b9a-a60b-95ad40f8084c,"SADAR CT SCAN, XRAY, SONOGRAPHY, PATHOLOGY CENTER- Sonography Centre in Jabalpur | Pathology & ECG Centre in Jabalpur",PATHOLOGY_LAB,,South Civil Lines,"opposite VIRMANI PETROL PUMP, near Shivaji Ground, Malhotra Compound, South Civil Lines, Jabalpur, Madhya Pradesh 482001",23.1541214,79.9408885,Madan Mahal,093023 38255,,http://jabalpurhelpline.com/sadar-x-ray-sonography-ecg-and-pathology-center
ddfe1be6-127d-4bf1-b05c-175acacd480c,Redcliffe Labs - Collection Center,PATHOLOGY_LAB,,Shakti Bhawan Rd,"No 1, Nigam Office, Gali, Shakti Bhawan Rd, near Rampur, Indra Nagar, Rampur, Jabalpur, Madhya Pradesh 482008",23.141549,79.9165504,Madan Mahal,079 6928 5410,,https://redcliffelabs.com/centre/redcliffe-labs-collection-center-redcliffe-napier-town-collection-centre-diagnostic-centre-indra-nagar-jabalpur-324962
2fe6e24d-22d0-426a-b50e-1e430b36aa72,Redcliffe Labs - Collection Centre,PATHOLOGY_LAB,,Virumal Chowk,"Shop No-13&14, JDA Complex, Virumal Chowk, Madan Mahal, Jabalpur, Madhya Pradesh 482001",23.1566545,79.9190666,Madan Mahal,079 6912 2994,,https://redcliffelabs.com/centre/redcliffe-labs-collection-centre-in-madhya-pradesh-jabalpur-madan-mahal-77717
0a997ba2-f1a6-434d-aba8-d70c7c5731e5,Apollo Clinic,GENERAL_CLINIC,,Bas Stand Road,"5W8J+82M, 1233, Bas Stand Road, opposite IDBI Bank, Wright Town, Jabalpur, Madhya Pradesh 482002",23.165193,79.932066,Madan Mahal,,,
e24e6889-b912-42a6-a31e-56816ee18de0,GLOBAL CBCT & OPG X-RAY CENTER,IMAGING_CENTER,,Main road,"Pandit Ravishankar Shukla Stadium, Shop no. 41, Main road, Market, opposite Satya Ashoka Hotel, Wright Town, Jabalpur, Madhya Pradesh 482002",23.1653364,79.9277606,Madan Mahal,078791 72077,,
dcdaa8d1-22aa-48ca-ac70-12eb1b0b17d4,Medical shops..,GENERAL_CLINIC,,Marhatal,"Civic Centre, Awadhpuri, Marhatal, Jabalpur, Madhya Pradesh 482002",23.1667286,79.9339328,Gorakhpur,,,
1d21c431-2136-4d75-b93a-707805f67d19,Aakash institute jabalpur,GENERAL_CLINIC,,Gwarighat Main Rd,"5W2G+GW7 Uma Tower, Gwarighat Main Rd, Gorakhpur, Jabalpur, Madhya Pradesh 482001",23.1512875,79.9272969,Gorakhpur,,,
707135d8-b774-44cd-932b-0e7578b931f0,Dr Gupta,GENERAL_CLINIC,,Gorakhpur,"H/no. 138 howbagh, opp. Airtel tower, Gorakhpur, Jabalpur, Madhya Pradesh 482001",23.1548197,79.9258969,Gorakhpur,,,
1024581b-0036-4058-8c50-73e70fa64b59,Dr Khari Clinic,GENERAL_CLINIC,,Sharada Talkies Main Road,"Near, Sharada Talkies Main Road, Gorakhpur, Jabalpur, Madhya Pradesh 482001",23.1533249,79.9303355,Gorakhpur,076124 09827,,
ab4b455a-50fd-48a8-bf67-4388ad32abb1,Dr Lal PathLabs - Patient Service Centre,PATHOLOGY_LAB,,Alok Nagar,"Shop No 1, Rameshwaram Palace, Alok Nagar, Jai Prakash Nagar, Adhartal, Jabalpur, Madhya Pradesh 482004",23.201363,79.943578,Adhartal,08071 370 613,,https://labs.lalpathlabs.com/dr-lal-pathlabs-patient-service-centre-diagnostic-centre-adhartal-jabalpur-489926/Home?utm_source=locator&utm_medium=googleplaces
a620fbf3-66a4-45f4-8f8d-bb6636cbf2c7,Gaurav Diagnostic Centre,DIAGNOSTIC_CENTER,,Main Road,"5WXW+CVF, Main Road, Anand Nagar, Adhartal, Jabalpur, Madhya Pradesh 482004",23.198552,79.947177,Adhartal,098931 16962,,
d0423b9c-2488-4af2-87b2-1bba81a76d23,Alfa Sonography And Digital X-ray Centre,IMAGING_CENTER,,road,"road, near khandelwal furniture, Saif Nagar, Adhartal, Madhya Pradesh 482004",23.1951518,79.9422466,Adhartal,0761 403 1952,,
1a32a546-1189-40b1-b1e0-cb3cda61f153,Parfect Diagnostics Centre,DIAGNOSTIC_CENTER,,Adhartal Road,"Adhartal Road, Ravindra Nagar, Adhartal, Jabalpur, Madhya Pradesh 482004",23.1987235,79.9463302,Adhartal,082698 80701,,
f4d8f5c8-718e-4dfa-829a-5e87dfc21d1b,Pathkind Labs,PATHOLOGY_LAB,,Main Road,"Main Road, beside PNB and IDBI ATM, Katra Mor, Jai Prakash Nagar, Adhartal, Jabalpur, Madhya Pradesh 482004",23.200233,79.947918,Adhartal,093038 39042,,
8c3ab425-9092-45ec-8d38-09fb241bcb60,Dr Lal PathLabs - Patient Service Centre,PATHOLOGY_LAB,,Ashok Nagar,"No 708, Ashok Nagar, Nai Basti Gopalpur, Adhartal, Jabalpur, Madhya Pradesh 482002",23.1978601,79.935771,Adhartal,08071 370 615,,https://labs.lalpathlabs.com/dr-lal-pathlabs-patient-service-centre-diagnostic-centre-ashok-nagar-jabalpur-489927/Home?utm_source=locator&utm_medium=googleplaces
db1c29dd-8d51-459a-a58a-750f2604d73d,PATH CARE DIAGNOSTIC,DIAGNOSTIC_CENTER,,Azad Nagar,"Infront Axis Bank, old, kamla bhandar Thyrocare, Azad Nagar, Mansarovar Colony, Adhartal, Jabalpur, Vehicle Fac. Jabalpur, Madhya Pradesh 482004",23.1966445,79.952009,Adhartal,079997 70932,,
f1d712c1-02e6-4633-b190-d9de8f0b068f,SRLDiagnostics,DIAGNOSTIC_CENTER,,Saif Nagar,"01, Saif Nagar, Anand Nagar, Adhartal, Jabalpur, Madhya Pradesh 482004",23.19623,79.943571,Adhartal,097559 99710,,
bca97653-5b7f-4c22-9066-180fb35f1703,Dr Lal PathLabs - Patient Service Centre,PATHOLOGY_LAB,,Jai Prakash Nagar,"Shop No 790, near HDFC Bank, Jai Prakash Nagar, Adhartal, Jabalpur, Madhya Pradesh 482004",23.2070026,79.9486389,Adhartal,08071 372 712,,https://labs.lalpathlabs.com/dr-lal-pathlabs-patient-service-centre-diagnostic-centre-adhartal-jabalpur-389127/Home?utm_source=locator&utm_medium=googleplaces
9d436508-7349-42db-bce2-fe83d741250a,Thyrocare Aarogyam Center,ENT_CLINIC,,Ansari Market,"Shop No. 6, Plot, Ansari Market, No. 776/5, Main Rd, Ravindra Nagar, Adhartal, Jabalpur, Madhya Pradesh 482004",23.1981615,79.9457362,Adhartal,095601 02057,,https://www.thyrocare.com/
b326c437-2f12-427f-a466-80a2bbd1dd95,Rikhil Path care,GENERAL_CLINIC,,Anand Nagar,"5WXW+55M, Anand Nagar, Adhartal, Jabalpur, Madhya Pradesh 482004",23.1979501,79.9454304,Adhartal,,,
f14f69f5-f7b0-4f89-a531-d84e867d79e7,THYROCARE JABALPUR,GENERAL_CLINIC,,Jai Prakash Nagar,"Jai Prakash Nagar, Adhartal, Jabalpur, Madhya Pradesh 482004",23.2004189,79.9491268,Adhartal,093299 91728,,http://www.thyrocare.com/
31db352f-9d78-434e-82f3-313f25d39dc9,Khan Diagnostic,DIAGNOSTIC_CENTER,,Makka Nagar,"Vehicle Fac, Makka Nagar, Adhartal, Jabalpur, Madhya Pradesh 482004",23.194895,79.9485397,Adhartal,091117 10033,,
dea87293-86ce-4fda-b389-c4290123f708,Lifeline Medical and Pathology,PATHOLOGY_LAB,,Ravindra Nagar,"203, Ravindra Nagar, Adhartal, Jabalpur, Madhya Pradesh 482004",23.1999503,79.9464111,Adhartal,093038 39042,,
1c8a7a72-b96d-4662-bb0e-7b024eed2f29,Xenon Diagnostics,DIAGNOSTIC_CENTER,,Raddi Chowki Chowk,"Raddi Chowki Chowk, Jabalpur, Madhya Pradesh 482002",23.1932631,79.9402001,Adhartal,074007 67677,,https://apnabusinesscard.com/Xenon-Diagnostics
219f3e30-9d4d-4d3e-bbb7-9d52439e1a0c,Pathology Sardar Collection,PATHOLOGY_LAB,,Raza Chowk,"Gali Number 1, Raza Chowk, Jabalpur, Madhya Pradesh 482004",23.1930664,79.9460262,Adhartal,093038 51432,,
28653685-7a4a-40ed-9420-d75c975851ee,Taj Digital x-ray & pethology center,IMAGING_CENTER,,Adhartal,"Adhartal, Jabalpur, Madhya Pradesh 482002",23.1894293,79.9415216,Adhartal,,,
1bc0b8fe-b5af-4b16-a274-bccc83027f3a,S.k.pathology lab,PATHOLOGY_LAB,,Jabalpur raddi chowki,"Jabalpur raddi chowki, behind Vijay steel yard, Ganji Nagar, Adhartal, Jabalpur, Madhya Pradesh 482002",23.1945974,79.9411193,Adhartal,,,
4eda3e9e-ae28-4f9a-b988-5d193a3c28f1,Primary Health Center Raza Chowk,ENT_CLINIC,,Anand Nagar,"1, Anand Nagar, Adhartal, Jabalpur, Madhya Pradesh 482004",23.1943084,79.9475701,Adhartal,,,
b27a7b8c-2b33-4855-bf84-6f8440f2ab32,Pathology,PATHOLOGY_LAB,,mainroad,"bus stand, mainroad, in front of Anandnagar, Ashok Nagar, Adhartal, Jabalpur, Madhya Pradesh 482004",23.1972166,79.9444844,Adhartal,,,
3f7809d4-867f-4575-94c7-930b4e84b7cb,"Agilus Diagnostics - Vijay Nagar, Jabalpur | Blood Test | Full Body Health Checkup | Pathology Lab",PATHOLOGY_LAB,,MR-4 Rd,"MR-4 Rd, beside BSNL Office, SBI Chowk, Vijay Nagar, Jabalpur, Raksha, Madhya Pradesh 482002",23.1911129,79.9136669,Vijay Nagar,080 3783 9562,,https://labs.agilusdiagnostics.com/agilus-diagnostics-vijay-nagar-jabalpur-blood-testing-service-vijay-nagar-jabalpur-344650/Home
8835adb1-22b9-449d-bfd5-d316a6c3967d,Keshri path labs,PATHOLOGY_LAB,,near vedika medical shop ekta chowk,"b/23 , near vedika medical shop ekta chowk, Vijay Nagar, Jabalpur, Madhya Pradesh 482002",23.1830907,79.9083301,Vijay Nagar,094248 48960,,https://www.justdial.com/Jabalpur/Keshari-Path-Labs-Near-Vedika-Medical-Shop-Ekta-Chowk-Vijay-Nagar-Colony-Jabalpur/9999PX761-X761-220917113611-G8R1_BZDET
e6aa1096-3feb-4d3b-8f01-c65225d2e410,HealthAssure - Shalby Hospital | Diagnostic centre Jabalpur| Imaging And Diagnostics | Blood Tests & Ultrasound,HOSPITAL,,Ahinsa Chowk,"Scheme No. 5, Plot- B, Ahinsa Chowk, Kanchan Vihar, Vijay Nagar, Jabalpur, Raksha, Madhya Pradesh 482002",23.1850633,79.9091019,Vijay Nagar,095758 01061,,https://www.healthassure.in/
aee14520-1425-4f6c-b178-32ef4063b5ce,Center For Medical Mycology Fungal Disease Diagnostic and Research Center Jabalpur (M.P.),DIAGNOSTIC_CENTER,,Kachnar City Rd,"L-3, Kachnar City Rd, near Shiv Temple, Yashwar Nagar, 1kachnar City, Vijay Nagar, Jabalpur, Raksha, Madhya Pradesh 482002",23.188597,79.8994499,Vijay Nagar,070009 73672,,
ac41bde4-0342-4025-a5b8-ba24e58abaa0,PRIME path Lab,PATHOLOGY_LAB,,Vijay Nagar,"Ukhri tiraha, Vijay Nagar, Jabalpur, New Adaresh Colony, Madhya Pradesh 482002",23.1780894,79.9118005,Vijay Nagar,062602 24233,,https://medicare.mypathologic.com/
78ccb875-ae0b-4e54-a1fa-371632f7f2b2,GSH DIAGNOSTIC CT SCAN CENTRE,IMAGING_CENTER,,Janki Nagar,"Janki Nagar, Jabalpur, New Adaresh Colony, Madhya Pradesh 482002",23.1788683,79.9138347,Vijay Nagar,095898 64418,,
67d327a7-0e1d-40b6-8b77-df2b90eb4b2a,Dr Lal Path Labs Vijay Nagar,PATHOLOGY_LAB,,Ekta Chowk se zero degree service road,"Ekta Chowk se zero degree service road, MR-4 Rd, near Govinda Pizza, Vijay Nagar, Jabalpur, Madhya Pradesh 482002",23.1834455,79.9091972,Vijay Nagar,070490 11858,,
40853cd5-3aa6-43b9-bbcc-ec52284b0ee0,Alfa Diagnostic Centre,DIAGNOSTIC_CENTER,,MR-4 Rd,"38/b, MR-4 Rd, Shatabdipuram Phase 2, New Adaresh Colony, Jabalpur, Madhya Pradesh 482002",23.1819123,79.9096578,Vijay Nagar,0761 403 8986,,
ff802045-5147-412a-b2f1-3c14fb1bdd43,Sunlifecare Pathology,PATHOLOGY_LAB,,Ekta Chowk,"Ekta Chowk, B3, Vijay Nagar, Jabalpur, Madhya Pradesh 482002",23.1829099,79.9095841,Vijay Nagar,099932 17111,,https://www.sunlifecarepathology.com/
9e2dbebc-d075-433b-9743-3d2fb2bbc458,Metropolis Labs | Blood Test & Diagnostic Centre in Jabalpur,PATHOLOGY_LAB,,No 275/16 Janki Nagar,"No 275/16 Janki Nagar, New, Adarsh Colony, Laxmipur, Jabalpur, Madhya Pradesh 482002",23.1806201,79.912801,Vijay Nagar,0731 462 0938,,https://www.metropolisindia.com/lab/diagnostic-centre-in-new-adarsh-colony-null-jabalpur
ff18ec70-7147-4a82-a145-415a6d724d83,Dr Lal PathLabs - Patient Service Centre,PATHOLOGY_LAB,,Ukhri Rd,"2, Ukhri Rd, near Ukhari Tiraha, Janki Nagar, Jabalpur, New Adaresh Colony, Madhya Pradesh 482002",23.1784533,79.9121512,Vijay Nagar,080 3783 8491,,https://labs.lalpathlabs.com/dr-lal-pathlabs-patient-service-centre-diagnostic-centre-ukhri-road-jabalpur-424318/Home?utm_source=locator&utm_medium=googleplaces
1c32c8a8-c774-4a1e-81c2-08222a2c0b5b,Redcliffe Labs - Collection Center,PATHOLOGY_LAB,,75/C RAMESHWARAM COLONY,"75/C RAMESHWARAM COLONY, Ukhri Rd, behind TRUE VALUE SHOWROOM, CHOWK, Jabalpur, Madhya Pradesh 482002",23.1793938,79.9098554,Vijay Nagar,079 6914 4713,,https://redcliffelabs.com/centre/redcliffe-labs-in-madhya-pradesh-jabalpur-75c-rameshwaram-colony-behind-true-value-showroom-ukhari-chowk-22306
c016633f-a2d3-4440-8fb8-13ad58c5db8f,Asati Patho Clinic,GENERAL_CLINIC,,Ahinsa Chowk,"50, Ahinsa Chowk, Janki Nagar Road, Vijay Nagar, Jabalpur, Madhya Pradesh 482002",23.1846383,79.9104954,Vijay Nagar,093006 66770,,
41498209-8d63-4572-be46-70bfd6fe5ba6,Metropolis Labs | Blood Test & Diagnostic Centre in Jabalpur,PATHOLOGY_LAB,,Kamla Nehru Nagar,"Ground Floor, opposite Medical College, Kamla Nehru Nagar, Main Gate, Jabalpur, New Adaresh Colony, Madhya Pradesh 482002",23.168915,79.9111891,Vijay Nagar,0731 462 1086,,https://www.metropolisindia.com/lab/diagnostic-centre-in-nehru-nagar-opposite-medical-college-main-gate-jabalpur
ce3fe511-17c0-44b5-bb49-79be99b6c9e1,Vijaynagar CT Scan centre,IMAGING_CENTER,,MR-4 Rd,"250, MR-4 Rd, Kanchan Vihar, Vikas Nagar, Jabalpur, Raksha, Madhya Pradesh 482002",23.190724,79.9122349,Vijay Nagar,,,
a304eafe-409d-4a8f-817e-692e9012bbf7,"Agilus Diagnostics - Ranjhi, Jabalpur | Blood Test | Full Body Health Checkup | Pathology Lab",PATHOLOGY_LAB,,Ranjhi Mohaniya Rd,"Ranjhi Mohaniya Rd, opposite Police Station, Raksha Karmachari Colony, Jabalpur, Madhya Pradesh 482009",23.1959418,79.9962352,Ranjhi,080 3783 9943,,https://labs.agilusdiagnostics.com/agilus-diagnostics-ranjhi-jabalpur-blood-testing-service-ranjhi-jabalpur-344464/Home
712730e2-fd45-4216-9ad7-852eca29c079,S.S.Sonography Centre,IMAGING_CENTER,,Ranjhi Basti,"52W2+X7Q, Darshan Singh,Tiraha, Ranjhi Basti, Jabalpur, Madhya Pradesh 482005",23.197474,80.000732,Ranjhi,,,
d775ddc3-6bd6-4227-b050-1d099b0d8805,Sharansh Polyclinic,POLYCLINIC,,Ranjhi Mohaniya Rd,"6233+VJJ, Ranjhi Mohaniya Rd, Ranjhi, Bengali Colony, Jabalpur, Madhya Pradesh 482005",23.2047155,80.0040169,Ranjhi,,,
a8735695-abec-41db-abf4-3aaed2f451cd,Dr Lal PathLabs - Patient Service Centre,PATHOLOGY_LAB,,Marhatal,"shraddha Bihar, hum tirth mandir, next to ajay medical, Awadhpuri, Marhatal, Jabalpur, Madhya Pradesh 482002",23.1685786,79.9338798,Ranjhi,094246 25831,,https://www.lalpathlabs.com/
93b8dfe4-f7a5-4553-9df7-a173a5e7f953,D. L. Pathology,PATHOLOGY_LAB,,Bahorbagh market,"Shop No. 04, First Floor, Infront off Hanfiya Masjid, Bahorbagh market, Jabalpur, Madhya Pradesh 482011",23.1860915,79.9856431,Ranjhi,,,
55e060b5-357c-4a30-af8a-0530f73acebf,Dr. L. R Ansaari,GENERAL_CLINIC,,Ranjhi Road,"Ranjhi Road, Main Road, 2832, Gokulpur, Jabalpur, Madhya Pradesh 482009",23.1893227,79.9841162,Ranjhi,0761 408 5231,,
f7a0eddc-c69d-420e-9b60-03fd63248d0b,Dr.R.k.patel Sai Clinic,GENERAL_CLINIC,,Jabalpur,"Manegaon, Jabalpur, Mohaniya, Madhya Pradesh 482005",23.2142722,80.0084947,Ranjhi,098939 25556,,
a5dba1b1-80c1-49ed-a09b-98949ff52d39,Confession House,GENERAL_CLINIC,,Tulsi Nagar,"Tulsi Nagar, Ranjhi, Jabalpur, Madhya Pradesh 482005",23.2012296,80.0012831,Ranjhi,,,https://confession-house.ueniweb.com/?utm_campaign=gmb
7807774c-0a82-455b-9937-3fd4ed483a5e,"SAF CAMPUS, MANDAKINI TOWER, RANJHI",GENERAL_CLINIC,,Raksha Karmachari Colony,"5XXV+9WQ, Raksha Karmachari Colony, Jabalpur, Madhya Pradesh 482009",23.1984742,79.9948528,Ranjhi,,,
7ab3ea5b-84c1-4e31-b3da-8b819f18cdf0,Thakur Travels,GENERAL_CLINIC,,Bengali Colony,"Satyam Tower, Ranjhi, Bengali Colony, Jabalpur, Madhya Pradesh 482005",23.2012299,80.0012831,Ranjhi,088178 38357,,
d8b4a991-58d5-471e-975b-2e3f4467ec91,GOVERMENT VACCINATION CENTER RANJHI,ENT_CLINIC,,Manegaon,"6264+GX5 HOSPITAL, Ranjhi, Manegaon, Jabalpur, Madhya Pradesh 482005",23.2112516,80.0074984,Ranjhi,,,
07227499-22bb-4c67-944a-1259cfb5e2cb,CGHS Dispensary Khamaria,GENERAL_CLINIC,,Westland Khamaria,"6236+M87, Westland Khamaria, Jabalpur, Madhya Pradesh 482005",23.2041625,80.0107969,Ranjhi,,,
c47fd27a-1b66-42e3-ac41-e2cf1d1ee98b,Suburban Diagnostics - Pathology Lab in Jabalpur (Garha Road),PATHOLOGY_LAB,,J.D.A. Market,"J.D.A. Market, Garha Rd, opp. Mehta Petrol Pump, Jabalpur, Madhya Pradesh 482002",23.1664083,79.9112014,Garha,093026 82976,,https://www.suburbandiagnostics.com/location/madhya-pradesh/jabalpur/garha-road
1591c071-9b97-4071-bae7-78a09fc5dff2,"Thyrocare Diagnostic Lab | Blood Test Centre - JABALPUR, MADHYA PRADESH",PATHOLOGY_LAB,,Nagpur Rd,"Nagpur Rd, near NIKHAR BEAUTY PARLOUR, MEDICAL, Medical Garha, Jabalpur, Madhya Pradesh 482003",23.1560281,79.8969725,Garha,088275 53282,,https://thyrocare.com/near-by-location/JABALPUR/MADHYA%20PRADESH/franchise-name-SEMP4
0b3bac9a-97c5-4231-ad7d-009ce348dacf,जीवन रेखा Lifeline Pathology Centre,PATHOLOGY_LAB,,Gulaua Chowk,"Gulaua Chowk, D12, सोना Complex, Opp Water tank, Railway Crossing, Garha Rd, Jabalpur, Madhya Pradesh 482002",23.164751,79.908342,Garha,,,
1d3c21bc-4a63-4fda-9b13-2221b89e4a1e,Redcliffe Labs - Collection Center,PATHOLOGY_LAB,,Ground Floor Bargi Road,"Ground Floor Bargi Road, Silawa, Tiraha, Jabalpur, Madhya Pradesh 482003",23.1516637,79.8848128,Garha,079 6914 4705,,https://redcliffelabs.com/centre/redcliffe-labs-collection-center-nikki-dawakhana-diagnostic-centre-silawa-tiraha-jabalpur-267410
add68aad-abc9-4d86-90f0-8bed29d513e9,Shree Pathology Lab,PATHOLOGY_LAB,,Subhash Nagar,"5V7V+3Q8, MP SH 22, Subhash Nagar, Chandan Colony, Garha, Jabalpur, Madhya Pradesh 482003",23.1626611,79.8944628,Garha,,,
d88abd68-87f8-45bb-97b3-36742ed8f197,Redcliffe Labs - Collection Centre,PATHOLOGY_LAB,,Shahi Naka Road,"Phool Sagar, Shahi Naka Road, Hardoi Mandir Ke Pass, Garha, Jabalpur, Madhya Pradesh 482003",23.1628,79.89437,Garha,079 6914 9044,,https://redcliffelabs.com/centre/redcliffe-labs-collection-centre-in-madhya-pradesh-jabalpur-phool-sagar-garha-62136
60f8bf5c-50c2-4b72-a019-0d5e8992cf04,Sai Imaging and Diagnostic Center,IMAGING_CENTER,,garha purwa road,"91/92 HIG, garha purwa road, Damohnaka, MP Housing Board Colony, Dhanvantari Nagar, Jabalpur, Madhya Pradesh 482003",23.1558913,79.8746005,Garha,,,
208552a0-e36c-4f0d-94a0-6c5c5e50bec0,Jabalpur HighTech Path Lab,PATHOLOGY_LAB,,Tripuri Chowk,"Tripuri Chowk, Infront of Garha Thana, Medical College Road, Garha, Jabalpur, Madhya Pradesh 482003",23.1564875,79.8899449,Garha,078284 17596,,
479fc44b-25c5-4ce4-b92b-dcf0065afd56,TNM Pathology,PATHOLOGY_LAB,,BT Rd,"1285, BT Rd, near Maruti Marble, Choti Bajariya, Garha, Jabalpur, Madhya Pradesh 482002",23.1638045,79.9042336,Garha,091317 09514,,
65a8fc23-09e2-4ea0-a54f-b14dbeb05a0d,Agilus Diagnostics,DIAGNOSTIC_CENTER,,Subhash Nagar,"5V6V+WJJ, MP SH 22, Subhash Nagar, Chandan Colony, Garha, Jabalpur, Madhya Pradesh 482003",23.1623466,79.8940081,Garha,097520 29265,,
b9f729f5-5cb6-42a2-bd2d-9ef45666e1d8,Nath,GENERAL_CLINIC,,Sadashiv Nagar Devtal Rd,"5W63+9CW, 1283, Sadashiv Nagar Devtal Rd, Chhoti Bajariya, Garha, Jabalpur, Madhya Pradesh 482002",23.1611043,79.9036127,Garha,090092 55208,,
8af29e62-af65-45f5-8800-abf6c9946be8,Subhra Sonography And Colour Doppler Center,IMAGING_CENTER,,Nagpur Rd,"4VXJ+2P3, Nagpur Rd, Nehru Colony, Jabalpur, Madhya Pradesh 482003",23.1475222,79.881803,Garha,094251 55640,,
7f5e8cc0-49cb-48da-97de-a9ec58bf5f3f,M.K. Diagnostic paithology lab,PATHOLOGY_LAB,,Medical Garha,"4VXJ+HX2, in front of ravi Medicose Medical college, Medical Garha, Jabalpur, Madhya Pradesh 482003",23.1488882,79.882402,Garha,090748 14887,,
b6749e1d-092f-408a-9a55-3459e3122e1a,S.K.Pathology Lab,PATHOLOGY_LAB,,Nagpur Rd,"Nagpur Rd, Nehru Nagar, Medical Garha, Jabalpur, Madhya Pradesh 482003",23.1474929,79.881779,Garha,,,
21454cdc-36b4-4d27-9092-65717423f3d4,JABALPUR LIFE LINE DIAGNOSTICS,DIAGNOSTIC_CENTER,,Tripuri Chowk,"Tripuri Chowk, Road, near Shiv Mandir, Nav Nivesh Colony, Garha, Purwa, Jabalpur, Madhya Pradesh 482003",23.1579185,79.8908175,Garha,093021 23567,,
ee08ed14-3e29-43d8-953e-6bab7ae08f17,THYROCARE,GENERAL_CLINIC,,Medical Garha,"5V3Q+M63, Medical Garha, Jabalpur, Madhya Pradesh 482003",23.1541397,79.8880522,Garha,,,
c7fa0d9f-bb9a-4e95-b0ce-a778b28e08ef,Metropolis Labs | Blood Test & Diagnostic Centre in Jabalpur,PATHOLOGY_LAB,,Ganga Nagar,"H No-3577, near Shankar Mandir, Ganga Nagar, Purwa, Jabalpur, Madhya Pradesh 482003",23.1577601,79.8908371,Garha,0731 714 3995,,https://www.metropolisindia.com/lab/diagnostic-centre-in-purwa-near-shankar-mandir-jabalpur
6a658016-d127-4c3f-9816-20b0cb4b3809,Paras Pathology Lab,PATHOLOGY_LAB,,Garha Purva Road,"5V5Q+3WG, Garha Purva Road, Jabalpur, Madhya Pradesh 482003",23.1576807,79.8898278,Garha,091095 60024,,
38631d0e-d6ab-4e66-89a6-068e595d53b8,Thyrocare Aarogyam Center,ENT_CLINIC,,Main Road,"Main Road, near Hanuman Mandir, beside Of Gurukripa Tyre, Mohan Vihar Colony, Ambedkar Colony, Jabalpur, Madhya Pradesh 482002",23.1641299,79.9009003,Garha,091110 10585,,
69ca7b0d-66c5-4e2f-b824-50772bf8f033,Shri Ram X-Ray Sonography Center,IMAGING_CENTER,,Nagpur Rd,"4VXM+J3X, Nagpur Rd, Medical Gokulpur, Medical Garha, Jabalpur, Madhya Pradesh 482003",23.1491059,79.8827415,Tilwara,094249 26082,,
08b6bdba-c75d-48af-8c5b-123e9f6a290b,MP MRI medical collage,IMAGING_CENTER,,Doctors Colony,"5V2J+6G2 Netaji Subhash Chandra Bose Medical College, Doctors Colony, Medical College Colony, Jabalpur, Madhya Pradesh 482003",23.1505107,79.8812787,Tilwara,,,
6e1502e0-4696-41dc-a03c-1cb79f1033f4,Metropolis Labs | Blood Test & Diagnostic Centre in Jabalpur,PATHOLOGY_LAB,,Nehru Nagar,"Shop No 28, Nehru Nagar, Nagpur Rd, in front of NSCB Medical college, Doctors Colony, Medical College Colony, Jabalpur, Madhya Pradesh 482003",23.1500695,79.880161,Tilwara,0731 714 3997,,https://www.metropolisindia.com/lab/diagnostic-centre-in-nehru-nagar-infront-of-medical-college-jabalpur
f58b0fbe-9293-4f10-a574-6192c947e4b1,Redcliffe Labs - Collection Center,PATHOLOGY_LAB,,Ram Nagar Road,"H. No. 349/B, Ram Nagar Road, near Rajendra Kirana Store, Rampur, Jabalpur, Madhya Pradesh 482008",23.1330348,79.9236983,Tilwara,079 6914 4470,,https://redcliffelabs.com/centre/redcliffe-labs-collection-center-lab-investigation-collection-center-diagnostic-centre-kamla-nehru-nagar-jabalpur-247523
f47319be-5f4e-4350-8807-4e18aba99986,HealthAssure - Shri Patho And Diagnostic Center - Jabalpur - Top-rated healthcare facility,DIAGNOSTIC_CENTER,,Inn Silver OAK Compound Russel Chowk,"Dr Nelson Clinic Opp Jain Tower Nera Samdanya, Inn Silver OAK Compound Russel Chowk, Nera Samdanya, opp. Jain Tower, Jabalpur, Madhya Pradesh 482002",23.1685786,79.9338798,Tilwara,083197 94258,,https://www.healthassure.in/
a47dc0a7-3e15-44cf-832c-fd21d1ba2aae,Metropolis Labs | Blood Test & Diagnostic Centre in Jabalpur,PATHOLOGY_LAB,,Main Road,"Main Road, Sai Colony, Dhanvantari Nagar, Jabalpur, Madhya Pradesh 482003",23.158383,79.873399,Tilwara,0731 714 3987,,https://www.metropolisindia.com/lab/diagnostic-centre-in-dhanwantri-nagar-null-jabalpur
60deb260-800f-4411-bba5-56fab885d394,DrData - Indian Medical Directory,GENERAL_CLINIC,,Napier Town,"Napier Town, Jabalpur, Madhya Pradesh 482003",23.1616509,79.8994022,Tilwara,088150 50881,,https://www.drdata.in/
b446211d-b3d2-4782-b166-f03936044eff,Samriddhi Pathology,PATHOLOGY_LAB,,Iti Katangi Rd,"Samriddhi Pathology, Iti Katangi Rd, Karmeta, Jabalpur, Madhya Pradesh 482002",23.2017297,79.9053699,Karmeta,097705 43971,,
eb560925-3e8b-44ca-bffc-6350b6b6b8ff,Patel Pathology Collection Center,PATHOLOGY_LAB,,Mother Teresa Nagar,"6W44+JH3, Mother Teresa Nagar, Karmeta, Jabalpur, Madhya Pradesh 482002",23.2065096,79.9064094,Karmeta,,,
bc8fa3a1-f376-48df-9612-327f07236d7e,Mangroove Laboratory,PATHOLOGY_LAB,,Dindayal Chowk,"2, IInd Floor, Balaji Heights, Dindayal Chowk, Jabalpur, Madhya Pradesh 482002",23.194629,79.9130895,Karmeta,098261 54647,,
e61c3c43-01fe-441f-af61-6fd419961288,RKCT LABORATORY PVT. LTD. : Material Testing Laboratory / Area survey in Jabalpur,PATHOLOGY_LAB,,Road,"P 316/3, raigwa, Patan Bypass, Road, in front of green valley school, Karmeta, Jabalpur, Madhya Pradesh 482002",23.1978065,79.8891333,Karmeta,094245 08844,,https://www.facebook.com/RK-Consultancy-Contractor-736183749793905/
f0094bd2-4ffe-4f95-ba55-6333d8ff329a,Redcliffe Labs - Collection Center,PATHOLOGY_LAB,,Patel Nagar,"Ground Floor, near Yadav Dairy, Patel Nagar, Maharajpur, Jabalpur, Suhagi, Madhya Pradesh 482004",23.224874,79.958942,Karmeta,079 6914 4698,,https://redcliffelabs.com/centre/redcliffe-labs-collection-center-rishika-diagnostic-diagnostic-centre-patel-nagar-jabalpur-247653
4628fa92-ab3e-446c-bf02-0dd5d0a3a03d,dixit medicose,PHARMACY,,MR-4 Rd,"6W23+74W, 250, MR-4 Rd, Professor Colony, Karmeta, Jabalpur, Madhya Pradesh 482002",23.1992244,79.9028146,Karmeta,078985 64696,,
2513b570-0fc4-42ae-add5-5902a97b0542,Redcliffe Labs - Collection Center,PATHOLOGY_LAB,,Mandla - Jabalpur Rd,"House No 19 Tilhari, Mandla - Jabalpur Rd, near Jabalpur Sports Club, Jabalpur, Madhya Pradesh 482021",23.1149907,79.9749164,Karmeta,079 6928 5327,,https://redcliffelabs.com/centre/redcliffe-labs-collection-center-riddhi-care-diagnostic-center-diagnostic-centre-tilhari-mandla-road-jabalpur-254989
a2be0be5-e13f-4089-92c2-01d24283ef33,Shree Pathology Lab,PATHOLOGY_LAB,,Main Rd,"5WPG+PP9, Main Rd, Transport Nagar, Damoh, Jabalpur, Madhya Pradesh 482002",23.1867758,79.9268514,Karmeta,076111 58321,,
9721e658-743c-42b1-b678-d937bbaf4dc8,NAGARATNAM MEDICAL,GENERAL_CLINIC,,Karmeta,"near Karmeta, Karmeta, Jabalpur, Madhya Pradesh 482002",23.2044382,79.9036913,Karmeta,087085 59166,,
a4ea3aed-cb6f-4740-bb62-0ebd3438c30c,TRISHA MEDICOSE,PHARMACY,,Patan Rd,"Patan Rd, beside Girls Hostel, Karmeta, Jabalpur, Madhya Pradesh 482002",23.2004289,79.8991177,Karmeta,097554 08956,,
2b1c2b6d-2e9d-4868-9544-dddee4575034,Harsh Medicose,PHARMACY,,Kalanji Road,"Mother Teresa Mod, Kalanji Road, Karmeta, Jabalpur, Madhya Pradesh 482002",23.2051572,79.9044844,Karmeta,099264 08335,,
3236318d-60cc-4b2e-a638-62b43641267a,Dubey Medical Stores,PHARMACY,,Patan Rd,"Parivahan Depo, Tiraha, Patan Rd, near Rajaya, Karmeta, Jabalpur, Madhya Pradesh 482002",23.2003111,79.8987139,Karmeta,099267 15982,,
9d710ed9-ec26-4298-88a3-a38c9ae918f0,Zareena Medical,GENERAL_CLINIC,,Karmeta,"Karmeta, Jabalpur, Madhya Pradesh 482002",23.208085,79.9019444,Karmeta,086884 96091,,
3cbd6f55-2c00-486b-a62b-d190784a13ce,SUBRAMANYAM MEDICAL,GENERAL_CLINIC,,Karmeta,"near Karmeta, Karmeta, Jabalpur, Madhya Pradesh 482002",23.2051668,79.9044295,Karmeta,063772 21037,,
209e0763-55fe-4690-beaa-354e36b9cfda,GENERAL DIAGNOSTIC- PRAJAPATI PATHOLOGY COLLECTION CENTRE,PATHOLOGY_LAB,,Prestige Town,"Prestige Town, South Civil Lines, Jabalpur, Madhya Pradesh 482001",23.1620072,79.9584397,Civil Lines,076930 80021,,https://gdipl.org/
e26a69e9-bc58-406f-8e1c-4c6fb66b661e,Redcliffe Labs - Collection Center,PATHOLOGY_LAB,,Main Road,"Shop No, J1 & J2, Main Road, near Indian Coffee House, Sadar, Cantt, Jabalpur, Madhya Pradesh 482001",23.1551283,79.9490467,Civil Lines,079 6914 4714,,https://redcliffelabs.com/centre/redcliffe-labs-collection-center-vaishali-dental-care-diagnostic-centre-sadar-cantt-jabalpur-294763
cbe2ceec-9e11-4766-b8af-af0cb1e9087f,Pathkind Labs,PATHOLOGY_LAB,,South Civil Lines,"S No.14 Delite Palladium, South Civil Lines, Jabalpur, Madhya Pradesh 482001",23.162833,79.954667,Civil Lines,077770 01951,,https://www.pathkindlabs.com/
b37a38ef-7f27-4fe1-934d-ae3ee62a6395,Srl Diagnostics,DIAGNOSTIC_CENTER,,South Civil Lines,"South Civil Lines, Jabalpur, Madhya Pradesh 482001",23.1630826,79.9457083,Civil Lines,0761 441 2121,,
22c56789-0843-4cda-a23b-85a7ae202007,IDEAL MOLECULAR,GENERAL_CLINIC,,Station Road (Pl. 1,"54, Station Road (Pl. 1, South Civil Lines, Jabalpur, Madhya Pradesh 482001",23.1617163,79.9491497,Civil Lines,079998 28297,,https://idealmolecular.com/index.php
d42bb71b-1129-43ce-8d4b-c6cfbe164f12,Faith Pathology & Diagnostic Center,PATHOLOGY_LAB,,Chowk,"5WGW+RGF, Chowk, Ghamapur, Jabalpur, Madhya Pradesh 482002",23.17707,79.946291,Civil Lines,,,
86b9b5c8-f9a3-483c-a0b0-7638d993a2ee,HealthAssure - Swastik Patho and Diagnostics Center - Top Diagnostic Centre in Town,DIAGNOSTIC_CENTER,,Russel Chowk,"Dr Lal Path Lab, C/o, B51, Russel Chowk, near Income Tax office, opp. Maruti Hotel, Jabalpur, Madhya Pradesh 482002",23.1685786,79.9338798,Civil Lines,093008 20295,,https://www.healthassure.in/
79765b52-b663-45e3-97e4-6785b90cff18,Shri Laxmi Diagnostic Center,DIAGNOSTIC_CENTER,,Karmchand Chowk,"Karmchand Chowk, Naya Mohalla, Jabalpur, Madhya Pradesh 482002",23.1696849,79.934929,Civil Lines,094251 52442,,
dd3c221d-577b-4c32-88fe-bc5fb6ad8c9d,Metropolis Labs | Blood Test & Diagnostic Centre in Jabalpur,PATHOLOGY_LAB,,ayurvedic college road,"Near, ayurvedic college road, Gwarighat, Jabalpur, Madhya Pradesh 482008",23.109695,79.928078,Gwarighat,0731 714 4014,,https://www.metropolisindia.com/lab/diagnostic-centre-in-gwarighat-infront-of-ayuvedic-college-jabalpur
81eb4279-2a3d-42fe-bbdf-68b3f82d86cc,Metropolis Labs | Blood Test & Diagnostic Centre in Jabalpur,PATHOLOGY_LAB,,Gwarighat Main Rd,"Polipathaar, No 2737K Lal Kuaa, Gwarighat Main Rd, near South Avenue Mall, Jabalpur, Madhya Pradesh 482008",23.1232501,79.9277201,Gwarighat,0731 714 3990,,https://www.metropolisindia.com/lab/diagnostic-centre-in-gwarighat-road-near-south-avenue-mall-jabalpur
488935b4-41cd-4a56-834a-33dd04705f70,माँ नर्मदा डिजिटल सेवा केंद्र,GENERAL_CLINIC,,Gwarighat Station Rd,"4W5P+GM4, Gwarighat Station Rd, Gwarighat, Jabalpur, Madhya Pradesh 482008",23.1087663,79.9366945,Gwarighat,093402 08994,,
c0bb2702-ed04-4d20-af1f-dd99ad1d8846,Primary health care center,ENT_CLINIC,,Bhim Nagar,"4WCG+6F8, Bhim Nagar, Polipather, Jabalpur, Madhya Pradesh 482008",23.1205348,79.9262108,Gwarighat,,,
bc5dbe8b-24f2-49d4-b596-3d5eca08620f,Mci colony,GENERAL_CLINIC,,Narmada - Gwarighat Rd,"4WRG+XF8, Narmada - Gwarighat Rd, near GRC gate, MCI Colony, Gupteshwar, Jabalpur, Madhya Pradesh 482001",23.1424177,79.9262077,Gwarighat,,,
13e86aff-08c7-470f-a606-62c6db8787cb,श्री गणेश क्लिनिक,GENERAL_CLINIC,,Lalpur Rd,"4W78+8Q7, Lalpur Rd, Gwarighat, Jabalpur, Madhya Pradesh 482008",23.1132777,79.9169228,Gwarighat,,,
c748c68c-6151-45c6-957e-cb064c984219,Manu Diagnostic Centre,DIAGNOSTIC_CENTER,,Bansal Market,"06,Bansal Market,Chotti Line Crossing, Madhya Pradesh 482001",23.1546308,79.92714,Jabalpur Cantt,,,
a014e160-1223-429e-9a2c-5609841d1aa9,Pathkind Labs,PATHOLOGY_LAB,,Gupteshwar,"1758 Dr Mili Guha Hopsital, Gupteshwar, Jabalpur, Madhya Pradesh 482001",23.147401,79.916831,Shakti Nagar,079873 65026,,https://nearby.pathkindlabs.com/pathkind-labs-gupteshwer-jabalpur-46571/home?utm_source=GBP
46b9b2b9-657f-471b-8ffa-cfe36be1ae3a,Dr Lal PathLabs - Patient Service Centre,PATHOLOGY_LAB,,Chhapar,"No 199, Rampur, Chhapar, Jabalpur, Madhya Pradesh 482008",23.1312616,79.9193243,Shakti Nagar,08071 888 325,,https://labs.lalpathlabs.com/dr-lal-pathlabs-patient-service-centre-diagnostic-centre-rampur-chhapar-jabalpur-507129/Home?utm_source=locator&utm_medium=googleplaces
42515622-aba8-4970-92b3-7c3582f83148,डॉ. नेहा बाथम,GENERAL_CLINIC,,ग्वारीघाट,"ओम मेन्स वियर के सामने, पोलीपथर, ग्वारीघाट, Jabalpur, Madhya Pradesh 482008",23.1186082,79.9256192,Shakti Nagar,,,
8cbb51e0-7b35-4baf-8927-a1214868afef,Dr Lal PathLabs - Patient Service Centre,PATHOLOGY_LAB,,Gora Bazar,"No 51, Gora Bazar, Jabalpur, Madhya Pradesh 482001",23.1465854,79.9588115,South Civil Lines,08071 370 573,,https://labs.lalpathlabs.com/dr-lal-pathlabs-patient-service-centre-diagnostic-centre-gora-bazar-jabalpur-489924/Home?utm_source=locator&utm_medium=googleplaces
48c8b05c-b78e-47fc-ad6f-d06e402f47ef,R S PATHOLOGY DIAGNOSTIC CENTRE,PATHOLOGY_LAB,,Sahu Mohalla,"Sahu Mohalla, 1266, 1266, Garha Fatak Rd, Gupta Colony, Ganjipura, Jabalpur, Madhya Pradesh 482002",23.1723577,79.9306686,Gol Bazar,,,
8acc8e10-e0d3-4a4f-9de7-3c1a4a553ec9,Metropolis Labs | Blood Test & Diagnostic Centre in Mahanadda,PATHOLOGY_LAB,,Bansal Market Chhoti Line,"Shop No 1, Bansal Market Chhoti Line, Mahanadda, Hathital, Jabalpur, Madhya Pradesh 482001",23.1546063,79.9271454,Sadar Bazar,0731 462 0893,,https://www.metropolisindia.com/lab/diagnostic-centre-in-nagpur-road-near-chhoti-line-fatak-jabalpur
a211c975-35b1-413f-9c48-8bab7465cde6,RK X Ray,GENERAL_CLINIC,,Andherdeo,"Shop no 120, anjuman shoping plaza, Andherdeo, M>P>, Awadhpuri, Marhatal, Jabalpur, Madhya Pradesh 482002",23.169381,79.9331348,Sadar Bazar,093027 89333,,https://jabalpurhelpline.com/r-k-digital-x-ray
65cab2b7-05f1-4919-941b-2a7e75bc56ac,Pathkind Labs,PATHOLOGY_LAB,,Labour Chowk,"Shop No 16, Vimal Sheel Heights, Labour Chowk, Nove Adaresh Colony, Nove Adarsh colony, Yadav Colony, Jabalpur, New Adaresh Colony, Madhya Pradesh 482002",23.1675375,79.9122091,Kamla Nehru Nagar,,,https://nearby.pathkindlabs.com/pathkind-labs-yadav-colony-jabalpur-47883/home?utm_source=GBP
879fd800-8ae4-49ef-b95c-80f8ad050302,Dr Lal Pathology,PATHOLOGY_LAB,,Yadav Colony,"Shop No.-1, JDA Building, Meta Petroll Pump, Mehta Petroll Pump, Yadav Colony, Jabalpur, Madhya Pradesh 482002",23.1671803,79.9117552,Kamla Nehru Nagar,091714 67633,,
229880a3-f2a7-4bda-ba81-74e574bb9bc0,"Accura Diagnostics (3D/4D Sonography, Doppler, X-ray & Pathology)",PATHOLOGY_LAB,,Ukhari Chowk,"Panchsheel Society, Plot No. 6, opp. Global Hospital, Ukhari Chowk, Janki Nagar, Jabalpur, New Adaresh Colony, Madhya Pradesh 482002",23.1784151,79.9116619,Kamla Nehru Nagar,097704 35662,,https://www.apnabusinesscard.com/Accura-Diagnostics
9851e3d1-8d8f-444e-be0c-c2fb3dd38d90,Redcliffe Labs - Collection Centre,PATHOLOGY_LAB,,Mandla - Jabalpur Rd,"Bhawan 869/1, Mandla - Jabalpur Rd, near Swami Ayappa School, Bilhari, Jabalpur, Madhya Pradesh 482020",23.13446,79.964203,Cherital,079 6914 4505,,https://redcliffelabs.com/centre/redcliffe-labs-collection-centre-in-madhya-pradesh-jabalpur-bilhari-56984
7f057b54-8188-4e87-ab0b-587f01532109,Pioneer Patholgical Laboratory,PATHOLOGY_LAB,,Main Road,"Main Road, Chowk, Ganjipura, Jabalpur, Madhya Pradesh 482002",23.1737743,79.9317296,Russel Chowk,076124 81333,,
60cbb268-aaba-4a9a-92df-8f6c5b4b6935,"Department Of Laboratory Services, Jabalpur Hospital And Research Center",HOSPITAL,,Russel Chowk,"837, Russel Crossing, Russel Chowk, Napier Town, Jabalpur, Madhya Pradesh 482001",23.1622085,79.9361529,Russel Chowk,0761 402 6000,,http://jabalpurhospital.com/
6de68f65-2f95-4e51-be28-d726ce69c406,Al shaafi pathology,PATHOLOGY_LAB,,Noori Nagar,"Noori Nagar, Narmada Nagar, Jabalpur, Madhya Pradesh 482002",23.1917745,79.9427448,Rani Durgavati,078790 79944,,
9a042b33-e59d-4a77-bec5-56faef195a77,Unipath Specialty Laboratory - Patient Care Center,PATHOLOGY_LAB,,Chowk,"Hind Medical Stores, Chowk, opp. Indian Bank, near Kanchghar, KanchGhar, Jabalpur, Madhya Pradesh 482001",23.1794917,79.9624225,Rani Durgavati,,,
7fd779bf-d2fc-4f32-a852-46519ffe63ba,SRL DIAGNOSTICS,DIAGNOSTIC_CENTER,,Ghamapur,"5XH5+X7C, Ghamapur, Jabalpur, Madhya Pradesh 482001",23.1799295,79.958134,Rani Durgavati,091115 91115,,
badb878b-d6b1-4e12-9f71-0c728fc0cba4,New D. L (Redcliff)pathology,PATHOLOGY_LAB,,Katra road,"5XJP+HHM, Katra road, opp. Gulshan poly clinic, Central Ordinance Depot Area, Jabalpur, Madhya Pradesh 482011",23.181467,79.9864071,Rani Durgavati,,,
e0fbb852-868a-4163-97d2-fb48e064031c,Rakesh Medical Center,ENT_CLINIC,,Chandmari,"Gopal hotel, Chandmari, Jabalpur, Madhya Pradesh 482002",23.1849277,79.9620534,Rani Durgavati,072043 23483,,
6908a8ee-cdbc-471d-bf17-8d4e15858797,Sadguru Digital X-ray,IMAGING_CENTER,,Dhanwantri Nagar Chowk,"5V4F+9HW, Dhanwantri Nagar Chowk, besides Rani awanti bai statue, Madhya Pradesh 482003",23.1559847,79.8739401,Damohnaka,,,
3cff6009-e4fe-4394-9bad-4060f8c4d9f6,JAIRAJ DIAGNOSTICS CT SCAN AND PATHOLOGY CENTRE,PATHOLOGY_LAB,,Dhanvantari Nagar,"5V4G+GW8, Dhanvantari Nagar, Jabalpur, Madhya Pradesh 482003",23.1562929,79.8773429,Damohnaka,,,
6c4a3444-d5b4-4d52-8c9d-4c5a76a333bc,"Dept of Molecular Biology Lab, Metro Hospital & Cancer Research Centre, Jabalpur",HOSPITAL,,Transport Nagar,"5WPH+WC2, near Kchetriya, Damoh Naka, Transport Nagar, Jabalpur, Madhya Pradesh 482002",23.1872616,79.9285239,Damohnaka,0761 406 2000,,http://www.metrohospitaljbp.org/laboratory_services.php
2ae59fc7-157d-4668-9109-91441883027c,Lakshya Diagnostic Centre,DIAGNOSTIC_CENTER,,Main Rd,"Main Rd, beside Kunj Medicose, Bilhari, Jabalpur, Madhya Pradesh 482002",23.1878011,79.9275111,Medical Road,089623 71984,,https://apnabusinesscard.com/Lakshya-Diagnostic-Centre
7d4b8792-6108-4fcc-8976-247611954e2d,A & T DIAGNOSTIC CENTER,DIAGNOSTIC_CENTER,,Ukhri Rd,"5WHF+H23, Ukhri Rd, near ukhari, police chowki, Jabalpur, Madhya Pradesh 482002",23.1788832,79.9225346,Medical Road,,,
5d42e59d-14e2-4066-aabe-b851fe7f784e,Aaradhya Pathology,PATHOLOGY_LAB,,Amkhera Rd,"Basti Number 2, Amkhera Rd, near Shree Sarvjanik Durga Mandir, Gohalpur, Jabalpur, Madhya Pradesh 482002",23.1891836,79.9354697,Medical Road,098931 84764,,
558cdcc2-5d7f-401a-b644-6259a8399036,Dr Lal PathLabs - Patient Service Centre,PATHOLOGY_LAB,,Dhanvantari Nagar,"House No 198, beside Punjab National Bank, Dhanvantari Nagar, Jabalpur, Madhya Pradesh 482003",23.1571622,79.8734093,Shastri Nagar,080 3783 8606,,https://labs.lalpathlabs.com/dr-lal-pathlabs-patient-service-centre-diagnostic-centre-dhanwantari-nagar-jabalpur-435123/Home?utm_source=locator&utm_medium=googleplaces
1c8bbe8b-0d2e-41f8-a48e-f65afebf193d,SRL DIAGNOSTIC,DIAGNOSTIC_CENTER,,SAINI MARKET,"SHOP NO.1, SAINI MARKET, Purwa Rd, near SMART GYM, Dhanvantari Nagar, Jabalpur, Madhya Pradesh 482003",23.1561735,79.8766065,Shastri Nagar,077470 42100,,
66218528-4d0f-4eb4-9999-8276dbf76795,Supreme Path Lab,PATHOLOGY_LAB,,below Housing board office,"Shop no. 15, below Housing board office, Jasuja City, Dhanvantari Nagar, Jabalpur, Andhuwa, Madhya Pradesh 482003",23.1553403,79.8711237,Shastri Nagar,083197 29455,,
bb69f312-bfb5-4b24-a97c-563b222bfd8c,Asha Diagnostic,DIAGNOSTIC_CENTER,,MR-4 Rd,"5WG5+5VH, MR-4 Rd, Shatabdipuram Phase 2, Jabalpur, New Adaresh Colony, Madhya Pradesh 482002",23.1754435,79.9097322,Shastri Nagar,,,
dbec6732-de43-4edf-8093-ad3f319bcf42,Blood Bank & Saket Pathology,PATHOLOGY_LAB,,Malaviya Chowk,"12, Anjuman Shopping Complex, Malaviya Chowk, Ganjipura, Jabalpur, Madhya Pradesh 482002",23.1694879,79.9323029,Shastri Nagar,094251 52756,,
27b8999a-5d41-4070-9a37-73f7a683dd7e,Redcliffe Labs - Collection Centre | Full Body Check Up & Blood Test in Jabalpur,PATHOLOGY_LAB,,Raddi Chowki,"Raddi Chowki, opp. Petrol Pump, near True Care Hospital, Nai Basti, Ansar Nagar, Gohalpur, Jabalpur, Madhya Pradesh 482002",23.19218,79.94011,Hanuman Tal,079 6914 9108,,https://redcliffelabs.com/centre/redcliffe-labs-in-madhya-pradesh-jabalpur-near-true-care-hospital-27806
33a6fd36-2964-4cd3-bafc-f9971fc2cb79,DEEPAK MEDICOSE,PHARMACY,,Station Road,"1435, Station Road, Sanjay Ghandhi Ward, KanchGhar, Jabalpur, Madhya Pradesh 482001",23.1758416,79.9595238,Ghamapur,,,
07767417-bc0f-48aa-b7b5-0df5538a1814,Sai infertility & ivf centre,GYNECOLOGY_CLINIC,,Ghamapur,"5XG5+WWJ, Ghamapur, Jabalpur, Madhya Pradesh 482001",23.1773311,79.9597709,Ghamapur,093009 37109,,
c0c90bf6-61bd-4a1b-87da-22e6e70f1fff,Nirmal Medical Store,PHARMACY,,Ghamapur Rd,"Ghamapur Rd, KanchGhar, Jabalpur, Madhya Pradesh 482001",23.1795014,79.9624444,Ghamapur,099930 00136,,
6a4e9a36-f884-4050-aa6a-ca8c99e39f38,DNA Labs India,PATHOLOGY_LAB,,Station Rd,"A block, Station Rd, Housing Board Colony, KanchGhar, Jabalpur, Madhya Pradesh 482001",23.1759481,79.9595572,Ghamapur,0731 485 3888,,https://dnalabsindia.com/
64f5dfcc-9199-4ba5-b2ca-b14493e2c5b7,Aastha Labs JBP,PATHOLOGY_LAB,,Badi Kher Mai Rd,"Badi Kher Mai Rd, Bhantalaiya, Hanumantal Ward, Jabalpur, Madhya Pradesh 482002",23.1795194,79.9400677,Ghamapur,,,
556b281b-e072-435b-901a-c32f72dcd91e,Kanhaiya Lal Medical Stores,PHARMACY,,5XG3+XF5,"5XG3+XF5, Shitlamai Rod Shitlamai Rod, Madhya Pradesh 482001",23.1773897,79.9537202,Ghamapur,093027 57199,,
8a781ace-2303-4c6e-aaab-dc88fef2ca6c,Chawla Sadan,GENERAL_CLINIC,,Khatik Mohalla,"5WGQ+847, Dist, Khatik Mohalla, Baroda, Jabalpur, Madhya Pradesh 482002",23.1757775,79.9378079,Ghamapur,,,
22f8b489-9237-4ef3-80fb-9cd5a80cf4dc,Dr Lal PathLabs - Patient Service Centre,PATHOLOGY_LAB,,Vegetable Market,"No A/1, Jda Complex, Vegetable Market, Labour Chowk, in front of Mehta Petrol Pump, APR Colony, Katanga, Jabalpur, Madhya Pradesh 482001",23.1491736,79.9381987,Katanga,080 3783 7678,,https://labs.lalpathlabs.com/dr-lal-pathlabs-patient-service-centre-diagnostic-centre-labour-chowk-jabalpur-570318/Home?utm_source=locator&utm_medium=googleplaces
580074d0-aa9a-4f71-89df-bffd8744e2bd,GENERAL DIAGNOSTIC - PATHOLOGY LAB MP,PATHOLOGY_LAB,,Narmada Rd,"Narmada Rd, MCI Colony, Rampur, Jabalpur, CHHAPAR, Madhya Pradesh 482001",23.1460783,79.9290481,Katanga,076930 80021,,https://www.gd-lab.com/
d1ef630d-613c-4850-9e2c-95d28834f9fe,Reliable pathology lab,PATHOLOGY_LAB,,Napier Town,"INFRONT OF, jabalpur hospital, SHOP NUMER 5 RAJUL LANDMARK, Napier Town, Jabalpur, Madhya Pradesh 482001",23.1624798,79.935881,Katanga,075666 12342,,
b50c5c30-45b2-4aa4-adde-24cc2d6b55ae,Lab Investigation (Diagnostic Center),PATHOLOGY_LAB,,Kachpura Maal Godam,"Kachpura Maal Godam, Madhya Pradesh 482002",23.1690319,79.9030924,Sanjeevani Nagar,,,https://lab-investigation-diagnostic-center.ueniweb.com/?utm_campaign=gmb
7a999180-33c4-4690-9bf5-2e630cee3e4f,"Dr Lal Path Labs, Kavita Jain, CC24",PATHOLOGY_LAB,,Sanjeevani Nagar,"5V8X+59V, Sanjeevani Nagar, Jabalpur, Madhya Pradesh 482003",23.1654875,79.8984219,Sanjeevani Nagar,099267 16015,,
d72c83ae-24ae-488a-aaea-3af62fc3d736,Pathkind Labs,PATHOLOGY_LAB,,Mandla - Jabalpur Rd,"Atul Medical, Mandla - Jabalpur Rd, opposite Central Bank, Bilhari, Jabalpur, Madhya Pradesh 482020",23.132272,79.9642582,Tilhari,098269 47897,,https://nearby.pathkindlabs.com/pathkind-labs-bilhari-jabalpur-27784/home?utm_source=GMB
2aba1720-4e5d-4045-bc74-0d379b6c2399,Metropolis labs,PATHOLOGY_LAB,,Mandla - Jabalpur Rd,"Shop no.1, Shubham residency, Mandla - Jabalpur Rd, T C Colony, Tilhari, Jabalpur, Madhya Pradesh 482002",23.1146625,79.9747516,Tilhari,091712 51532,,
0723c2b0-6620-49cf-b39f-6360d8f0af1a,Vatsalya Sonography Centre,IMAGING_CENTER,,Mandla - Jabalpur Rd,"Gaur Tiraha, Mandla - Jabalpur Rd, near Tilhari, Saliwada, Madhya Pradesh 482021",23.1069688,79.9901436,Tilhari,097707 77437,,
578d727a-5a4c-4c4b-b312-26f23856ffe2,Arman medical stores,PHARMACY,,33W3+HXX,"33W3+HXX, Barela, Madhya Pradesh 483001",23.0964828,80.0549949,Barela,,,
f59b5e47-af11-438e-9ed6-788a91726f5f,Grover Pathalogy Laboratory,PATHOLOGY_LAB,,Ganjipura,"43, Opp. Shyam Talkies, Naya Bazaar, Ganjipura, Jabalpur, Madhya Pradesh 482002",23.1695819,79.9321768,Barela,076123 11988,,
34a97138-f674-4cf8-a9d8-93c6b95f01d7,RK Pathology,PATHOLOGY_LAB,,Marhatal,"Marhatal, Jabalpur, Madhya Pradesh 482002",23.1693742,79.9331492,Barela,,,
701a4c5f-554e-4035-81c7-2bfd2b035878,Shubh Pathology & Microbiology Lab,PATHOLOGY_LAB,,Marhatal,"5W9M+JJR, Opp. Samadariya Mall, Civic Center, Marhatal, Jabalpur, Madhya Pradesh 482002",23.1691039,79.9340139,Barela,0761 407 0060,,
f43ada97-6864-4d9d-b0e6-7dc22543b9c3,Medicine Mall,GENERAL_CLINIC,,opposite Anjuman School,"Shop No 1, opposite Anjuman School, Jabalpur, Madhya Pradesh 482002",23.1691732,79.9331301,Barela,,,
4e536368-f7b2-4676-9d55-6c5cdb949319,श्री गुजराती मंडल चैरिटेबल क्लिनिक,GENERAL_CLINIC,,Gurunanak School Rd,"5W9P+F34, Gurunanak School Rd, Patel Mohalla, Naya Mohalla, Jabalpur, Madhya Pradesh 482002",23.1686255,79.9352078,Barela,,,
87b962a1-c3ca-4996-ab51-d5cf52067601,Forever Nexus,GENERAL_CLINIC,,Ganjipura,"3, Ganjipura, Jabalpur, Madhya Pradesh 482002",23.1685241,79.9365838,Barela,078697 05547,,
499850ab-8faa-492d-99c6-e3592c80858d,Nema Pathology Centre,PATHOLOGY_LAB,,Opp Water Tank,"ShriNath Taliya, 29, Anjuman Complex, 1st Floor, Opp Water Tank, Jabalpur, Madhya Pradesh 482002",23.171536,79.9327738,Barela,,,
b207883e-c0b5-4a7a-a769-3c39c8872105,पूर्वी आरोग्य केंद्र,GENERAL_CLINIC,,हाइवे मैन रोड,"चौरई कला डिंडोरी से, कुण्डम तहसील, हाइवे मैन रोड, Jabalpur, Madhya Pradesh 482002",23.1685786,79.9338798,Barela,,,
46dae003-108e-450c-99a6-84e9a114ad6b,"Agilus Diagnostics - Patel Nagar, Jabalpur | Blood Test | Full Body Health Checkup | Pathology Lab",PATHOLOGY_LAB,,Patel Nagar,"near Yadav Dairy, Patel Nagar, Maitri Nagar, Maharajpur, Jabalpur, Madhya Pradesh 482004",23.225363,79.959458,Panagar,08071 963 774,,https://labs.agilusdiagnostics.com/agilus-diagnostics-patel-nagar-jabalpur-blood-testing-service-mahrajpur-jabalpur-493162/Home?utm_source=locator&utm_medium=googleplaces
14cfeb85-4ea1-435f-8b29-d40552fe8a62,Bhedaghat Medical Stores,PHARMACY,,Station Rd,"5R42+WJW, Station Rd, Bhedaghat, Jabalpur, Madhya Pradesh 483053",23.1573719,79.8015735,Bhedaghat,098938 05410,,
0d608aa4-9b76-4c63-af4a-b234f51b4cc3,Dr. Anupam Shrivastava,GENERAL_CLINIC,,MR-4 Rd,"Asha Diagnostics, Shop No. 16, Upper Ground Floor Aadi Plaza, MR-4 Rd, Shatabdipuram Phase 1, Jabalpur, Madhya Pradesh 482002",23.1754969,79.90966,Bhedaghat,087708 89467,,
8edecb9f-39cb-4cfd-8e56-e22a6ca2d8c3,Asha pathology,PATHOLOGY_LAB,,Garha Rd,"H.no 247/A, Garha Rd, near Gupta Sweets, Yadav Colony, Jabalpur, Madhya Pradesh 482002",23.1693882,79.9176799,Bhedaghat,091319 45863,,
dc382a7b-69dc-4f0b-b7e6-ecc7e4006909,HealthAssure - Hope Hospital | Imaging And Diagnostics - CT SCANS | X-Ray | Blood Test | Ultrasound in Jabalpur,HOSPITAL,,Wright Town,"KHANNA BEN CLINIC, Wright Town, near Chanchala Bai School, near Keshav Kutti, Shatabdipuram Phase 2, Jabalpur, Madhya Pradesh 482002",23.1763073,79.9081194,Bhedaghat,098261 66423,,https://www.healthassure.in/
574929b9-4cec-4f17-bdb8-37fa2d7254c8,Dr. Gaurav Shrivastava,GENERAL_CLINIC,,Ukhri Rd,"Phase 1, Global Hospital, Plot No 7, Ukhri Rd, Shatabdipuram Phase 1, New Adaresh Colony, Jabalpur, Madhya Pradesh 482002",23.1781611,79.9119371,Bhedaghat,087705 89280,,http://drgauravshrivastava.in/
ee70c04f-9e97-482e-be78-1871bbd79fd5,MEHMOODI diagnostics,DIAGNOSTIC_CENTER,,Talib shah chowk,"5WRR+7RR Infornt of transformer, Mehmoodi diagnostics, Talib shah chowk, Adhartal, Jabalpur, Madhya Pradesh 482002",23.1906875,79.9420625,Gohalpur,088899 23926,,
ecadd14a-e80f-4543-8db4-04a9908460aa,K.G.N Pathocare Laboratory,PATHOLOGY_LAB,,Gohalpur Rd,"5WQP+896, Gohalpur Rd, Milloniganj, Gohalpur, Jabalpur, Madhya Pradesh 482002",23.188294,79.935885,Gohalpur,097139 70828,,
2c9a998d-426f-485f-874f-96df31ec394f,D. L Pathology,PATHOLOGY_LAB,,Ansar Nagar,"5WQR+J3F, Ansar Nagar, Gohalpur, Jabalpur, Madhya Pradesh 482002",23.1890542,79.9401856,Gohalpur,,,
81343956-fd49-4c10-875b-cac3a80cd6b9,PATHOLOGY LAB TEST KANHAIYA JAISWAL,PATHOLOGY_LAB,,H NO - 2361,"GATE NO 4, TIWARI SADANNEAR, H NO - 2361, Jabalpur, Madhya Pradesh 482002",23.1635678,79.9213915,Wright Town,,,http://www.splabs.in/
ee4854ba-3d52-415f-b8e9-45c98a39117f,Avni Pathology Lab,PATHOLOGY_LAB,,Ukhri Chowk,"Ukhri Chowk, &, MR-4 Rd, Janki Nagar, Jabalpur, Madhya Pradesh 482002",23.1783483,79.9111293,Wright Town,087705 03538,,
78fc589c-939a-418d-997b-17a176b4f54e,PathCare labs Pvt Ltd,PATHOLOGY_LAB,,Madan Mahal Railway Station Rd,"5W7C+9C4, Madan Mahal Railway Station Rd, Wright Town, Jabalpur, Madhya Pradesh 482002",23.1633964,79.9210864,Wright Town,,,
bc5a61c2-e3ca-4a2b-8728-5fe13809a269,Sanskar Pathology,PATHOLOGY_LAB,,Wright Town,"Shop No 05, Wright Town, Jabalpur, Madhya Pradesh 482002",23.1652823,79.926091,Wright Town,079751 89219,,
2f8df670-0510-4953-a09e-a5593c7cab19,Medinova Pathology Centre,PATHOLOGY_LAB,,Home Science College Rd,"1547, Home Science College Rd, Napier Town, Jabalpur, Madhya Pradesh 482002",23.1607631,79.9236991,Wright Town,,,
fbb5f3c8-f89c-4918-bd95-7b4cfb4f050f,Dr Lal Path Labs,PATHOLOGY_LAB,,Suvidha market,"Shop No.12, Suvidha market, Gupteshwar Rd, opposite Coal mines Ground, Shakti Nagar, Jabalpur, Madhya Pradesh 482001",23.1472315,79.9150773,Madan Mahal,084357 79977,,https://www.lalpathlabs.com/
7ac62b4c-d273-403b-bc5e-4eda8908f65d,Dr.lal path labs adhartal,PATHOLOGY_LAB,,Near of rameshwam pailesh dr.lal path dhani ki kutiya road,"Near of rameshwam pailesh dr.lal path dhani ki kutiya road, Adhartal, Jabalpur, Madhya Pradesh 482004",23.2009318,79.9440521,Adhartal,095848 83940,,
9ac5da91-469b-4d7d-b423-26e221b118eb,Pathology lab,PATHOLOGY_LAB,,Adhartal,"6X29+WC2 Vinod Vishwakarma Dewan kirana store, ke pass, New Kanchanpur, Adhartal, Jabalpur, Madhya Pradesh 482004",23.2022523,79.96852,Adhartal,,,
9206adc9-5e26-4236-b6b1-afbc71eefc54,UNITY DIAGNOSTIC 2,DIAGNOSTIC_CENTER,,Jagriti Nagar,"6W5P+9M4, opposite gokuldham gym surahi, Jagriti Nagar, Adhartal, Jabalpur, Madhya Pradesh 482004",23.2083826,79.9367182,Adhartal,,,
c3f54de0-72ca-4d7c-89e8-b2f9e5320b69,Aastha Pathology Centre,PATHOLOGY_LAB,,Vijay Nagar,"5WV8+682, Vijay Nagar, Jabalpur, Madhya Pradesh 482002",23.193002,79.915775,Vijay Nagar,093002 45846,,
3c3251ec-f687-4d62-af5b-c3d751a0692b,Bajaj Pathology,PATHOLOGY_LAB,,Gopal Arcade Gopal Vihar Mahesh Bhavan Rd Cherital,"Shop No: 8 & 10, Gopal Arcade Gopal Vihar Mahesh Bhavan Rd Cherital, Madhya Pradesh 482002",23.1834493,79.9287082,Vijay Nagar,,,
c31a438b-8cc8-489f-b754-2df38e0919b6,Adarsh Pathology,PATHOLOGY_LAB,,main road,"52W2+M8J, main road, Ranjhi, darshana, Jabalpur, Madhya Pradesh 482005",23.1967091,80.0007787,Ranjhi,098930 70961,,
9cc8f062-b5f5-45fd-a6ea-ba48130d03f8,Lal Pathology Collection Center,PATHOLOGY_LAB,,Ranjhi,"Lal Pathology collection centre CC 23 c/o Aastha Physiotherapy Besides English Wine shop opposite sanskar media, bada pather, Ranjhi, Jabalpur, Madhya Pradesh 482005",23.2075199,80.0037731,Ranjhi,,,
6710c675-4672-4a7f-a9b1-c0b77651786a,"हेल्थ केयर पैथोलॉजी लैब +थायरोकेयर+मेट्रोपोलिस ,ऑथराइज्ड सर्विस सेंटर",GENERAL_CLINIC,,near chungi chowki,"durga mata mandir, near chungi chowki, Lalmati, Jabalpur, Madhya Pradesh 482011",23.1800984,79.9631402,Ranjhi,089822 87042,,
7fc20840-3364-4bd9-8b06-638808386848,Life Care Pathology,PATHOLOGY_LAB,,Vegetable Market,"Shop No 11/A-8, Vegetable Market, near Mehta Petrol Pump, Labour Chowk, Jabalpur, Madhya Pradesh 482002",23.166517,79.91135,Ranjhi,0761 408 2399,,
499fe8ad-829b-4958-bdff-1442248c049e,Samagra Path Labs,PATHOLOGY_LAB,,Tilwara Rd,"no.53, Medical College Gate, Tilwara Rd, opposite Indian coffee House, Madhya Pradesh 482003",23.1479156,79.881934,Garha,093011 02127,,
2c221b8a-7d4c-467f-a639-153a8a7b0b0d,life care services pathology,PATHOLOGY_LAB,,Garha Fatak Rd,"932, Garha Fatak Rd, near lal school, Sushi Mandi, Jabalpur, Madhya Pradesh 482002",23.1738334,79.9273501,Garha,,,
0fedd520-f3bb-488a-8786-e2107e895a03,CARE PATH LAB,PATHOLOGY_LAB,,Doctors Colony,"Doctors Colony, Medical College Colony, Jabalpur, Madhya Pradesh 482003",23.1487719,79.8822992,Garha,,,https://carepathlab.com/
ef15aa28-a98c-48b8-a745-dd56841a7d9e,Avani Diagnostic Redcliffe Lab,PATHOLOGY_LAB,,Doctors Colony,"Shop no. 40, in front of nscb, Doctors Colony, Medical College Colony, Jabalpur, Madhya Pradesh 482003",23.151818,79.884556,Tilwara,,,
931d2c2a-ff5e-4eda-94a4-fb2e88c3464e,Maa Narmada Hi Tech Path Lab,PATHOLOGY_LAB,,Nagrpur Road,"Shop No. 6, Glf Bhasin Acropolis, Near Gulati Petrol Pump, Madan Mahal, Nagrpur Road, Jabalpur, Madhya Pradesh 482002",23.1543959,79.9129409,Tilwara,0761 403 3166,,
283fdfae-00f4-4752-8386-842b886a97d2,Dr Lal path Lab katangi road Jabalpur MP,PATHOLOGY_LAB,,Katangi Rd,"6W62+FCF, Katangi Rd, Karmeta, Jabalpur, Madhya Pradesh 482002",23.2111957,79.9010482,Karmeta,,,
18244ae3-6dc4-465f-b4de-6c019b9c5aff,Muskan Pathology,PATHOLOGY_LAB,,Katangi Rd,"3120, Katangi Rd, Beside Nidan Hospital, Dixit Colony, Karmeta, Jabalpur, Madhya Pradesh 482002",23.2028411,79.9051268,Karmeta,070671 96247,,
4e2d9484-14c8-41b9-9f83-0be256eef886,Star pathology,PATHOLOGY_LAB,,House number 674 ward number 59,"House number 674 ward number 59, shahid ashfaqulla khan ward, Gohalpur, Jabalpur, Madhya Pradesh 482002",23.1858192,79.9389214,Karmeta,,,
33299b99-ba87-4ed0-9d12-e82484c78da4,Shivam Pathology Lab,PATHOLOGY_LAB,,Sarvodaya Nagar,"32, Baldeobagh, Sarvodaya Nagar, Jabalpur, Madhya Pradesh 482002",23.1776041,79.9254567,Karmeta,090983 95454,,
da676be1-0c21-42fa-ab9c-ed082ce910ae,Pipersaniya pathology lab,PATHOLOGY_LAB,,कोतवाली बाज़ार,"राजा रसगुल्ला, पिपरसानिया हैल्थ केयर तमरहाई चौक, कोतवाली बाज़ार, Jabalpur, Madhya Pradesh 482002",23.181304,79.9333034,Karmeta,098261 51550,,
f87ddae7-0c3d-44a1-b8ee-3fe47e281735,Agrawal Color Lab,PATHOLOGY_LAB,,Napier Town,"5W7P+8J7, Jabalpur Hospital to Shastri Bridge, Napier Town, Jabalpur, Madhya Pradesh 482001",23.1632989,79.9365585,Russel Chowk,093004 43022,,
b55f7194-2987-4b99-8063-40fc49836953,Health Solutions,GENERAL_CLINIC,,Hanumantal Ward,"G-15, SAMDARIYA ADAB COMPLEX, near HITKARINI COLLEGE, Hanumantal Ward, Jabalpur, Madhya Pradesh 482002",23.1774529,79.9342194,Rani Durgavati,0761 350 1454,,
c873f119-c269-4d6b-83cf-878f8ae6f5ac,Google Maps can't reach the internet,GENERAL_CLINIC,,Unknown,,,,Damohnaka,,,
442897cc-c244-41e9-8daa-edb110626247,Krishna Medical Store,PHARMACY,,Garha Fatak Rd,"665, Garha Fatak Rd, near National Hospital, Gupta Colony, Jabalpur, Madhya Pradesh 482002",23.1706805,79.9282991,Gol Bazar,062069 81504,,
87095f75-9ca5-4d6f-ae5f-a4c834ca625c,davaindia GENERIC PHARMACY,PHARMACY,,Shop No 5 DN Jain Market,"Shop No 5 DN Jain Market, Gole Bazar, Jabalpur, Madhya Pradesh 482002",23.169444,79.930357,Gol Bazar,094250 22806,,http://golebazar.davaindia.com/
e0c2c6ca-f04c-448b-945e-64f572892483,Med Care Pharmacy,PHARMACY,,Kachhiyana Road,"326, Alka Building, Kachhiyana Road, Gole Bazar, Jabalpur, Madhya Pradesh 482002",23.1713157,79.9283048,Gol Bazar,097132 33077,,
475b7d54-3178-4c05-bfd8-9a775d51fd87,Shivam Medicose,PHARMACY,,hospital road,"infront D N Jain college, 821/4, hospital road, golbazar, Jamdaar, Wright Town, Jabalpur, Madhya Pradesh 482002",23.1694101,79.9294462,Gol Bazar,075667 88999,,
95665c06-27bc-4f16-9ccc-f461397d3616,Rakesh Medical Stores,PHARMACY,,opposite Victoria Hospital Road,"15, Hitkarini Shopping Center, 1, opposite Victoria Hospital Road, Ganjipura, Jabalpur, Madhya Pradesh 482002",23.1713146,79.9364974,Gol Bazar,094258 60777,,
9e2bd583-3ea7-4cea-b4cc-c4627e4dc7b5,Subhash Medical Store,PHARMACY,,Nagar Nigam Market,"5WHG 577, Nagar Nigam Market, Baldey Bag, Gupta Colony, Jabalpur, Madhya Pradesh 482002",23.177913,79.925662,Gol Bazar,085178 01536,,
9495579d-73c2-47eb-9711-defeefb18985,Mahaveer Medico,GENERAL_CLINIC,,D.N. Jain Market,"5, D.N. Jain Market, Gole Bazar, Jabalpur, Madhya Pradesh 482002",23.1694321,79.9303292,Gol Bazar,094250 22806,,
b571026e-b086-454e-be15-e3c1c3cbada3,Krishna Medical Store,PHARMACY,,Adhartal,"6X3C+45J, Adhartal, Jabalpur, Madhya Pradesh 482004",23.2028419,79.9703775,Gol Bazar,,,
4b5528b4-d01a-4ad2-9769-a7f34ae79367,DISCOUNT MEDICAL STORE,PHARMACY,,Shakti Bhawan Marg National Colony,"14, Shakti Bhawan Marg National Colony, Jabalpur, Madhya Pradesh 482008",23.1423259,79.9200413,Gol Bazar,088785 32726,,
9de01243-bf8c-4255-9868-b47664b51e61,Jai Medical store,PHARMACY,,Malaviya Chowk,"Shop no, 2, Malaviya Chowk, near Shyam Arcade, Wright Town, Jabalpur, Madhya Pradesh 482002",23.16948,79.931713,Gol Bazar,098266 32772,,
a71bd989-1898-41c2-9dfc-0fc2b6dff997,Shree Adinath Medical Store,PHARMACY,,Dn Jain Market,"Shop No 8, Dn Jain Market, Shree New Adinath Stores, Gol Bazar Rd, Jabalpur, Madhya Pradesh 482002",23.1696855,79.9297844,Gol Bazar,089898 92939,,
6fb99381-4219-466c-8ac8-a3f22da436a2,Jai Medical Stores,PHARMACY,,Main Road,"Near Ranjhi Petrol Pump, Main Road, Ranjhi Bazar, Jabalpur, Madhya Pradesh 482005",23.1962204,79.9989468,Gol Bazar,,,
e84f56ef-46fa-4742-8b0f-0de01595e0e9,K.MEDICO DISTRIBUTOR,GENERAL_CLINIC,,Gol Bazar Rd,"5W9J+PH3, Gol Bazar Rd, Wright Town, Jabalpur, Madhya Pradesh 482002",23.1692647,79.9314089,Gol Bazar,,,
9990d7de-ce43-48a5-b213-e92b3b43f122,Medineed Next,GENERAL_CLINIC,,MR-4 Rd,"MR-4 Rd, near SBI, next to Shri Sai Hospital, Vijay Nagar, Jabalpur, Raksha, Madhya Pradesh 482002",23.1907632,79.9134917,Gol Bazar,062693 32222,,
e503aa67-533a-42b5-a9f7-66236713d3f5,New Radhika Book Palace - Malviya Chowk,GENERAL_CLINIC,,D.N. Jain Market,"Shop No. 3, D.N. Jain Market, near Malaviya Chowk, Wright Town, Jabalpur, Madhya Pradesh 482002",23.1693772,79.9303088,Gol Bazar,0761 408 3315,,https://linktr.ee/newradhikabookpalace?utm_source=linktree_profile_share
c419e278-a6d1-4956-9249-1f2391d6b143,Shah Medico,GENERAL_CLINIC,,Nagpur Rd,"5W49+PPX, No 421, Nagpur Rd, Madan Mahal, Jabalpur, Madhya Pradesh 482001",23.1568517,79.9193663,Gol Bazar,098930 00816,,
7468f2a6-cd6e-4d75-a903-4d3f36345f71,Vinay Pustak Sadan,GENERAL_CLINIC,,Shri Nath Ki Talleyya Rd,"Shri Nath Ki Talleyya Rd, Gole Bazar, Wright Town, Jabalpur, Madhya Pradesh 482002",23.170975,79.9313525,Gol Bazar,089623 62667,,
0c9bd821-f994-4355-8d71-0514f79f6227,Krishna medical ukhri road Vijay nagar jabalpur,GENERAL_CLINIC,,Ukhri Rd,"Muktidham ke samne Krishna medical, Ukhri Rd, Vijay Nagar, Jabalpur, New Adaresh Colony, Madhya Pradesh 482002",23.178531,79.9123042,Gol Bazar,,,
6fcd48de-7539-44d7-86ea-eace4541a448,Sadguru Janarogyam Generic Medical Store,PHARMACY,,Sharda Apartment,"Shop No 390/1, Sharda Apartment, Gupteshwar Rd, Premnagar, Madan Mahal, Jabalpur, Madhya Pradesh 482001",23.1532673,79.9180477,Gol Bazar,099816 66733,,
fb5f7438-6beb-4334-9d0f-e9387c066b41,3S SERVICES,GENERAL_CLINIC,,Napier Town,"Napier Town, Jabalpur, Madhya Pradesh 482002",23.1632473,79.9324795,Gol Bazar,098936 70494,,
6887ab2c-4348-4266-9bdd-608fe055c535,Discount Medicose,PHARMACY,,Gorakhpur Main Rd,"5W2P+J53, Gorakhpur Main Rd, opposite to Shree Shivam, Gorakhpur, Jabalpur, Madhya Pradesh 482001",23.1515127,79.9354147,Gol Bazar,093012 55521,,
59a11723-141d-40d4-89ba-02a411b62ea8,Chetak Medical Store,PHARMACY,,Ranital Chowk,"Ranital Chowk, Gol Bazar Rd, Yadav Colony, Jabalpur, Madhya Pradesh 482002",23.1705664,79.9244247,Gol Bazar,,,
f80db1f2-54f6-40b8-be32-5bdf77e6b39d,Dr.H.S. Patel,GENERAL_CLINIC,,Gole Bazar,"5WCH+399, Gole Bazar, Wright Town, Jabalpur, Madhya Pradesh 482002",23.1701662,79.9284732,Gol Bazar,,,
96a6a49a-a150-4a2e-be34-45cbabcf2e7c,Tiwari Medical Stores,PHARMACY,,Sadar Bazar,"Gali No. 2/16, behind Kali Mandir, Sadar Bazar, Sadar, Jabalpur, Madhya Pradesh 482001",23.153422,79.9455664,Sadar Bazar,070495 21973,,
69efbc1a-994b-4c49-b4c1-1c90c38a3fc7,R.K.Medicose,PHARMACY,,Sadar Main Rd,"5W3X+M88, Sadar Main Rd, Sadar, Jabalpur, Madhya Pradesh 482001",23.1541574,79.9483211,Sadar Bazar,098263 23206,,
4ab7c117-38b8-46b2-8c56-ced35fb5cdd3,Discount medicine,GENERAL_CLINIC,,Sadar Main Rd,"Kings way, Sadar Main Rd, Transport Nagar, Jabalpur, Madhya Pradesh 482001",23.1539952,79.9444629,Sadar Bazar,098272 77844,,
e558c94d-96c6-4067-b147-e71d831de9ad,Mayank Medicose,PHARMACY,,Kings Way Garden,"Kings Way Garden, road, Sadar, Jabalpur, Madhya Pradesh 482001",23.1544341,79.9484937,Sadar Bazar,076126 76777,,
38e40d54-cf6b-49ea-b4b3-4dbc0312d965,Geeta Medicos,PHARMACY,,Mata Ward,"Gali, Street Number 10, Mata Ward, Sadar, Jabalpur, Madhya Pradesh 482001",23.152795,79.9463081,Sadar Bazar,093297 74893,,
c5188247-5de5-49b8-a841-6146ac658ac7,Jabalpur Janarogyam Generic Medical Store,PHARMACY,,Nagpur Rd,"5W33+RJC, Nagpur Rd, Gurudev Colony, Jabalpur, Madhya Pradesh 482003",23.1544224,79.9039102,Sadar Bazar,088151 04869,,https://jabalpur-janarogyam-madhya-pradesh-482003.grexa.site/
8f317d0d-c838-4a28-afb2-c1280e4aa368,Jai Medical Hall,GENERAL_CLINIC,,Sadar Bazar,"5W3V+HX6, Sadar Bazar, Sadar, Jabalpur, Madhya Pradesh 482001",23.1539054,79.9448874,Sadar Bazar,098261 91010,,
4a4478a9-6e8a-46e0-8cf6-a6ddeaf474ac,Best price pharmacy - Best Medical Store For Home Delivery | Discounted Medicines Shop in Jabalpur,PHARMACY,,SHOP NO 5-7 KRATI COMPLEX MEDICINE COMPLEX NEAR SHASTRI BRIDGE MEDICINE COMPLEX,"SHOP NO 5-7 KRATI COMPLEX MEDICINE COMPLEX NEAR SHASTRI BRIDGE MEDICINE COMPLEX, Jabalpur, Madhya Pradesh 482002",23.1891691,79.9264613,Sadar Bazar,091317 98862,,http://bestpricepharmacybranch.com/
b71c37fa-e007-47fb-8981-3cafbffe69bc,R.A. MEDICAL,GENERAL_CLINIC,,new market,"shop no 1, new market, chandani chowk hanumantal, Jabalpur, Madhya Pradesh 482001",23.1516072,79.944431,Sadar Bazar,093400 96405,,
34652873-c9c7-4d60-bcfe-f4e74e29febf,Jabalpur Medicose,PHARMACY,,Ansar Nagar,"Mominpura talaiya, Nai Basti, Ansar Nagar, Gohalpur, Jabalpur, Vehicle Fac. Jabalpur, Madhya Pradesh 482002",23.1890357,79.9370685,Sadar Bazar,078288 99992,,
a7f6aa4d-0a6d-4ca4-a59c-aa49815a778a,Santosh Medical Stores,PHARMACY,,Mastana Chowk Rd,"Mastana Chowk Rd, Raksha Karmachari Colony, Jabalpur, Madhya Pradesh 482005",23.2022524,80.001155,Sadar Bazar,,,
bacf24bb-934a-4964-8208-437a0de589c8,MEDINEED NEXT -Pharmacy |Chemist Shop |Medicines Home Delivery in Jabalpur,PHARMACY,,MR-4 Rd,"MR-4 Rd, near SBI, next to Shri Sai Hospital, Vijay Nagar, Raksha, Jabalpur, Madhya Pradesh 482002",23.1907625,79.9134921,Sadar Bazar,076869 62222,,http://www.medineed.in/
5e024cc1-bb51-43c3-833f-9b33db7276bb,JABALPUR MEDICAL STORE,PHARMACY,,P N B Colony,"Damoh Naka, P N B Colony, Jabalpur, Madhya Pradesh 482002",23.1850529,79.9286365,Sadar Bazar,097523 60084,,
84d0c5a1-a5cb-42c7-b34c-879cdc56da45,Raghav Medical,GENERAL_CLINIC,,Nove Adaresh Colony,"Nove Adaresh Colony, Yadav Colony, Jabalpur, New Adaresh Colony, Madhya Pradesh 482002",23.1678656,79.9144027,Sadar Bazar,089537 20606,,
380354d3-4411-482c-8bfa-3bdb158777e2,Sahu Medical Store,PHARMACY,,Chandmari,"5XP7+W9V, Chandmari, Jabalpur, Madhya Pradesh 482002",23.1873747,79.9634218,Sadar Bazar,093004 81069,,
8a1fb970-7d7a-4a23-a601-bf091668614e,JABALPUR PHARMACY,PHARMACY,,Azad nagar mohariya,"Hussainiya Masjid, Azad nagar mohariya, Raza chok road, Adhartal, Jabalpur, Madhya Pradesh 482002",23.1922738,79.9526955,Sadar Bazar,077488 48888,,
f7d38c1b-90aa-4678-9f73-745615f735df,KRISHNA MEDICAL STORES,PHARMACY,,Ahinsa Chowk,"INFRONT OF SHALBY HOSPITAL, Ahinsa Chowk, Vijay Nagar, Jabalpur, Raksha, Madhya Pradesh 482002",23.1854043,79.9093714,Sadar Bazar,,,
6c0d0db5-7848-4b5c-9ec3-9ccc3e3e7e75,Shri Krishna Medical,GENERAL_CLINIC,,Dr Bhatnagar wali gali,"Industrial Training Institute, Dr Bhatnagar wali gali , Akash Vihar, Chungi naka, Jabalpur, Madhya Pradesh 482002",23.1954685,79.906294,Sadar Bazar,093400 33266,,
f1d89c3f-ecf2-4740-8ed3-30b4062c8e48,Krishna Medical Store,PHARMACY,,1637 Mastana Chowk Rd Bengali Colony Bengali Colony Jabalpur Madhya Pradesh 482011,"Shop No 2889, 1637 Mastana Chowk Rd Bengali Colony Bengali Colony Jabalpur Madhya Pradesh 482011, 14, Ranjhi, Janki Nagar, Jabalpur, Madhya Pradesh 482005",23.20217,80.001525,Sadar Bazar,0761 408 2633,,
2484d048-87c2-46d7-961f-0a84baff26b4,Mani Medical hall,GENERAL_CLINIC,,nagar,"Naudra Bridge, nagar, nigam road, Marhatal, Jabalpur, Madhya Pradesh 482002",23.165985,79.935564,Sadar Bazar,094251 57862,,
265a6158-3e5f-478c-8ec4-e77abab5cf63,Maruti Medical Stores,PHARMACY,,Sadar Bazar,"Gali No. 7, Sadar Bazar, Jabalpur, Madhya Pradesh 482001",23.1540069,79.9468139,Sadar Bazar,088893 18843,,
312a99f6-2a21-464b-879c-1e741cf03987,New Pathak Medical Stores,PHARMACY,,Patel Market,"5WWP+H4X, Patel Market, Amkhera Road, Jabalpur, Madhya Pradesh 482002",23.1964952,79.9353463,Sadar Bazar,098266 36156,,
0d4690df-8970-4cd7-9469-50567b0db1d6,Hind Medical Store,PHARMACY,,Kanchghar,"Kanchghar, opposite Allahabad Bank, Madhya Pradesh 482001",23.1796915,79.9623295,Sadar Bazar,076126 21728,,
166329f0-872e-4b02-bc57-cc0d793116d2,K.K medical and general stores,GENERAL_CLINIC,,near Dr.assem bajpai,"2297, near Dr.assem bajpai, Jabalpur, Madhya Pradesh 482002",23.1629558,79.9233263,Sadar Bazar,080859 73504,,
2beb112b-a257-4d3a-a676-2726a9646493,National Medical Hall,GENERAL_CLINIC,,Sadar Main Rd,"5W3V+PMC, Sadar Main Rd, Malhotra Compound, South Civil Lines, Jabalpur, Madhya Pradesh 482001",23.1543051,79.944134,Sadar Bazar,076126 21266,,
8e6e792f-0c25-4874-9236-687467bc2da2,Ravi Medicose रवि मेडिकोज,PHARMACY,,Medical-Market,"Medical, Inner-Lane, opposite Medical College, Medical-Market, Nehru Nagar, Medical Garha, Jabalpur, Madhya Pradesh 482003",23.1486387,79.8824697,Sadar Bazar,,,https://www.vitalhlt.com/
aac883ef-e7ec-4da6-b6ed-488c4107cc03,Sudha medical store,PHARMACY,,corporation market,"Shop no 9,corporation market, damoh naka, jabalpur, Jabalpur, Madhya Pradesh 482002",23.1851101,79.9301731,Sadar Bazar,099264 44349,,
118f2f95-1e50-465c-8850-6e44f61a27ed,Prabha Medical Stores,PHARMACY,,Ratan Nagar Road,"4WX6+MX2, Ratan Nagar Road, Jabalpur, Madhya Pradesh 482001",23.1491256,79.9123805,Sadar Bazar,097552 73138,,
9561f843-47c4-40c9-a355-3f59dbd89270,Shree Mahaveer Medical Stores,PHARMACY,,Vijay Nagar,"Shop No.1, Vijay Nagar, Jabalpur, Raksha, Madhya Pradesh 482002",23.1858753,79.9084629,Sadar Bazar,079744 48241,,
4699517d-3be2-4393-a8e3-8bdecc17ed54,Satish Medical Stores,PHARMACY,,Gorakhpur Main Road,"5W3H+CV5, Gorakhpur Main Road, Jabalpur, Madhya Pradesh 482001",23.1535013,79.9297364,Sadar Bazar,0761 403 7227,,
395c68ae-e215-4316-9437-e9d512b034da,Medical Store,PHARMACY,,Ward L,"Ward L, I.C, 2244, Sharda Chowk, Nagpur Rd, Madan Mahal, Jabalpur, Madhya Pradesh 482001",23.1528555,79.9086553,Sadar Bazar,,,
6e56f71b-3755-4e01-a8fb-be908507241b,Kunj Medicose Medicine Store,PHARMACY,,Mandla - Jabalpur Rd,"4XM7+2PR, New, Mandla - Jabalpur Rd, opposite Central Bank, Bilhari, Jabalpur, Madhya Pradesh 482020",23.1326669,79.9642521,Sadar Bazar,,,
7f3ce209-4863-486b-9e0b-26aba7a6c861,Ashok medical,GENERAL_CLINIC,,Kotwali bazar,"Kotwali bazar, Uprainganj, Jabalpur, Madhya Pradesh 482002",23.180117,79.9341574,Sadar Bazar,0761 400 6209,,
54c325de-8392-498a-9f32-d340b2b829d8,DM Medical Store,PHARMACY,,Chowk,"Shop No. 7, JDA Complex, Chowk, Premnagar, Madan Mahal, Jabalpur, Madhya Pradesh 482001",23.1564427,79.9195652,Sadar Bazar,0761 408 1334,,http://business.google.com/website/dm-medical-store
be1ad25e-630d-4253-bc68-dfb94bb7a138,davaindia GENERIC PHARMACY,PHARMACY,,Abdul Hamid Ward Nagar Nigam Market,"Shop No 1258, Abdul Hamid Ward Nagar Nigam Market, Birsa Munda Chowk, near JP Printer, Mansarovar Colony, Adhartal, Jabalpur, Madhya Pradesh 482004",23.2003106,79.9498832,Sadar Bazar,070003 51164,,http://adhartal.davaindia.com/
e1f2c78e-a060-427a-8c2c-790825317d21,RAJESH PHARMA,GENERAL_CLINIC,,Dawa Bazar Civic Centre,"AB, First Floor, Shop No.33, 34, 35, 35A, Dawa Bazar Civic Centre, Awadhpuri, Marhatal, Jabalpur, Madhya Pradesh 482002",23.1669745,79.9339477,Sadar Bazar,0761 400 4783,,
f81ee41d-7b62-46f0-9ba1-3a5e630952ec,Hakimi Medical Store,PHARMACY,,Kotwali bazar,"Kotwali bazar, Madhya Pradesh 482002",23.1797425,79.9339808,Sadar Bazar,,,
7fc7cb8d-56d9-4156-a7fd-2745d9a61671,Paplu Medico,GENERAL_CLINIC,,Kamla Nehru Nagar,"SHP.NO.S-3/2,SNEH KUNJ BUILDING,Kamla Nehru Nagar, LABOUR CHOWK, Yadav Colony, Jabalpur, Madhya Pradesh 482002",23.1673091,79.9121816,Kamla Nehru Nagar,094253 25101,,
30b15970-6509-4ce2-837c-18bce385d76d,Radhe medical stores,PHARMACY,,Patel market,"Patel market, 1617/3, near Khan beuro office, Labour Chowk, Yadav Colony, Jabalpur, New Adaresh Colony, Madhya Pradesh 482002",23.1713754,79.9120272,Kamla Nehru Nagar,091747 11566,,
e0bed447-404b-45fa-b461-5a5c6e5d8f45,Peer Medical,GENERAL_CLINIC,,Labour Chowk,"Labour Chowk, Yadav Colony, New Adaresh Colony, Jabalpur, Madhya Pradesh 482002",23.1688329,79.9119417,Kamla Nehru Nagar,094509 74885,,
735b3d7c-99fa-4b35-85b1-656447cea540,Cash And Less Medicose,PHARMACY,,Labour Chowk,"02, Labour Chowk, Nove Adaresh Colony, Yadav Colony, New Adaresh Colony, Madhya Pradesh 482002",23.1676753,79.9127723,Kamla Nehru Nagar,062677 17103,,
a673ffc5-beaa-4b3c-9ec7-7156b8c5a170,Rajani medicose,PHARMACY,,Labour Chowk,"Labour Chowk, Nove Adaresh Colony, Yadav Colony, Jabalpur, New Adaresh Colony, Madhya Pradesh 482002",23.1674358,79.9125433,Kamla Nehru Nagar,085239 35608,,
f12eb029-8652-47d9-833d-27e38cba51e8,Noble Medicose,PHARMACY,,Chowk,"Chowk, Garha Rd, Yadav Colony, Jabalpur, Madhya Pradesh 482002",23.165904,79.90935,Kamla Nehru Nagar,,,
8fbe77d2-1b41-46f2-bad6-007bbfd679b8,Farida Medical,GENERAL_CLINIC,,Labour Chowk,"behind Mehta Petrol Pump, Labour Chowk, Nove Adaresh Colony, Yadav Colony, New Adaresh Colony, Jabalpur, Madhya Pradesh 482002",23.1686424,79.9123356,Kamla Nehru Nagar,093604 79513,,
7d6f5735-9dc4-458d-8845-45630bd70b53,Shri Ram Medical Store,PHARMACY,,Garha Rd,"JDA Block A-9, Garha Rd, near Mehta Petrol Pump, Labour Chowk, Jabalpur, Madhya Pradesh 482002",23.1665599,79.9113014,Kamla Nehru Nagar,097132 62375,,
772b6e44-5d0b-4fb8-bb2f-fbc760b98e33,Vimlesh Medicose,PHARMACY,,Jai Nagar,"Jai Nagar, Nove Adaresh Colony, Yadav Colony, Jabalpur, New Adaresh Colony, Madhya Pradesh 482002",23.1687408,79.9137411,Kamla Nehru Nagar,070349 48568,,
f75d1d85-1a0e-4e9b-ad8f-1a2501682552,Mansi Medicose,PHARMACY,,Labour Chowk,"20, Labour Chowk, Nove Adaresh Colony, Yadav Colony, Jabalpur, New Adaresh Colony, Madhya Pradesh 482002",23.167699,79.9124314,Kamla Nehru Nagar,,,
15ada6f7-2180-490e-9317-2252819406e3,OM MEDICOSE,PHARMACY,,Labour Chowk,"near metha petrol pump, Labour Chowk, Yadav Colony, Jabalpur, New Adaresh Colony, Madhya Pradesh 482002",23.1673184,79.9113614,Kamla Nehru Nagar,089895 65564,,
6ffc0e41-74c9-4344-b20b-9d6755edd17f,Kavita Medicose,PHARMACY,,Labour Chowk,"38, Labour Chowk, Nove Adaresh Colony, Yadav Colony, Jabalpur, New Adaresh Colony, Madhya Pradesh 482002",23.1677358,79.9124142,Kamla Nehru Nagar,078894 01678,,
409fe232-4dfb-41ca-a358-c581b6ceaccb,Somnath Medical,GENERAL_CLINIC,,Ganga Nagar,"D P Complex, Ganga Nagar, Jabalpur, Madhya Pradesh 482003",23.1599739,79.8874578,Kamla Nehru Nagar,,,
48bc8d0a-7a4d-4d8a-bf73-7642d738469a,D Gupta Medicose,PHARMACY,,Captainganj,"Shastri Bridge, Captainganj, Napier Town, Jabalpur, Madhya Pradesh 482001",23.1597171,79.929828,Kamla Nehru Nagar,094246 04155,,
ff7d2ef5-c92f-4c59-9b70-d14eef53ec56,Koty Medical Stores,PHARMACY,,Chhoti Omti,"Chhoti Omti, Jabalpur, Madhya Pradesh 482002",23.1735192,79.9422476,Kamla Nehru Nagar,079870 44189,,
83920717-c5fd-448e-be8d-3e8cf999777b,Sheela Medical Stores,PHARMACY,,Napier Town,"Shop No 29, Medicine Complex, Napier Town, Jabalpur, Madhya Pradesh 482001",23.161314,79.93117,Kamla Nehru Nagar,093025 01473,,
862dee31-7304-45ca-88ad-c485d4b75ce8,Kudrat Medical Store,PHARMACY,,Omti Road,"Omti Road, Naya Mohalla, Jabalpur, Madhya Pradesh 482002",23.1695481,79.9377459,Kamla Nehru Nagar,094258 62853,,
a8566ef2-c07f-4737-9b00-57ac29f3a8be,Sagar Pharmacy,PHARMACY,,Madan Mahal Railway Station Rd,"Gate no.4, Fly over piller, Shakti Apartment, 130, Madan Mahal Railway Station Rd, Wright Town, Jabalpur, Madhya Pradesh 482001",23.1645325,79.9216637,Kamla Nehru Nagar,087704 97417,,https://sagar-pharmacy.github.io/
5eaf03e5-6352-4025-af44-729c49cec9c7,davaindia GENERIC PHARMACY,PHARMACY,,Chowk,"No 421, Raunak complex, Chowk, Madan Mahal, Jabalpur, Madhya Pradesh 482001",23.156906,79.919378,Kamla Nehru Nagar,098930 00816,,http://madanmahal.davaindia.com/
26aedc67-f012-4564-a450-2665ee8ce2a6,Dharam Medical And General,GENERAL_CLINIC,,Civic Center,"5W9M+FVF, JDA Complex, Civic Center, Jabalpur, Madhya Pradesh 482002",23.168691,79.9346839,Kamla Nehru Nagar,0761 407 0964,,
6617f5c5-a326-4fd3-94f8-3ab9ddbee892,Bhagwati Medicose,PHARMACY,,Nagar Nigam Rd,"14, Nagar Nigam Rd, Marhatal, Jabalpur, Madhya Pradesh 482002",23.1654466,79.9339951,Kamla Nehru Nagar,089621 09543,,
c9fbbccf-c49e-449d-81a5-b69db1432a09,Shree Shyam Medical Store,PHARMACY,,beside Munna Hotel Chowk,"Shop No.7, Gau Mata, beside Munna Hotel Chowk, Wright Town, Jabalpur, Madhya Pradesh 482002",23.1651103,79.9261892,Kamla Nehru Nagar,079873 85088,,
5f2ec7ba-4919-4916-b63a-f0a196c2d85d,Madhu Medical Stores,PHARMACY,,Napier Town,"Medicine Complex, near Shastri Bridge, Napier Town, Jabalpur, Madhya Pradesh 482001",23.161262,79.9316211,Kamla Nehru Nagar,097555 95252,,
8d41a9de-2df8-4711-966e-9a544943b0f5,Gaytri medical store sahi naka dada darbar,PHARMACY,,Sadashiv Nagar Devtal Rd,"5V6X+HPV, Sadashiv Nagar Devtal Rd, Mohan Vihar Colony, Garha, Jabalpur, Madhya Pradesh 482003",23.1614816,79.8993095,Kamla Nehru Nagar,,,
2a56f3bf-0ecb-4b11-a67d-f4138dc2e9c2,JASH JANAROGYAM GENERIC MEDICAL STORE,PHARMACY,,ANAND TALKIES MARKET,"ANAND TALKIES MARKET, 105, beside Kachnar Sambhar, Napier Town, Jabalpur, Madhya Pradesh 482001",23.1607591,79.9373167,Kamla Nehru Nagar,079998 03225,,
cedab3ee-f41f-4071-adce-7ec966090847,Arihant Medical & General Stores,GENERAL_CLINIC,,Shiv Nagar Main Rd,"5WPF+52Q, Shiv Nagar Main Rd, Damoh Naka, Sarvodaya Nagar, Jabalpur, Madhya Pradesh 482002",23.1854748,79.9225967,Rani Durgavati,099269 85506,,
c5db00e1-2976-4a32-aa7e-68f113c5a635,Shri Sai Baba Medical Store,PHARMACY,,New Shastri Nagar,"4VRH+98M, New Shastri Nagar, Shastri Nagar, Jabalpur, Madhya Pradesh 482003",23.1409729,79.8782873,Shastri Nagar,,,
ec5c2a4d-ccc5-457f-be65-8337745b4aea,Om Goswami Shop And Medical Store,PHARMACY,,New Shastri Nagar,"4VVF+Q7R, New Shastri Nagar, Shastri Nagar, Jabalpur, Madhya Pradesh 482003",23.1444915,79.8731533,Shastri Nagar,,,
c0b16272-4ce5-4908-aa68-f56798caab59,भगवती मेडिकल स्टोर्स,GENERAL_CLINIC,,Shastri Nagar Rd,"4VRH+G5P, Shastri Nagar Rd, New Shastri Nagar, Shastri Nagar, Jabalpur, Madhya Pradesh 482003",23.1413407,79.877952,Shastri Nagar,094246 79110,,
b5397a4f-d129-4082-8c6e-9cd3c06fc56a,Dawakhana & Narmada Medical Store,PHARMACY,,Nagpur Road,"Nagpur Road, Gupta Nagar, Jabalpur, Madhya Pradesh 482003",23.144667,79.8790156,Shastri Nagar,076974 13011,,
5de38fbd-82aa-4086-93a9-b3ac28a0ed18,Arihant medical,GENERAL_CLINIC,,389 nehru nagar,"389 nehru nagar, opp. medical collge market, Jabalpur, Madhya Pradesh 482003",23.1485749,79.882504,Shastri Nagar,082239 90056,,
2b4c2c38-bdd0-4f9d-b5f7-0b857ed22586,Manu Medical,GENERAL_CLINIC,,Nagpur Road,"Shop No.15, Opposite Spinal Ijari, Nagpur Road, Nehru Nagar, Medical, Jabalpur, Madhya Pradesh 482003",23.147453,79.8817629,Shastri Nagar,090390 45531,,
64e43364-b5d9-4816-ae2d-84c98382abbf,Manvendra Drug Store,GENERAL_CLINIC,,New Shastri Nagar,"992/1, New Shastri Nagar, Shastri Nagar, Jabalpur, Madhya Pradesh 482003",23.1405275,79.8733014,Shastri Nagar,099892 62876,,
69f24d98-d54e-4d25-90ec-2d6052d89cd6,Sai Medical Store,PHARMACY,,MP Housing Board Colony,"Damohnaka, MP Housing Board Colony, Dhanvantari Nagar, Jabalpur, Madhya Pradesh 482003",23.15614,79.8737769,Shastri Nagar,,,
e954d3ca-4417-49a0-a8ed-d41a1adf9af2,Amrit Deendayal Pharmacy,IMAGING_CENTER,,Nagpur Rd,"4VXJ+HP2 Medical, Nagpur Rd, Doctors Colony, Medical College Colony, Jabalpur, Madhya Pradesh 482003",23.1488816,79.8817531,Shastri Nagar,,,
89da8e1d-7a86-4dc0-8aa5-ca9783d965df,Mahi Pharmacy Medical Shop,PHARMACY,,Shop 16 Nehar Nagar Medical Market,"Shop 16 Nehar Nagar Medical Market, in front of Aman Baitry Services, Jabalpur, Madhya Pradesh 482003",23.1495977,79.8828935,Shastri Nagar,,,
90717cbe-f746-46d8-82e4-a2d3cf98fe25,Sneh Medicos,PHARMACY,,Nehru Nagar,"4VXJ+6RQ, Infront Of Medical Collage, Nehru Nagar, Jabalpur, Madhya Pradesh 482003",23.1480815,79.8821202,Shastri Nagar,074892 20330,,
d40ddad8-7d56-4d11-9ca4-6dad67f1d2a6,JAY MEDICOSE,PHARMACY,,NEHRU NAGAR MARKET,"NEHRU NAGAR MARKET, FRONT OF MEDICAL COLLEGE, Front of N.S.C.B Medical College And Hospital, Jabalpur, Madhya Pradesh 482003",23.1488499,79.8823181,Shastri Nagar,089898 32889,,
702f2284-2296-47c4-a7db-39155d4c3157,Ansh Brothers Store,GENERAL_CLINIC,,New Shastri Nagar,"988/a, New Shastri Nagar, Shastri Nagar, Jabalpur, Madhya Pradesh 482003",23.141988,79.8752209,Shastri Nagar,,,
f3df6285-9fac-4ba9-b348-5bd38f10d812,Naaz Medical Store,PHARMACY,,Raddi Chowk,"5WVR+46X, Raddi Chowk, Jabalpur, Madhya Pradesh 482002",23.1928709,79.9406052,Shastri Nagar,076124 43366,,
990f5c74-5571-4c6b-92b8-4d2c26af8435,Himanshu Medical & General Stores,GENERAL_CLINIC,,Cherital Road,"Chamber No.109, First Floor, R.C. Complex, R C Complex, Cherital, Cherital Road, Jabalpur, Madhya Pradesh 482002",23.1826799,79.9272429,Shastri Nagar,0761 404 9833,,
031cc16b-d5e5-4410-b442-aa087de72a3c,Maa Medical Stores,PHARMACY,,Sarvodaya Nagar,"P 371, Sarvodaya Nagar, Jabalpur, Madhya Pradesh 482002",23.1862523,79.9171528,Shastri Nagar,097135 39414,,
cc5dbade-740a-4393-abc3-c78b8b92ec9a,Moti Medical Stores,PHARMACY,,Chhota Fuhara,"Front Of Jain Mandir, Chhota Fuhara, Jabalpur, Madhya Pradesh 482002",23.1833732,79.9339824,Hanuman Tal,076126 52630,,
6e59caf1-c4a3-4d60-b7ec-b7175cfe46f5,Madina Medical Stores,PHARMACY,,Char Khamba Rd,"566, Char Khamba Rd, Gohalpur, Jabalpur, Madhya Pradesh 482002",23.1878412,79.9390017,Hanuman Tal,,,
f197330d-354f-4853-8e08-d3c033f948d1,Barkha Medical,GENERAL_CLINIC,,Hanumantal Ward,"Tamarhai Chawk, Hanumantal Ward, Jabalpur, Madhya Pradesh 482002",23.1809349,79.9343529,Hanuman Tal,081210 82464,,
74f64c37-0dbb-4891-887b-7e586c6abb4e,Ankit Medical,GENERAL_CLINIC,,Gohalpur Rd,"Samdariya Abhinav complex, 203, Gohalpur Rd, Damoh Naka, Suji Mohalla, GCF Jabalpur, Jabalpur, Madhya Pradesh 482002",23.1888812,79.9333333,Hanuman Tal,093994 65784,,
488f896d-6c29-40e3-a072-48611b987b5c,Harinkhede Medical Store,PHARMACY,,Main Rd,"Main Rd, Transport Nagar, Damoh, Jabalpur, Madhya Pradesh 482002",23.186776,79.9268517,Hanuman Tal,095893 65057,,
424a47bf-7e3b-4466-824f-cf25493b2121,Biocare Health Life Science,GENERAL_CLINIC,,Shanti Nagar Rd,"Plot No. 658, Shanti Nagar Rd, Damoh Naka, Transport Nagar, Jabalpur, Madhya Pradesh 482002",23.1903557,79.9297389,Hanuman Tal,095846 69734,,https://biocares.co.in/
71405170-b0f8-43e7-81b6-844e3fb83e44,Suryansh Medical Store,PHARMACY,,Transport Nagar,"Trimurti Tiraha, near Aghoribaba Mandir, Transport Nagar, Jabalpur, Madhya Pradesh 482002",23.1922718,79.9237966,Hanuman Tal,079748 83286,,
20e78bc4-fadc-424d-b9b4-74a9cd84e8c1,Life Medical Store,PHARMACY,,Gohalpur,"5WQP+H8F, Near Anjuman Islamia School, Gohalpur, Jabalpur, Madhya Pradesh 482002",23.188948,79.9357929,Hanuman Tal,094247 79418,,
886b355e-5f76-4385-8f56-ee5307c011fe,Reliable Pharma,GENERAL_CLINIC,,Main Rd,"2046, Main Rd, opp. Mla Indu Tiwari karyalae, Damoh Naka, Transport Nagar, Jabalpur, Madhya Pradesh 482002",23.185481,79.9292496,Hanuman Tal,099772 20805,,
8c4c1adc-465a-4360-8ac4-53822fc28da1,Anuj Medical Store,PHARMACY,,Shanti Nagar Rd,"Shanti Nagar Rd, near metro hospital, Damoh Naka, GCF, Transport Nagar, Jabalpur, Madhya Pradesh 482002",23.1862313,79.9280294,Hanuman Tal,095259 87477,,
ad791731-5371-4e30-a8ff-5d759e5420ce,New Qaazi Medical Store,PHARMACY,,Main Rd,"Main Rd, Ansar Nagar, Gohalpur, Jabalpur, Vehicle Fac. Jabalpur, Madhya Pradesh 482002",23.1900619,79.937313,Hanuman Tal,078698 86789,,
278ae127-bf66-4523-96fe-ac2a21bfdb87,Medpro pharmacy and wellness store,PHARMACY,,Amkhera Rd,"Amkhera Rd, Ahmad Nagar, Adhartal, Jabalpur, Madhya Pradesh 482002",23.1914873,79.9353567,Hanuman Tal,062611 22473,,
91918cdc-331b-4e32-a9f8-4e383a76e568,Ambar Medical Store,PHARMACY,,Ganga Sagar Rd,"Ice Factory, Ganga Sagar Rd, opposite Madan Mahal, Ranipur, Jabalpur, Madhya Pradesh 482002",23.158274,79.9129523,Gangasagar,098274 45654,,
d0ae8bb8-5ba2-4a98-8499-ce9f1688b90c,Aashi Medical Store,PHARMACY,,Road,"Ganga Sagar, Road, Sharda Chowk, Jabalpur, Madhya Pradesh 482002",23.1573088,79.9062215,Gangasagar,096306 07888,,
eb2a8d53-733a-45b5-810e-6c09ff47822f,RUDRA MEDICAL,GENERAL_CLINIC,,Ekta Chowk,"Shop No 01, Ekta Chowk, Ganga Sagar Rd, Ranipur, Jabalpur, Madhya Pradesh 482002",23.1597502,79.909902,Gangasagar,076949 48817,,
56e4fbf6-e13f-4997-829a-aa3291488f55,Medical store,PHARMACY,,Karmeta,"6W47+2WH, Karmeta, Jabalpur, Madhya Pradesh 482002",23.2050502,79.9148623,Gangasagar,,,
4f06bc1e-6dce-45a6-af41-9ca300a2c3b6,Pradeep Medical Hall,GENERAL_CLINIC,,Main Road,"5XWW+6VM, Main Road, Ranjhi, Raksha Karmachari Colony, Jabalpur, Madhya Pradesh 482009",23.1955782,79.9971702,Gangasagar,096302 73888,,
d19e3f4c-8955-421a-ae74-1b7650a01151,Diamond Medical,GENERAL_CLINIC,,Ganga Sagar Rd,"419/4, Ganga Sagar Rd, Chandan Colony, Garha, Jabalpur, Madhya Pradesh 482002",23.1608073,79.892972,Gangasagar,,,
f3f4210c-4205-4519-9690-2e8735234389,Atul Medicose,PHARMACY,,Bilhari,"956/23, Opp Central Bank Of India, Bilhari, Jabalpur, Madhya Pradesh 482020",23.1323229,79.9644797,Tilhari,094249 13888,,
717b9fe0-c0be-41dd-aeb5-def1635cc99d,Ahlawat Medicose,PHARMACY,,Karan Singh Market,"1, Karan Singh Market, Bilhari, Jabalpur, Madhya Pradesh 482020",23.1328181,79.963828,Tilhari,078983 77880,,
6b986714-7de2-4507-9937-234b1eeec645,Sawan Medical Store,PHARMACY,,Tilhari,"Tilhari, Jabalpur, Madhya Pradesh 482020",23.1172671,79.9698026,Tilhari,083492 82236,,
2fb6eb25-2b53-400f-b15b-80b3c9c59094,Care Medicos,PHARMACY,,Bilhari,"956/23, Bilhari, Jabalpur, Madhya Pradesh 482020",23.1326938,79.9638803,Tilhari,,,
2c2c780f-c8b6-44bc-9e90-4214e59233ef,New Care Medicose,PHARMACY,,Mandla - Jabalpur Rd,"Dashmesh Tower, Mandla - Jabalpur Rd, Bilhari, Jabalpur, Madhya Pradesh 482020",23.1302714,79.9645077,Tilhari,078987 16113,,
db3c7c69-05a3-4ad0-87b3-f5e7cb10afbe,Motimahal Shreeya Chemist,PHARMACY,,near,"near, Tilhari, Madhya Pradesh 482020",23.12525,79.9685574,Tilhari,098261 22462,,
5f8b6a30-716d-4aee-88d6-0247a32f84fa,Patanjali Arogya Kendra,GENERAL_CLINIC,,Main Road,"Main Road, Bilhari, Jabalpur, Madhya Pradesh 482020",23.1306478,79.9647306,Tilhari,098930 00436,,http://www.patanjaliayurved.org/
bf54e20f-6986-4a91-b665-a6c3ad04890f,Guru Simran Janarogyam Generic Medical Store,PHARMACY,,Kachhwaha Market,"Shop No.1, Kachhwaha Market, near Hotel Arq the Courtyard, beside NEXA Showroom, Tilhari, Jabalpur, Madhya Pradesh 482020",23.1207091,79.9715311,Barela,091790 80909,,
2656a786-3901-4369-9c51-296ae1b2e7d3,Maa Medical store,PHARMACY,,Mandla - Jabalpur Rd,"Mandla - Jabalpur Rd, kisani mohalla, Barela, Madhya Pradesh 483001",23.0956845,80.046317,Barela,062616 97856,,
5f9d584f-dbd3-4b65-907d-410505e2db27,RUPRAH MEDICAL Store,PHARMACY,,Main Road Ranjhi,"324, Main Road Ranjhi, Ranjhi, Jabalpur, Madhya Pradesh 482011",23.1946279,79.9955455,Barela,099935 17817,,
1dea5c42-85e7-4b23-b7ce-dd0188eb6c37,Pharmacy,PHARMACY,,Naudra Bridge,"Shop No- 8, Center Plaza, Naudra Bridge, Jabalpur, Madhya Pradesh 482002",23.166027,79.9371239,Barela,098933 36159,,
e3a2f1d6-eea3-4cf1-9976-678b105b1244,"Vocational Rehabilitation Center, Napier Town",PHYSIOTHERAPY_CENTER,,Wright Town,"5W7H+CCH, Wright Town, Jabalpur, Madhya Pradesh 482002",23.1635533,79.9286119,Civil Lines,,,
ffce3f3f-b255-433e-a3c6-ecbeca706fd4,Mudita rehabilitation center jbp,PHYSIOTHERAPY_CENTER,,Sadar,"5W3V+4PF, Sadar, Jabalpur, Madhya Pradesh 482001",23.1528249,79.9442927,Civil Lines,,,
00a65a68-6ede-4316-9489-e3bb546c7709,Jabalpur Nasha Mukti Kendra परमार्थ नशा मुक्ति केंद्र,GENERAL_CLINIC,,Sai Colony Rd,"Sai Colony Rd, behind Kesharwani Hotel, near ISBT Road, Deendayal Chowk, Vijay Nagar, Jabalpur, Madhya Pradesh 482002",23.1949554,79.9175848,Civil Lines,093435 80230,,https://www.apnabusinesscard.com/PARMARTH
c65c1135-d8a7-41b3-8231-a87c29dd8606,𝗦𝗔𝗗𝗕𝗛𝗔𝗩 𝗡𝗔𝗦𝗛𝗔 𝗠𝗨𝗞𝗧𝗜 𝗞𝗘𝗡𝗗𝗥𝗔- Best De addiction centre / Alcohol de addiction / Drug de addiction centre in Jabalpur,ENT_CLINIC,,Kodwari Gaon,"Kodwari Gaon, Jabalpur, Madhya Pradesh 482002",23.2153869,79.927764,Civil Lines,082084 45814,,https://sadbhavmitra.com/
cbaa5913-bed0-4fd0-9dfa-99f30a037ca5,Swayam Siddhya Physiotherapy & Rehabilitation,PHYSIOTHERAPY_CENTER,,Near Kamala bhadar katra mohalla khermai road,"5WXX+RWF, Near Kamala bhadar katra mohalla khermai road, Katni road, Adhartal, Jabalpur, Madhya Pradesh 482004",23.1995556,79.9498091,Civil Lines,098936 36545,,
8b730110-cd66-42a2-9079-9e946a8ab5f2,Data Recovery Center Jabalpur,ENT_CLINIC,,Marhatal,"Computer Solution Shop No 23 2nd floor AB Dawa Bazaar Civic Center , Marhatal Jabalour Madhya Pradesh 482002 IN, Marhatal, Jabalpur, Madhya Pradesh 482002",23.168327,79.937516,Civil Lines,098261 50736,,
394059c2-2557-4b01-905a-be6cbf740f2d,Dr Rajesh Mishra Drug Rehabilitation centre,PHYSIOTHERAPY_CENTER,,Gupta Colony,"490, ghara phatak, Gupta Colony, Jabalpur, Madhya Pradesh 482002",23.1745494,79.92789,Civil Lines,094251 57771,,
1b05b1c6-716f-476a-a0c4-5a635504ce26,Shri Shuddhi Nasha Mukti Kendra Jabalpur,GENERAL_CLINIC,,Near Gour Bridge Mandla road,"6/1, Near Gour Bridge Mandla road, Saliwada, Jabalpur, Madhya Pradesh 482021",23.1052063,79.985152,Gwarighat,098273 28333,,https://shuddhideaddictioncentre.com/
aebcf8f5-6c38-4c1c-8d06-4a1b2cfe1721,Rewa Nasha Mukti Kendre,GENERAL_CLINIC,,Madan Mahal,"Madan Mahal, Jabalpur, Madhya Pradesh 482001",23.1527027,79.9114784,Gwarighat,088718 37200,,
051a7b77-a263-4495-bd07-29d4b4ba3eb2,Relieve and restore advance physiotherapy and rehabilitation clinic,PHYSIOTHERAPY_CENTER,,aadi nagar,"195, aadi nagar, rimjha, Jabalpur, Rivjha, Madhya Pradesh 482002",23.2183044,79.9028106,Gwarighat,090393 90704,,
9341c9f5-174a-455b-a25a-737cfa8ff075,Prayas,GENERAL_CLINIC,,Narmada Rd,"30, Narmada Rd, near Kumar Hospital, Adarsh Nagar, Ramnagar, Jabalpur, Madhya Pradesh 482001",23.131465,79.92819,Gwarighat,,,
10a66c74-9004-4f3e-881f-2f167a1d2fc6,Arham Rehab centre,PHYSIOTHERAPY_CENTER,,Life Medicity Hospital,"Life Medicity Hospital, Baldeobagh, Rathi Colony, Agga Chowk, Jabalpur, Madhya Pradesh 482002",23.1835009,79.9210092,South Civil Lines,093006 50648,,
91049097-bd54-4724-9ce1-6faa11ed1a2f,Brahma Kumaris Jabalpur Civil Lines,GENERAL_CLINIC,,Govindh Bhavan Colony,"TAPSYA DHAM', H NO: 28, Govindh Bhavan Colony, South Civil Lines, Jabalpur, Madhya Pradesh 482001",23.1628919,79.9616009,South Civil Lines,096178 53884,,http://brahmakumaris.com/
cc9c72a1-a2e0-4fab-8468-9c44c33a5ac5,"Diabetes Recovery Programe- Dr. Parimal Swamy, Diabetologist in Jabalpur, Madhya Pradesh",GENERAL_CLINIC,,Wright Town,"Mohit chamber, near Chanchala Bai College, Wright Town, Jabalpur, Madhya Pradesh 482002",23.1672773,79.9255141,South Civil Lines,,,
1b2de408-4fe6-49fb-a205-edf62cf91b89,Shantam Pragya Ashram Nasha Mukti Manoarogya Divyang Punarvas Kendra,GENERAL_CLINIC,,GOHALPUR NAI BASTI NO.1 AMKHERA ROAD,"GOHALPUR NAI BASTI NO.1 AMKHERA ROAD, CHITRANJAN WARD, near Khermai Mandir, Jabalpur, Madhya Pradesh 482002",23.1953056,79.9352681,Gol Bazar,096856 14939,,
17085a97-641b-41e3-8b51-7dff5b930e69,Vyakti Vikas Nasha mukti kendra JBl,GENERAL_CLINIC,,Chandra Mohan Nagar,"beriyar N o. 1, lalaji kirana store, Chandra Mohan Nagar, Ranjhi - Bada Patthar Rd, Ranjhi, Bengali Colony, Jabalpur, Madhya Pradesh 482005",23.2039912,80.0016706,Sadar Bazar,,,
24bac7f3-0d2f-429a-8444-83c0b839ab73,Vandan Punarvas Evam Anusandhan Sansthan,GENERAL_CLINIC,,Vijay Nagar Rd,"1109/C, Vijay Nagar Rd, Vijay Nagar, Jabalpur, Raksha, Madhya Pradesh 482002",23.1884643,79.9081907,Sadar Bazar,,,
03c086cc-8cf1-4b5f-9750-28830f1ab79a,Samdariya Adarsh Cherital,GENERAL_CLINIC,,Khajanchi Nagar,"6X23+87H, Khajanchi Nagar, Chhota Fuhara, Mansarovar Colony, Jawaharlal Nehru Krishi Vishwa Vidyalaya Campus, Jabalpur, Vehicle Fac. Jabalpur, Madhya Pradesh 482004",23.2008067,79.9532237,Cherital,,,
2e578022-8147-40c2-a7dc-1566462e2705,health care medical distributer,GENERAL_CLINIC,,ward new colony,"ward new colony, new old, Khermai Mandir Rd, cherital, Jabalpur, Madhya Pradesh 482002",23.1634239,79.9169955,Cherital,,,
ccb2f2b1-0e8b-4ebc-98a6-33b8b80c69c7,Wecare Physiotherapy Center,PHYSIOTHERAPY_CENTER,,Richhai,"6X9H+FRH, Richhai, Jabalpur, Madhya Pradesh 482009",23.2186808,79.9796195,Cherital,,,
5927f777-5654-45ed-a10c-a8ecc2231f98,Chitle Yoga Therapy Center,ENT_CLINIC,,Wright Town,"Shaheed Smarak, Ground floor, Gangotri Complex, Opposite to, Wright Town, Jabalpur, Madhya Pradesh 482002",23.1693707,79.925989,Cherital,,,
aef4b0d5-1bb5-4ac9-9252-538537797a6b,Charitarde Dispansary,GENERAL_CLINIC,,Nurshing Ward,"5W4H+68H, Nurshing Ward, Shastri Bridge, Jabalpur, Madhya Pradesh 482001",23.1555599,79.9283733,Cherital,094258 60932,,
57a05186-ba87-44a4-b718-a7ba9b40daf4,STAR TECHNOLOGIES (DATA Recovery & Laptop Repairs),GENERAL_CLINIC,,Russel Chowk,"F15, Jain Tower, Russel Chowk, Napier Town, Jabalpur, Madhya Pradesh 482001",23.1628791,79.9376132,Russel Chowk,099779 97777,,http://www.bringdataback.com/
88ccc246-940f-41c3-83c6-807080f0796c,Jabalipuram Nasha mukti Jendra,GENERAL_CLINIC,,Sanjeevani Nagar,"196, Sanjeevani Nagar, in front of Forest Office, Garha, Jabalpur, Madhya Pradesh 482002",23.1645997,79.908123,Miloniganj,,,http://jabalipuramnashamuktikendra.com/
5a92317c-d3da-409c-a4ed-6b354b72f883,Vyantraa Industrial Services,GENERAL_CLINIC,,Prestige Town,"Prestige Apartment, near Naik Nursing Home, Prestige Town, South Civil Lines, Jabalpur, Madhya Pradesh 482001",23.1620072,79.9584397,Rani Durgavati,,,
94fe80ef-3210-4838-8504-968cadf8df85,Indira Gandhi National Open University,GENERAL_CLINIC,,2nd floor,"Rajashekar Bhavan, 2nd floor, Rani Durgavati Vishwavidyalaya Campus Pachpadi Ci, Madhya Pradesh 482001",23.1602723,79.9798948,Rani Durgavati,076126 00411,,http://rcjabalpur.ignou.ac.in/
b4a8d269-08eb-4cbc-bc3b-a68ec8966503,Nigam Therapy Centre,ENT_CLINIC,,Marhatal Tularam Chowk,"210, Marhatal Tularam Chowk, Nigam Compound, Madhya Pradesh 482002",23.1727783,79.9344375,Damohnaka,094258 66227,,
7eb6d542-069e-4dcd-923a-582a0d648249,Damoh Naka,GENERAL_CLINIC,,Unknown,,23.187259,79.9251346,Damohnaka,,,
649c491b-15ba-4ad5-8e66-d7adcac2bcb9,NAVA JEEVAN REHABILITATION CENTRE,PHYSIOTHERAPY_CENTER,,Mandla Road PO RFRC Village Gaurayaghat,"Mandla Road PO RFRC Village Gaurayaghat, Jabalpur, Madhya Pradesh 483119",23.1646855,79.5491044,Damohnaka,076126 00521,,
9e56c7f5-bb58-410e-ac36-6d48b42d14f8,Aadi guru meri pediatric and rehab centre,PEDIATRIC_CLINIC,,Wright Town,"2243, Wright Town, Jabalpur, Madhya Pradesh 482002",23.1635215,79.9245968,Medical Road,,,
71304bcf-e6a0-4a00-8b6c-19acf6d6306d,katre dawakhana and physiotherapy center,PHYSIOTHERAPY_CENTER,,sail Vehar colony,"jogani mai mandir, sail Vehar colony, High Court Society Rd, chappar, Rampur, Jabalpur, Madhya Pradesh 482008",23.1270165,79.9144526,Katanga,088188 13152,,
a31b2768-add8-49cc-8fc3-90eb70c194ef,Bhasin Dental Clinic & Implantology Centre,DENTAL_CLINIC,,Gole Bazar,"opp. DN Jain College, Gole Bazar, Wright Town, Jabalpur, Madhya Pradesh 482002",23.1691333,79.9302129,Wright Town,0761 403 2854,,
db7ed1dd-7341-4d01-b707-bd39f9e861b5,DENTAL PARK - FAMILY & CHILD DENTAL CARE BY DR. SAURABH TIWARI,DENTAL_CLINIC,,Wright Town,"Dental park, 255/1A, Wright Town, Jabalpur, Madhya Pradesh 482002",23.1637195,79.9230899,Wright Town,,,
2a313fcc-a220-4f28-ae39-2e682e5b6c13,paramba dental clinic and implant center,DENTAL_CLINIC,,Sneh Nagar Rd,"Sneh Nagar Rd, in front of goutam IAS accademy, Wright Town, Jabalpur, Madhya Pradesh 482002",23.1649617,79.9175478,Wright Town,079749 70845,,
935ed599-fe1a-41af-b0fe-12cb19ea7835,City dental care,DENTAL_CLINIC,,Madan mahal main road premnagar opposite channa diesel and electrical,"5W37+XR8 petrole pump, Madan mahal main road premnagar opposite channa diesel and electrical, near premnagar, Jabalpur, Madhya Pradesh 482002",23.1549008,79.914592,Madan Mahal,090393 44152,,
af53f41f-b7b6-46da-9e0b-5b37d7af2724,Dr. Indraj Arora - MDS (Maxillofacial Surgeon) Gurukripa Dental Hub,DENTAL_CLINIC,,Sardarji Doodhwala,"Sardarji Doodhwala, Shop No. 3, Near Shankar Medicos Premnagar Gurudwara Parisar, Madan Mahal, Jabalpur, Madhya Pradesh 482001",23.1547087,79.9180931,Madan Mahal,070005 01821,,http://jabalpurhelpline.com/dr-indraj-arora-mds-maxillofacial-surgeon
a3df592e-32b7-49ea-b7d5-049d1e50c558,Ahuja Dental Clinic,DENTAL_CLINIC,,Nagpur Rd,"No 6, Nagpur Rd, Madan Mahal, Jabalpur, Madhya Pradesh 482002",23.1570211,79.9180108,Madan Mahal,,,
09d1212a-c275-4817-88ab-15d80417af11,CDC City Dental Care,DENTAL_CLINIC,,Near Sharda Talkies Main Road,"Shop No- 2569, Near Sharda Talkies Main Road, Gorakhpur, Jabalpur, Madhya Pradesh 482001",23.1534,79.9300825,Gorakhpur,0761 699 9910,,
01ee2297-35fd-4b8a-adf1-ab792c460a28,Nair Dental Lab,PATHOLOGY_LAB,,Gorakhpur Main Rd,"Gorakhpur Main Rd, Gorakhpur, Jabalpur, Madhya Pradesh 482001",23.1502769,79.934446,Gorakhpur,093001 15368,,
615ab844-80fc-4ab5-9ae4-6ccd54a49f02,Varsha Dental Care,DENTAL_CLINIC,,Vijaynagar,"Vijaynagar, Jabalpur, Madhya Pradesh 482001",23.1533052,79.9326393,Gorakhpur,096699 52709,,
45972cf8-ed32-42b1-851c-50d01f6f50cd,Swastik Dental Clinic,DENTAL_CLINIC,,Saif Nagar,"5WWV+74P, Saif Nagar, Anand Nagar, Adhartal, Jabalpur, Madhya Pradesh 482004",23.1957067,79.9428388,Adhartal,,,
e383e3f0-7b7f-417e-94ef-37f7548be91a,Super dental lab,PATHOLOGY_LAB,,Anand Nagar,"546, Anand Nagar, Adhartal, Jabalpur, Madhya Pradesh 482004",23.1947188,79.9463122,Adhartal,093000 02612,,
8049b1bf-7762-497d-9cc9-d1e714a33546,Dental Lab,PATHOLOGY_LAB,,122 Radha Krishna Ward Siddhe Baba Road,"122 Radha Krishna Ward Siddhe Baba Road, Madhya Pradesh 482002",23.1833874,79.9450377,Adhartal,084358 08433,,
a00b3836-ad7f-4518-85b9-d9c92b9e9566,Mishra Dental Laboratory,PATHOLOGY_LAB,,Sanjay Nagar,"opposite Power House, Sanjay Nagar, Adhartal, Jabalpur, Madhya Pradesh 482004",23.1980557,79.9589474,Adhartal,098268 45955,,
b8688ba3-177b-45a3-a91a-26ecd8745873,Kumar Clinic,GENERAL_CLINIC,,Neta Colony,"Neta Colony, Mansarovar Colony, Adhartal, Jabalpur, Madhya Pradesh 482004",23.1984308,79.9536014,Adhartal,098383 93056,,
fefb4e13-c1c6-4eff-a43e-eca190cf920f,Dr. M.S. Baghel,GENERAL_CLINIC,,Ravindra Nagar,"5WXV+2V7, Ravindra Nagar, Adhartal, Jabalpur, Madhya Pradesh 482004",23.197549,79.944661,Adhartal,,,
a49475e9-b374-4ab7-8d82-ba19fc8f92e8,Dr. Ankit Dahiya (Dental Surgeon),DENTAL_CLINIC,,Ashok Nagar,"Jeevan Jyoti Hospital, behind Post Office, Ashok Nagar, Bhumi Vikash Bank Colony, Adhartal, Jabalpur, Madhya Pradesh 482004",23.1969538,79.9422927,Adhartal,,,http://jabalpurhelpline.com/dr-ankit-dahiya-dental-clinic
eee1ef3d-1579-4e05-888d-92ef97d9187d,Haji Quadeer Munshi Dental Hospital,HOSPITAL,,New Anand Nagar Rd,"Quadeer Munshi House, Haji, New Anand Nagar Rd, Adhartal, Jabalpur, Madhya Pradesh 482004",23.1943678,79.9467074,Adhartal,,,
333717ce-4b59-4d6f-8488-481c2bb15973,Just Smile Orthodontic Center & Dental Clinic,DENTAL_CLINIC,,Adhartal,"Shop No-1beside Allahabad Bank, Adhartal, Jabalpur, Madhya Pradesh 482004",23.1970393,79.9440495,Adhartal,,,
9af72335-0594-46bd-905a-de5b5da0d0c0,Friends Dental Depot,DENTAL_CLINIC,,Sarvodaya Nagar,"5WQ9+4M7, Sarvodaya Nagar, Jabalpur, Madhya Pradesh 482002",23.1877752,79.9191649,Vijay Nagar,096919 82157,,
44449fd4-7857-40ce-a5d1-31bb664a8d84,"Dr Robin Jain DENTAL CARE, UKHRI MAIN Road, Beside MPEB power House , Next to Narayan Health Care and GO GAS LPG PUMP",DENTAL_CLINIC,,Ukhri Road Next to MPEB ELECTRIC POWER HOUSE UKHRI MAIN ROAD,"Ukhri Road Next to MPEB ELECTRIC POWER HOUSE UKHRI MAIN ROAD, towards Shatabdipuram, UKHRI MAIN Road, beside MPEB Electric power house, next to Go Gas Auto pump, Vijay Nagar, Jabalpur, Madhya Pradesh 482002",23.179054,79.9155219,Vijay Nagar,,,
0b9b168f-6d92-41bb-8d8a-5ccf40fee512,Tripathi Dental Clinic,DENTAL_CLINIC,,Shanti Nagar,"Naveen Complex, Damoh Naka, Shanti Nagar, Jabalpur, Madhya Pradesh 482002",23.1932132,79.9155437,Vijay Nagar,096853 57466,,
d14096a0-73cd-4231-a2df-f70f6fd08837,Mangalam Dant Chikitsalaya,GENERAL_CLINIC,,Ahinsa Chowk,"Near, Ahinsa Chowk, Vijay Nagar, Jabalpur, Raksha, Madhya Pradesh 482002",23.1853747,79.9090858,Vijay Nagar,097530 99900,,
f5d838dd-b7ac-4927-8b30-0acd2ce9a037,Graci Densurge,GENERAL_CLINIC,,Mathura Vihar,"Mathura Vihar, 34/5, near Durga Mandir, beside Bank of Maharashtra, Kanchan Vihar, Vijay Nagar, Jabalpur, Raksha, Madhya Pradesh 482002",23.1934817,79.9032766,Vijay Nagar,075090 11333,,
baabdd6a-754b-4ab7-8bea-6a89cf8c25c9,Dr Arun Gupta Dental Clinic Dr Arun Gupta Dr Shruti Gupta,DENTAL_CLINIC,,26 27 APR colony krishna city road shriram nagar katangi road,"26 27 APR colony krishna city road shriram nagar katangi road, Karmeta, Jabalpur, Madhya Pradesh 482002",23.2112197,79.8998721,Vijay Nagar,090396 57651,,
b673af0e-5773-4f1e-94a1-1fc9e7e4288f,Dental care(sai dental care),DENTAL_CLINIC,,Manegaon,"1-707, Manegaon, Jabalpur, Madhya Pradesh 482005",23.207526,80.012703,Ranjhi,,,
84e07033-29cc-451e-a3fb-f17562eef569,Dr Tushar kapoor braces specialist,GENERAL_CLINIC,,Sharda Chowk,"Sharda Chowk, Triveni plaza, near LIC building, Madan Mahal, Jabalpur, Madhya Pradesh 482001",23.1532806,79.9087154,Tilwara,080737 92808,,
a5ee052a-da16-4b54-843c-55cff2b2971d,Dr. Vaibhav Sing Chauhan,GENERAL_CLINIC,,Vrindavan Nagar St,"6W33+XMX, Vrindavan Nagar St, Karmeta, Jabalpur, Madhya Pradesh 482002",23.2049949,79.9042473,Karmeta,,,
cd6e6124-a4a8-4d12-a24e-9217e23246b3,Cure 'N' Care Dental Clinic,DENTAL_CLINIC,,Ganjipura,"Phootalal Marg, Ganjipura, Jabalpur, Madhya Pradesh 482002",23.1766247,79.9357392,Cherital,099810 98162,,
995c6817-8363-4a2c-9f0a-9eef791fb3a9,"Dr. Ambuj Thakur , Multispeciality Dental Clinic , Root Canal Treatment Specialist.",MULTISPECIALTY_HOSPITAL,,Home science road,"Home science road, beside H P petrol pump, Madhya Pradesh 482011",23.181467,79.9864071,Rani Durgavati,,,
7e7bb09d-c6c0-4d39-b9e4-c948b29a8daa,Dr. Gaurav Rampuri,GENERAL_CLINIC,,Tagore Railway Colony,"shop no 10, Root Canal and Implant Center, Samdariya Complex, Old Sheela Talkies, near dusra pull, Tagore Railway Colony, South Civil Lines, Jabalpur, Madhya Pradesh 482001",23.1613038,79.9469553,Rani Durgavati,098938 67984,,https://jabalpurhelpline.com/dr-gaurav-rampuri
ed948759-96f5-4ef8-a242-c178fa24c55f,विजयश्री डेंटल क्लीनिक | डॉ. नमन जैन,GENERAL_CLINIC,,Cherital road,"G13 Gopal Arcade, Cherital road, Damoh Naka, Jabalpur, Madhya Pradesh 482002",23.1832841,79.928543,Damohnaka,099812 50750,,
e418b44a-f9d6-43cb-8d41-0971ad0e6bb6,Dant Ka Dawakhana,GENERAL_CLINIC,,Satyameva Jayate Parisar Ghamapur Road South Civil Line,"Shop No. 17, Satyameva Jayate Parisar Ghamapur Road South Civil Line, Madhya Pradesh 482001",23.1713443,79.9472511,Ghamapur,076126 27282,,
07ccbbda-5e9d-4987-b8d2-1ddf6a2c26bd,Khare Dental Clinic,DENTAL_CLINIC,,Mathara seth market,"Mathara seth market, Bhantalaiya, Gohalpur, Jabalpur, Madhya Pradesh 482002",23.1834064,79.9432464,Gohalpur,098261 53368,,
31236326-f591-4b54-854a-4dd44b74c1ff,Dr. Kahkashan Khan,GENERAL_CLINIC,,Gohalpur,"5WPQ+R72, Moti Nala, Nayapul, Gohalpur, Jabalpur, Madhya Pradesh 482002",23.187008,79.938126,Gohalpur,078980 13873,,
41890c82-08eb-4f94-b262-0a79599e6c14,Subhash Dental Clinics,DENTAL_CLINIC,,Gopalpur,"Gopalpur, Jabalpur, Madhya Pradesh 482002",23.1888362,79.9367697,Gohalpur,082698 06105,,
af1e4edb-ba61-443f-936e-5ed09ac250da,"Lenskart.com at Wright Town, Jabalpur (First Lens Replacement Free)",ENT_CLINIC,,Ward R N M Jabalpur 1,"Shop No, Ward R N M Jabalpur 1, Plot No 703, 7 & 8, near Madan Mahal Police Station, Napier Town, Jabalpur, Madhya Pradesh 482002",23.1607589,79.9229201,Wright Town,080 4531 2368,,https://www.lenskart.com/stores/lenskart-com-wright-town-jabalpur-Napier-Town-jabalpur-991519/Home
51cbf407-13c0-4883-987e-fa35075d868d,Smart opticians,GENERAL_CLINIC,,Ranital Chowk,"Ranital Chowk, Gol Bazar Rd, beside varandha, Wright Town, Jabalpur, Madhya Pradesh 482002",23.170466,79.9243426,Wright Town,070006 20735,,
12cf1c23-9135-4d82-a265-4bc3f8064ea9,ben franklin at Jan Jyoti Super Specialty Eye Hospital - Jabalpur,SUPERSPECIALTY_HOSPITAL,,Gole Bazar,"Jan Jyoti Super Specialty Eye Hospital, 1051, Gole Bazar, Wright Town, Jabalpur, Madhya Pradesh 482002",23.171594,79.9249899,Wright Town,091000 71890,,https://www.benfranklin.in/
7a9223ea-beb1-4c89-896c-64c2fec8393f,Dr. B.L. Shrivastava Memorial Clinic,GENERAL_CLINIC,,Prem Mandir Rd,"613, Prem Mandir Rd, near Prem Mandir Jabalpur, Wright Town, Jabalpur, Madhya Pradesh 482002",23.1645212,79.9247039,Wright Town,094796 92624,,
521a9fee-972c-45f3-a436-8f2b4a6c7fb9,Vidhika Vision Optical Store,EYE_CLINIC,,Malaviya Chowk,"37, Malaviya Chowk, Naya Bazar, Jabalpur, Madhya Pradesh 482002",23.1696526,79.9318576,Wright Town,0761 404 2653,,
31060db1-8ebc-498d-939f-d205280c4e91,"Lenskart.com at Napier Town, Jabalpur (First Lens Replacement Free)",ENT_CLINIC,,Wardhman Tower,"Shop No 7 & 8, Wardhman Tower, Russel Chowk, opp. Hotel President, Napier Town, Jabalpur, Madhya Pradesh 482001",23.1640507,79.936633,Wright Town,089293 28754,,https://www.lenskart.com/stores/lenskart-com-Russel-Chowk-Napier-Town-Jabalpur-871151/Home
519941e1-70ce-40b4-be2f-bee6ce84b9d7,S.R. Eye Mitra Optician,EYE_CLINIC,,Aghori Baba Mandir Rd,"Near, Aghori Baba Mandir Rd, Damoh Naka, Transport Nagar, Jabalpur, Madhya Pradesh 482002",23.1903966,79.9233066,Wright Town,093406 11633,,https://eyemitrasunanda.blogspot.com/?m=1
2128f118-013c-4a00-b891-a5de0eb8ea00,Diwan opticals- Spectacles shop,EYE_CLINIC,,Beside naveen vidhya bhawan school Napier town,"Dr Sachin Luthra, Beside naveen vidhya bhawan school Napier town, and, opposite Dr Ravi Agarwal Eye Hospital, Jabalpur, Madhya Pradesh 482001",23.1607089,79.9348557,Napier Town,083599 00099,,
6d50cdef-cc20-4e7f-819a-75aaffef077d,Vision Vibe Studio,EYE_CLINIC,,Wright Town,"Shop no 2, Hotel pankaj palace Ravi Shankar Shukla stadium, Pandit Ravishankar Shukla Stadium, Wright Town, Jabalpur, Madhya Pradesh 482002",23.1638707,79.9260113,Napier Town,093003 63067,,http://www.visionvibestudio.com/
215d03b5-b7e1-49d7-b456-2d6bf68c0ea0,Netra Jyoti,GENERAL_CLINIC,,Napier Town,"st norbert school, Napier Town, Jabalpur, Madhya Pradesh 482002",23.1631992,79.9318186,Napier Town,,,
58a249ac-bba3-44e2-ba32-56d2d07437f8,Himalaya Optical Jabalpur,EYE_CLINIC,,Corporation Market,"Shop No 5 & 6,Ground Floor, Corporation Market, Nagar Nigam Rd, near Rajiv Gandhi Chowk, Marhatal, Jabalpur, Madhya Pradesh 482002",23.1656016,79.9358184,Madan Mahal,081008 54670,,https://himalayaoptical.com/a/store-locator/himalaya-optical-jabalpur.html
f3d9b8c3-45dc-4314-bba5-37040d408919,agrawal eye & child care hospital,HOSPITAL,,Nagpur Rd,"5V4W+CQX, opposite hotel gulzar, berween chotiline crossingand mahanadda, Nagpur Rd, Madan Mahal, Jabalpur, Madhya Pradesh 482003",23.1561023,79.8969818,Madan Mahal,,,
1ae8768e-3041-444c-b1d6-4788c0088c4d,Choudhary eye clinic,EYE_CLINIC,,Wright Town,"5WCF+6QG, Wright Town, Jabalpur, Madhya Pradesh 482002",23.1705681,79.924438,Madan Mahal,,,
4ae7999d-6822-4e5b-a6e2-373bc921fcd2,Eye surgeon,EYE_CLINIC,,Russel Chowk,"Shop no.8, rajul landmark, Russel Chowk, in front of jabalpur hospital, Napier Town, Jabalpur, Madhya Pradesh 482001",23.162105,79.9362778,Madan Mahal,,,
86dbd018-09dc-40af-bc33-b9116f14b635,Showroom,GENERAL_CLINIC,,Napier Town,"Madan Mahal, Shop No. 5&6, The New Shop, near Best Super Speciality Hospital, Napier Town, Jabalpur, Madhya Pradesh 482002",23.1607264,79.9229082,Madan Mahal,,,
dd7fd4ca-eb40-41f0-a20d-48cd4d9e5a65,"Lenskart.com at Vijay Nagar, Jabalpur (First Lens Replacement Free)",ENT_CLINIC,,MR-4 Rd,"Ground Foor, Plot No 151/A, Ukhari Square, MR-4 Rd, Vivekanand Ward, Vijay Nagar, Jabalpur, Madhya Pradesh 482002",23.1784436,79.9106456,Vijay Nagar,070650 45239,,https://www.lenskart.com/stores/lenskart-com-Vijay-Nagar-Vijay-Nagar-Jabalpur-753374/Home
4a180f9c-4990-419e-9781-12be372dfa0c,Vaidh Opticals,EYE_CLINIC,,Garha Bazar Rd,"12, Garha Bazar Rd, Subhash Nagar, Garha, Jabalpur, Madhya Pradesh 482003",23.161043,79.8974044,Garha,090989 77768,,
f81091e2-3b78-4ba0-ae88-c3f66a57a6f5,Lenskart.com at Medical College Road Jabalpur (First Lens Replacement Free),ENT_CLINIC,,Tripuri Chowk,"Police Station, Tripuri Chowk, Plot No 2720/1, Medical College Road, opposite Garha, Virendra Poori, Gada Ward, Medical College Colony, Jabalpur, Madhya Pradesh 482003",23.1561113,79.8898184,Garha,086453 22716,,https://www.lenskart.com/stores/lenskart-com-medical-college-road-jabalpur-Tripuri-Chowk-jabalpur-391834/Home
d968396b-2522-4b5b-96ad-216038d7f056,"Lenskart.com at Yadav Colony, Jabalpur (First Lens Replacement Free)",ENT_CLINIC,,Ward 19 1471,"Ward 19 1471, Village Hinotiya, Sy No 754, Garha Rd, opposite Canara Bank, Vivekanand Ward, Nove Adaresh Colony, Yadav Colony, Jabalpur, New Adaresh Colony, Madhya Pradesh 482002",23.1682577,79.9148375,Garha,080 6268 9169,,https://www.lenskart.com/stores/lenskart-com-yadav-colony-garha-jabalpur-Garha-jabalpur-194498/Home
12127252-4655-4c20-9d52-8ff642e2577a,Dr.Bhavna Harshey,GENERAL_CLINIC,,408garha road,"408garha road, Labour Chowk, Nove Adaresh Colony, Yadav Colony, Jabalpur, New Adaresh Colony, Madhya Pradesh 482002",23.1673461,79.9128289,Garha,,,
aaec3ca6-110e-4ace-b2f1-3a6db9541b25,Netrama optical shop,EYE_CLINIC,,Labour Chowk,"Labour Chowk, Nove Adaresh Colony, Yadav Colony, Jabalpur, New Adaresh Colony, Madhya Pradesh 482002",23.1673256,79.9127824,Tilwara,,,https://www.instagram.com/newnetramaofficial?igsh=MWVsemQ1eGl4MGowaQ==%289201599120/is%20my%20contact%20number%29
b57d06c4-9c4a-43fb-a9fa-9d00deea9e10,Smart opticians Vijay nagar,GENERAL_CLINIC,,chowk,"Shop number 1A Ukhri, chowk, MR-4 Rd, Vijay Nagar, Jabalpur, Madhya Pradesh 482002",23.1786085,79.9110262,Karmeta,097555 66165,,https://www.instagram.com/smart.opticians?igsh=MTV6bXhodnc4eHJqOA==
0c3e3c24-a8c3-4d55-a627-122f2c5a24c2,Shri Ramkrishna netralay,GENERAL_CLINIC,,katangi bypass,"Near, katangi bypass, Padwar Kalan, Madhya Pradesh 482002",23.2300697,79.9102368,Karmeta,,,
50430975-8a11-477a-b69b-9021f80c4468,"Lenskart.com at Sadar Main Road, Jabalpur (First Lens Replacement Free)",ENT_CLINIC,,Sadar Main Rd,"Groud Floor, Shop. J 6 A/B Plot 43 A, Ashok Marg, Sadar Main Rd, Jabalpur, Madhya Pradesh 482001",23.1544528,79.9486781,Karmeta,095824 86829,,https://www.lenskart.com/stores/lenskart-com-sadar-fox-life-Sadar-Main-Road-jabalpur-731309/Home
ca9f0776-4cb1-434c-b7da-d527ccc03068,EyeCura Opticals,EYE_CLINIC,,Kachnar City Rd,"EyeCura, C/o, Chhavi Eye Clinic, Kachnar City Rd, Vijay Nagar, Jabalpur, Raksha, Madhya Pradesh 482002",23.1868706,79.9059331,Karmeta,089800 01131,,https://www.eyecura.in/
62af2bfe-8f20-4497-8d85-a045aeec3618,Eye Mitra Optician Traning Center,EYE_CLINIC,,SIB CHOWK,"SIB CHOWK, Vijay Nagar, Jabalpur, Raksha, Madhya Pradesh 482002",23.1888565,79.9125457,Karmeta,,,
ece0d266-0cc1-4770-9acd-0fbc64e1315a,Eye care shop,EYE_CLINIC,,Dixit Colony,"M-8, Dixit Colony, Rajeev Gandhi Nagar, Vijay Nagar, Jabalpur, Madhya Pradesh 482002",23.2007315,79.9059577,Karmeta,,,
7dad4bfd-cc00-439a-a15a-c51228c643ff,Netra Jyoti Opticals,EYE_CLINIC,,Road,"Shop No. 15, Infront of Angarh Mahavir Mandir, Near Chhoti Line Phatak Gwarighat, Road, Gorakhpur, Jabalpur, Madhya Pradesh 482001",23.1529085,79.9275264,Shakti Nagar,087703 49747,,
3896020f-8ff8-4117-8a60-848fa9de2d61,MAHESH OPTICALS | EYEWEAR | SUNGLASSES | FRAMES | JABALPUR,EYE_CLINIC,,Azad Chowk,"1, Azad Chowk, Rampur, Jabalpur, Madhya Pradesh 482008",23.1372776,79.9239162,Shakti Nagar,079871 51898,,https://mahesh-opticals-eyewear.grexa.site/
6fa72289-dc9d-4ebd-b2c5-1e0e3ee500a3,Prakash Chashme Wale,GENERAL_CLINIC,,Shop no.18 Hitkarini market Indian coffee house road,"Shop no.18 Hitkarini market Indian coffee house road, Madhya Pradesh 482002",23.170442,79.9369123,Gol Bazar,095843 96520,,
dcb623a4-f170-4d62-b707-9d2f1233d2c3,Nath Opticians,GENERAL_CLINIC,,Victoria Hospital Rd,"Victoria Hospital Rd, Ganjipura, Jabalpur, Madhya Pradesh 482002",23.1708621,79.9376135,Gol Bazar,0761 404 5741,,
39d6607c-977b-4dde-956f-40fa8bb40d5c,Real Optica,GENERAL_CLINIC,,shop no. 2 hitkarni market,"shop no. 2 hitkarni market, Badi Omti, Jabalpur, Madhya Pradesh 482002",23.1703972,79.9361975,Gol Bazar,062627 52547,,
3fa6946c-b113-4ca5-b552-46803eee735a,Shree G Optics,GENERAL_CLINIC,,Badi Omti,"410, Near Gandhi Bhawan, Badi Omti, Jabalpur, Madhya Pradesh 482002",23.1708359,79.9375991,Gol Bazar,088714 38884,,
b1aa9dba-d631-4867-b94d-094b75130b33,Bahubali,GENERAL_CLINIC,,Khowa Mandi Rd,"KAMANIYA GATE, Khowa Mandi Rd, Sarafa, Uprainganj, Jabalpur, Madhya Pradesh 482002",23.1770598,79.932332,Gol Bazar,080855 15177,,
c3551eee-9ac0-44b9-84ee-c7ec1c4b22f1,"Lenskart.com at Ranjhi, Jabalpur (First Lens Replacement Free)",ENT_CLINIC,,Main Road,"GF, Plot No 233, Main Road, near IDBI ATM, Ranjhi, Raksha Karmachari Colony, Jabalpur, Madhya Pradesh 482009",23.195432,79.996793,Rani Durgavati,084473 87345,,https://www.lenskart.com/stores/lenskart-com-ranjhi-Ranjhi-jabalpur-198854/Home
7edac6b0-5876-42a9-854f-10a41597cc13,Khanna Chasme Wale,GENERAL_CLINIC,,Ranjhi Bazar Main Road Khanna Chashme Wale Jabalpur Main Road Vishal Garments Ke Samne,"Ranjhi Bazar Main Road Khanna Chashme Wale Jabalpur Main Road Vishal Garments Ke Samne, Madhya Pradesh 482005",23.1971185,80.001174,Rani Durgavati,096301 53770,,
37d22eeb-64b8-44d2-9f89-29732aab0c01,Vision Works Opticals,EYE_CLINIC,,Azad Nagar,"beside Aziz Descount Medicose, near Aftab Medical, Azad Nagar, Raza Chowk, Jabalpur, Madhya Pradesh 482004",23.1940358,79.9477173,Rani Durgavati,070677 86180,,
53934f02-406c-445a-87a8-6067b1d2b5c6,Vikas Opticians,GENERAL_CLINIC,,Main Road,"56, Main Road, Cantt, Jabalpur, Madhya Pradesh 482001",23.1545157,79.9458055,Rani Durgavati,076126 26093,,
a9d1766c-b79a-43ad-bac9-b175cb0fb8f7,Bull's Eye(Stock Market Trading Academy/Stock Market online course/Stock Market online classes/Best Stock market Classes),EYE_CLINIC,,BeoharBagh,"house no 396, street no 3, behind Pandey Hospital, BeoharBagh, Jabalpur, Madhya Pradesh 482001",23.1742848,79.9450275,Rani Durgavati,091319 05779,,https://whatsapp.com/channel/0029VakRAwVJENxzAE0JDH3g
22d4064b-02ec-41cb-b8da-0bad097586ef,Nana Bhai Opticals,EYE_CLINIC,,Ranjhi Bazaar,"Ranjhi Bazaar, Madhya Pradesh 482005",23.1968896,80.0012334,Rani Durgavati,094274 99037,,
cc7128ce-dcae-4067-a4a6-f355311a48cd,Jha Watch And Opticals,EYE_CLINIC,,opposite Kasturbanagar Post Office,"opposite Kasturbanagar Post Office, KanchGhar, Jabalpur, Madhya Pradesh 482001",23.1799312,79.962678,Rani Durgavati,099269 14241,,https://www.facebook.com/JhaWatchOpticals
0d82435c-2336-498b-be3a-613789708d0c,Colonel Nethralaya Eye Clinic,EYE_CLINIC,,Nove Adaresh Colony,"5W98+H9G, Nove Adaresh Colony, Daya Nagar, Yadav Colony, Jabalpur, New Adaresh Colony, Madhya Pradesh 482002",23.1689387,79.9159558,Kachnar City,,,
e0d6366a-0ada-4c93-a2bf-b7194583b854,Dr. Hemant Batalia - Batalia Eye Hospital,HOSPITAL,,Batalia Road,"Dr, Batalia Road, Naya Mohalla, Jabalpur, Madhya Pradesh 482002",23.1673449,79.9395811,Ghamapur,,,
df93f3fd-bf70-4fe0-b5ae-7e30ade76c43,Trinetra vision eye care and optometrist clinic and optical shop bilhari,EYE_CLINIC,,Bilhari,"19 Mahawar Complex, in front of Patanjali store, Bilhari, Jabalpur, Madhya Pradesh 482020",23.1303634,79.9644425,Tilhari,097133 94443,,
b9cac03a-7330-4a8f-9934-5fe3714aaf70,Nayan Sukh Optic - Essilor Experts,GENERAL_CLINIC,,Main Road,"Shop No 64, Cantonment, Main Road, opposite Post Office, Sadar, Jabalpur, Madhya Pradesh 482001",23.1542762,79.9452788,Tilhari,079 4921 2391,,https://www.essilor.com/in-en/experts/
0030ef44-2794-457d-937a-923708af88c4,B.N.Baijal Opticians,GENERAL_CLINIC,,2 Moti Building Sadar Main Road,"2 Moti Building Sadar Main Road, Kingsway, Sadar Bazar, Jabalpur, Madhya Pradesh 482001",23.1544114,79.9477029,Tilhari,094251 56844,,
b005cc1a-972b-4779-a3e7-76501033357d,Dr Ankur Agrawal,GENERAL_CLINIC,,Unknown,,23.1756951,79.9687529,Tilhari,,,http://drraviagrawal.in/
98bcca2a-824c-417b-bf09-547702522e0c,VISION IT TRAINING CENTER BARELA,EYE_CLINIC,,in front of maruti traders,"bhero baba mandir, Bhero baba mandir, in front of maruti traders, Barela, Madhya Pradesh 483001",23.0965716,80.0438645,Barela,,,https://www.emaxindia.in/
35a48da6-8254-48df-81aa-598509d4bdf4,Dsouza Pharmacy,PHARMACY,,Mandla - Jabalpur Rd,"Mandla - Jabalpur Rd, T C Colony, Bhatauli, Madhya Pradesh 482021",23.1147048,79.9747237,Barela,089822 15222,,
04518280-4c7e-4227-9d6d-b384a6c95fb1,CHASHMA GHAR,GENERAL_CLINIC,,shop no 2 prajapati market sule hospital road azad chowk,"shop no 2 prajapati market sule hospital road azad chowk, Rampur, Jabalpur, Madhya Pradesh 482008",23.1238976,79.9138596,Bhedaghat,,,
21670350-4fdc-4fcb-a377-7da0243be56d,Dhuandhar Waterfall,GENERAL_CLINIC,,4RG7+5CF,"4RG7+5CF, Gopalpur, Madhya Pradesh 483053",23.1254435,79.8135529,Bhedaghat,,,https://dhuandharfalls.com/
3e1c934f-ffd4-4fc7-9f18-a1ef1a1f763d,Anjali Opticals,EYE_CLINIC,,City Coffee House,"Mani plaza, City Coffee House, F-10, market, road, Badi Omti, Jabalpur, Madhya Pradesh 482002",23.1705447,79.9373404,Gohalpur,094253 87621,,
1ab094b7-d9fb-46c3-b53e-c8e85c1b6419,Slim Point & Beauty Clinic,DERMATOLOGY_CLINIC,,Gole Bazar,"659, Beside omega Children Hospital, Gole Bazar, Jabalpur, Madhya Pradesh 482002",23.1715753,79.9267949,Wright Town,094253 85736,,http://jabalpurhelpline.com/slim-point-and-beauty-clinic
23e28de9-0375-446a-b622-2722ca87e8d0,Locationnear-prem-mandir-wright-town-2225-2,GENERAL_CLINIC,,Dr.Kuldeep Bhardwaj's Skin Hair & Cosmetic Clinic,"Dr.Kuldeep Bhardwaj's Skin Hair & Cosmetic Clinic, Wright Town, Jabalpur, Madhya Pradesh 482002",23.1623602,79.9250297,Wright Town,,,
c840ada1-3be0-43a7-98a0-c0308b167e51,Dr. SHARAD KUMAR : Laser Clinic / Plastic Surgeon / Hair transplant surgeon / Cosmetic Surgeon / prp treatment in Jabalpur,DERMATOLOGY_CLINIC,,Prem Mandir Chowk,"Niramaya Healthcare centre,Prem Mandir Chowk, in front of Delhi MRI Centre, Wright Town, Jabalpur, Madhya Pradesh 482002",23.1638647,79.924773,Napier Town,090980 40503,,http://drsharadkumar.com/
77a9ce3c-0bc0-4918-9512-de72479c8e89,APNA MEDICAL AGENCY,GENERAL_CLINIC,,Marhatal,"APANA MEDICAL AGENCY, Civic Centre Medical Complex, Awadhpuri, Marhatal, Jabalpur, Madhya Pradesh 482002",23.1668531,79.9338221,Napier Town,094078 22777,,
1277d757-3931-4cc4-8c22-c9afd38bc582,Dr Mirdha,GENERAL_CLINIC,,in front of Govt Hospital,"Sahahpur, in front of Govt Hospital, Jabalpur, Madhya Pradesh 482002",23.1685836,79.9338798,Madan Mahal,090098 11720,,
ad552176-a33c-490c-80b9-2c0f9de6a509,The hair care family saloon,DERMATOLOGY_CLINIC,,link road,"link road, near by chandi Mata mandir, Shukla Nagar, Madan Mahal, Jabalpur, Madhya Pradesh 482002",23.1620195,79.9171885,Madan Mahal,093038 13512,,
c7735a61-63d5-46e7-907b-ee3bb7bbab18,Radiance by Richa,GENERAL_CLINIC,,near Durga Mandir Road,"1162/2B, near Durga Mandir Road, Jai Prakash Nagar, Adhartal, Jabalpur, Madhya Pradesh 482004",23.2030614,79.9450799,Adhartal,,,
70994c91-959d-4053-b2b5-c243279d0353,RM,GENERAL_CLINIC,,Azad Nagar,"229, Galli Number 4, Azad Nagar, Makka Nagar, Adhartal, Jabalpur, Madhya Pradesh 482004",23.1927138,79.9499975,Adhartal,,,
9e0cbf70-a238-4078-9231-682a6273117d,Pandey Medical Store,PHARMACY,,Road,"Road, near Apolo Battery, Ravindra Nagar, Adhartal, Jabalpur, Madhya Pradesh 482004",23.1975278,79.9444346,Adhartal,083199 59400,,
01a73dd9-a3f6-4b7e-b691-d384beada14e,Queens Corner Salon by Nikita,GENERAL_CLINIC,,main road,"Infront of sia Tvs showroom, main road, beside physio therapy clinic, Anand Nagar, Adhartal, Jabalpur, Madhya Pradesh 482004",23.1987898,79.9465876,Adhartal,096449 45790,,
ab5d22d3-6428-4a79-892c-728f5d539311,"Dulhan Herbal Beauty Parlour, Adhartal",DERMATOLOGY_CLINIC,,1393 Ganesh Market,"1393 Ganesh Market, Vinoba Nagar, Adhartal, Jabalpur, Madhya Pradesh 482004",23.2016424,79.9504441,Adhartal,079879 13842,,
4601ef9a-f745-4cfa-8250-c9a946b2ad99,Silk N Salt - Family salon and academy (Vijay Nagar),GENERAL_CLINIC,,Near Nachiketa school Kachnar city road,"Plot no 1024, Near Nachiketa school Kachnar city road, Ahinsa Chowk, Vijay Nagar, Jabalpur, Madhya Pradesh 482002",23.1873305,79.9056314,Vijay Nagar,099202 09818,,https://silknsaltgurukul.com/
a5432ee9-9a5f-4134-9567-a5b58e902833,The October Beauty,DERMATOLOGY_CLINIC,,Ghadi Chowk,"Ghadi Chowk, 403, behind Elite Spirts, near SBI, Vijay Nagar, Jabalpur, Madhya Pradesh 482002",23.1912701,79.9069361,Vijay Nagar,062682 90429,,
71dcd563-2c94-463f-a33a-236f100b04f5,CV Salon,GENERAL_CLINIC,,vijay nagar,"vijay nagar, MR-4 Rd, Janki Nagar, Jabalpur, Madhya Pradesh 482002",23.1824178,79.9102556,Vijay Nagar,078285 50550,,https://cvsalon.com/
4f134f92-ccd4-4163-b7db-b1d5ac104a6b,𝗔𝗯𝘀𝗼𝗹𝘂𝘁𝗲 𝗦𝗮𝗹𝗼𝗻 - Best Ladies Beauty Salon | Bridal Makeup Artist | Beauty Parlour in Jabalpur,DERMATOLOGY_CLINIC,,Ekta Chowk,"Ekta Chowk, Plot No. 53, opp. to Mahalaxmi Jewellers, Vijay Nagar, Jabalpur, Madhya Pradesh 482002",23.1824242,79.9089923,Vijay Nagar,070004 20649,,https://www.instagram.com/absolutesalon_jabalpur/
282dac7a-bb4d-4713-b619-2bfe8edb5143,The Hair Lab unisex salon & hair wig house,PATHOLOGY_LAB,,MR-4 Rd,"Service Lane, MR-4 Rd, near Shiv Sagar Hospital, Vijay Nagar, Jabalpur, Madhya Pradesh 482002",23.1908171,79.9141723,Vijay Nagar,083589 68040,,
af5c14e8-01a3-4544-8cb3-fb0aea2cb293,"Glam Studios Family Salon, Vijay Nagar, Jabalpur",GENERAL_CLINIC,,Vijay Nagar,"Shop Number 21 & 22, Muskan Plaza, Vijay Nagar, Jabalpur, New Adaresh Colony, Madhya Pradesh 482002",23.1747984,79.9096378,Vijay Nagar,0761 404 8678,,https://glam-studios-family.grexa.site/
7c3caad7-9d6f-42af-8105-8b4d29abf694,Cute Look Beauty Salon -Best Makeup & Hair Artist |Skin & Hair |BB Glow |Nail Extension |Korean Facial & Micro Needling,DERMATOLOGY_CLINIC,,Mastana Chowk Rd,"Mastana Chowk Rd, ranjhi, gurudwara, Ranjhi Mohaniya Rd, in front of Saini flowers, Jabalpur, Madhya Pradesh 482005",23.2010822,80.0005404,Ranjhi,093018 19175,,
37e95287-6a5c-485d-9976-a8c7fef86867,Liz salon and Academy,GENERAL_CLINIC,,Central Ordinance Depot Area,"in front of Lenskart, Ranjhi, Central Ordinance Depot Area, Jabalpur, Madhya Pradesh 482011",23.1952465,79.997468,Ranjhi,,,
b55200fb-4397-47be-b367-af2edb25d3ee,Shades_makeover and Academy,GENERAL_CLINIC,,Ranjhi Main Road,"Ranjhi Main Road, Ranjhi Mohaniya Rd, in front of GUPTA JEWELLERS, Jabalpur, Madhya Pradesh 482005",23.1969751,80.0008009,Ranjhi,080769 25419,,
b9ac30ab-297e-4cef-941c-3789a2fc4277,Rajni Makeover and Cosmetics,DERMATOLOGY_CLINIC,,Tulsi Nagar,"Tulsi Nagar, near sai mandir, Ranjhi, JDA Colony, Jabalpur, Madhya Pradesh 482005",23.2082107,80.009621,Ranjhi,088150 26010,,https://mybusiness.ind.in/rajni-makeover-and-cosmetics
c30bf75c-2e7e-4fc2-aa9e-1e336e4b96ca,Lady Care Beauty Salon (Only for Ladies)| Hair Treatment | Make-up Studio,DERMATOLOGY_CLINIC,,Main Road Ranjhi opposite Ranjhi-Vehicle Factory Chouraha,"Vehicle mod, 5XVV+QW, Main Road Ranjhi opposite Ranjhi-Vehicle Factory Chouraha, Ranjhi, Ranjhi Mohaniya Rd, Jabalpur, Madhya Pradesh 482005",23.1944375,79.9948125,Ranjhi,098272 88855,,
950ee2bd-d122-45f5-89a7-7c7e5528a909,Liz Beauty Academy & Salon,DERMATOLOGY_CLINIC,,Raksha Karmachari Colony,"Shop No 620957, in front of Doctor Chakarvaty, Ranjhi, Raksha Karmachari Colony, Jabalpur, Madhya Pradesh 482005",23.2005406,80.0008107,Ranjhi,088394 17609,,https://www.lizbeautyacademy.com/
4ae36378-f89a-471c-adec-00763f41e233,Glam R Beauty Academy,DERMATOLOGY_CLINIC,,Ravan park road,"Ravan park road, Azaad Nagar Ranjhi, Ranjhi, Bengali Colony, Jabalpur, Madhya Pradesh 482005",23.2012299,80.0012831,Ranjhi,078288 29088,,http://glamrbeautyaca.in/
978021f7-7833-42bf-9809-37e77f72540a,shringarika salon,GENERAL_CLINIC,,azad nagar,"azad nagar, opposite mukesh tiles and sanitary ware, ranjhi, Jabalpur, Madhya Pradesh 482005",23.2046204,80.0024771,Ranjhi,092265 82657,,
11f8b003-b53a-413c-9c6a-2ffd8b20bf00,Jitendra Make-up Mantra.The Family Salon,GENERAL_CLINIC,,JDA Colony,"Rawan park, Kali mandir, Fouzy villa, Ranjhi, JDA Colony, Jabalpur, Madhya Pradesh 482005",23.2064415,80.0058738,Ranjhi,093001 56510,,
17cfcd47-1e94-4e74-892b-6fe99202e033,Heena Herbal Beauty Parlor,DERMATOLOGY_CLINIC,,Bengali Colony,"Ranjhi, Bengali Colony, Jabalpur, Madhya Pradesh 482005",23.202779,80.001488,Ranjhi,,,
3f3f3ffa-2f61-46d7-ab07-7aaab5037dca,RAJNI MAKEOVER SALON AND SPA,GENERAL_CLINIC,,Central Ordinance Depot Area,"Rajni makeover salon and spa, near by moni dairy ranjhi, Central Ordinance Depot Area, Jabalpur, Madhya Pradesh 482005",23.1974684,80.0028257,Ranjhi,087707 88138,,
8c52f6a8-7bc5-4f28-8696-3f600c7f5559,M.S. BEAUTY CLINIC,DERMATOLOGY_CLINIC,,Vivekanand Ward,"Hanuman Mandir Gali, Vivekanand Ward, Daya Nagar, Yadav Colony, Jabalpur, New Adaresh Colony, Madhya Pradesh 482002",23.1728687,79.9150151,Garha,082507 33252,,https://www.instagram.com/msbeautycnc?igsh=aWYzYWoyd3VzZ3o0&utm_source=qr
e6a134a2-b5b1-4904-9159-5e7176ada60f,NCSK SKIN CLINIC,DERMATOLOGY_CLINIC,,MR-4 Rd,"5WC5+3WX, MR-4 Rd, Yadav Colony, Jabalpur, New Adaresh Colony, Madhya Pradesh 482002",23.1702487,79.9098607,Garha,,,
578fbfb8-de05-4e0f-88b6-077a6dbaa02c,HAIR CRAFT SALON,DERMATOLOGY_CLINIC,,BT Rd,"Infront Of Anand Sindhu Ashram, BT Rd, near Gulaua Chowk, Garha, Jabalpur, Madhya Pradesh 482002",23.1624838,79.9075709,Garha,095167 46621,,https://www.haircraftsalon.com/
b90774f7-eb1a-4e7f-af7f-f8ed47b88e32,Blush & Glow ~ By Swati,GENERAL_CLINIC,,Nav Nivesh Colony,"2, Nav Nivesh Colony, Garha, Jabalpur, Madhya Pradesh 482003",23.1585935,79.8881319,Garha,,,
e4e810ce-36f2-48a1-9975-a8ed17a34464,WAYZ,GENERAL_CLINIC,,Garha Road,"Garha Road, Dhanvantari Nagar, Jabalpur, Madhya Pradesh 482003",23.1561875,79.8769067,Garha,091118 66633,,https://instagram.com/wayzdhanwantrinagar?igshid=MzNlNGNkZWQ4Mg==
5cc4fa30-7541-4473-b979-e3a67a0e2a58,Rockstar Unisex salon,GENERAL_CLINIC,,Beside Union Bank ATM Sanjeevani Nagar,"Beside Union Bank ATM Sanjeevani Nagar, Garha, Jabalpur, Madhya Pradesh 482002",23.1649869,79.9025595,Garha,099930 50714,,
977b47b3-130d-41fa-9649-75eedcc196b0,Shaglow Herbal Beauty Parlour,DERMATOLOGY_CLINIC,,Tripuri Chowk,"infront of shivani studio, Garha, Tripuri Chowk, Purwa, Jabalpur, Madhya Pradesh 482003",23.1578227,79.8910464,Garha,,,
886843b4-81e5-4f4e-bb19-54a0b41c461e,Garha Medical hall,GENERAL_CLINIC,,Garha Bazar Rd,"1213garha medical hall, Garha Bazar Rd, in front of Nagar Nigam, near Toshi Collection, Garha, Jabalpur, Madhya Pradesh 482003",23.1605678,79.8970385,Garha,,,
c78f173e-e92b-474b-b859-0cc25aff7a00,Shree Ji Soundarya Prasadhan,GENERAL_CLINIC,,Sanjeevani Nagar,"Sanjeevani Nagar, Garha, Jabalpur, Madhya Pradesh 482002",23.1656493,79.9005417,Garha,094249 51004,,
e6b275eb-cd5c-4728-b6af-e4b2b08f51fe,RAJNI MAKEOVERS Salon & Academy,GENERAL_CLINIC,,Ganga sagar ekta chowk,"Ganga sagar ekta chowk, Shukla nagar, Garha Rd, Jabalpur, Madhya Pradesh 482002",23.1598333,79.9096639,Garha,093032 94557,,
e7d1ea9c-da56-47bd-bc26-e846406222c4,Blossom Beauty Parlour,DERMATOLOGY_CLINIC,,Saraswati School Road,"H.no1386, Saraswati School Road, Ganga Nagar, Garha, Jabalpur, Madhya Pradesh 482003",23.1609316,79.8908993,Garha,097551 93969,,
3efebf37-e0da-4c49-8e61-520b2418074f,Viva Makeovers & Academy - best bridal makeup in jabalpur,GENERAL_CLINIC,,Madan Mahal Railway Station Rd,"575, Madan Mahal Railway Station Rd, in front of galaxy hotel, Narsingh Ward, Shukla Nagar, Ranipur, Jabalpur, Madhya Pradesh 482002",23.1589972,79.9192127,Garha,062642 23657,,https://www.instagram.com/viva__makeovers/
3d725d0b-ea9a-4ece-8f5e-fe89e64f46d5,Nyasa Makeup Studio and Training Institute (Women Salon),GYNECOLOGY_CLINIC,,Sanjeevni Nagar,"Sanjeevni Nagar, Main Road, near Maharastra Bank, Garha, Jabalpur, Madhya Pradesh 482002",23.1651813,79.9022942,Garha,,,
9027ce3d-826e-49c3-bb78-ea683c1ba042,Desire Makeover Salon,GENERAL_CLINIC,,Gulaua Chowk,"Gulaua Chowk, BT Rd, Garha, Jabalpur, Madhya Pradesh 482003",23.1634988,79.9075818,Garha,088898 41888,,https://desiremakeoversalon.in/contact/location/garha
98bb5ab4-a267-444c-b49e-cb4266d55192,Sanjeevni Medicose,PHARMACY,,Garha,"beside Petrol Pump, Garha, Jabalpur, Madhya Pradesh 482002",23.1602273,79.9064029,Garha,070247 11611,,
068ae148-e80b-4987-af12-c0abeba0cbe8,Style zone beauty & academy,DERMATOLOGY_CLINIC,,hardol mandir,"hardol mandir, Shahi Naka Rd, Chandan Colony, Garha, Jabalpur, Madhya Pradesh 482003",23.1617724,79.8935625,Garha,099939 02999,,
404d0912-ebb1-43f9-b62f-97fcde122f71,SHRINGAR HERBAL BEAUTY PARLOUR,DERMATOLOGY_CLINIC,,Garha Rd,"Garha Rd, Kamla Nehru Nagar, Patrakar Colony, Yadav Colony, Jabalpur, Madhya Pradesh 482002",23.1695744,79.919304,Garha,094253 25049,,
bebc1fb5-d49b-43b1-9d27-112295db9380,Ayushi beauty salon,AYURVEDA_CLINIC,,Premnagar,"post office, Premnagar, Hathital, Jabalpur, Madhya Pradesh 482002",23.1520949,79.9161875,Garha,093001 15307,,
6146a9eb-5a63-45d8-ad73-839a4eec0713,AS.SALON_Hair Beauty & Sap,DERMATOLOGY_CLINIC,,Tilwara road,"Tilwara road, beside Hangout Restaurant, JDA Colony, Shastri Nagar, Jabalpur, Madhya Pradesh 482003",23.138323,79.877655,Garha,093990 56736,,
b0883903-e4c5-4e9c-b749-a485f8c43d2d,Jabalpur Bridal makeup artists _ Palak,GENERAL_CLINIC,,Sudhama Nagar,"Sudhama Nagar, Madan Mahal, Jabalpur, Madhya Pradesh 482003",23.1618913,79.9132458,Garha,093991 00933,,https://instagram.com/
9a9fcacb-a416-429f-bdb5-eec8cd1e4bec,CV Salon,GENERAL_CLINIC,,Home Science College Rd,"Home Science College Rd, Wright Town, Jabalpur, Madhya Pradesh 482001",23.1610326,79.9223675,Tilwara,092036 00550,,https://www.cvsalon.com/
ba098ded-546d-4f48-8828-93e427a14452,Glamour beauty parlor. Sushma makeover. Professionalmakeup artist,DERMATOLOGY_CLINIC,,Karmeta,"5WV9+F74, Karmeta, Jabalpur, Madhya Pradesh 482002",23.1937652,79.9180083,Karmeta,062608 75707,,
1b32cb63-a0ff-43de-9c8b-f724a68134a1,SilkNSalt - Family salon and Academy,GENERAL_CLINIC,,S college road,"Bungalow no 707/1, kachnar castel G, S college road, Prestige Town, South Civil Lines, Jabalpur, Madhya Pradesh 482001",23.1630064,79.9575531,Civil Lines,084336 71522,,https://silknsalt.in/
e93babec-5fb5-426e-b9d4-ee4e0cc20880,Khoobsurat Beauty Clinique,DERMATOLOGY_CLINIC,,South Civil Lines,"5W7V+M9R, Lucky Gym,In front of Christ Church Girls School, South Civil Lines, Jabalpur, Madhya Pradesh 482001",23.1642386,79.9433888,Civil Lines,,,
e7d9faad-d318-4ca7-9017-8c7ab98cdc94,Ms Makeup World,GENERAL_CLINIC,,Gwarighat Main Rd,"Gwarighat Main Rd, opposite Sukh Sagar Valley, beside smart gym, Awadhpuri Colony, Gwarighat, Jabalpur, Madhya Pradesh 482008",23.1161641,79.9239779,Gwarighat,,,https://www.instagram.com/ms_makeup_world?igsh=YnlleGo4NWo5aGt5&utm_source=qr
9aef63c7-6153-41c1-940b-50ed0b2e9d21,Shree beauty salon,DERMATOLOGY_CLINIC,,Big bazar,"Big bazar, Gwarighat Main Rd, Bhim Nagar, Polipather, Jabalpur, Madhya Pradesh 482008",23.1205615,79.9264209,Gwarighat,087704 90575,,
a03c9a20-69a4-4a99-8d0e-aefbc61e406c,dietician & skin care expert,DERMATOLOGY_CLINIC,,Narmada Rd,"meenu peshwani, 141/a, Narmada Rd, near Rajul flats, Adarsh Nagar, Rampur, Jabalpur, Madhya Pradesh 482001",23.1299902,79.9292072,Gwarighat,,,
70d4979a-82e8-4062-8d98-f297d58580be,IMIT'S BEAUTY SALON,DERMATOLOGY_CLINIC,,Gwarighat Main Rd,"Gwarighat Main Rd, near BHEEM NAGAR, Bhim Nagar, GATE, Jabalpur, Madhya Pradesh 482008",23.1197593,79.9263135,Gwarighat,062630 90727,,
392002f3-1e63-43c3-a523-799ced11d341,"New Gyan Sarovar Salon Academy, and Cosmetic",DERMATOLOGY_CLINIC,,Bhim Nagar,"Arti medical Ke Upar, Gyan Sarovar, Salon, in front of South Avenue Mall, Bhim Nagar, Polipather, Jabalpur, Madhya Pradesh 482008",23.121749,79.9276651,Gwarighat,,,https://beautysalonandcosmetic.com/
48a58b75-c57f-4e61-9c01-b5847dcd8372,Laxmi Beauty Parlour,DERMATOLOGY_CLINIC,,Gwarighat Rd,"front of big bazaar, Gwarighat Rd, Jabalpur, Madhya Pradesh 482008",23.1179404,79.9229675,Gwarighat,083191 57242,,
056570a4-e708-42ef-a99a-68ec9a087d0d,Wayz Salon Jabalpur,GENERAL_CLINIC,,Rampur Chowk,"1st Floor, Rampur Chowk, above PNB, Gwarighat Road, Jabalpur, Madhya Pradesh 482008",23.1404381,79.925396,Gwarighat,091110 66633,,
0b7e217d-b45f-47c9-95ce-c46773b1dca5,Priya makeover & beauty salon,DERMATOLOGY_CLINIC,,Gwarighat Rd,"Gwarighat Rd, opposite sent Aloysius School, new PP Colony, Bhim Nagar, Polipather, Jabalpur, Madhya Pradesh 482008",23.1201807,79.9244834,Gwarighat,,,
a307da66-5ec7-4fa4-80e8-f10100010c39,Pradhan mantri jan aushdhi kendra shop no 870 choti line gwarighat road front to Narendra dairy jabalpur 482001 mp,GENERAL_CLINIC,,gwarighat road,"Chooti line, gwarighat road, in front of narendra dary, Gorakhpur, Madhya Pradesh 482001",23.15387,79.9278094,Gwarighat,089596 32071,,https://chat.whatsapp.com/EX6vUDlO0EjEOo3HrZi4Iy
877ee0d2-5b38-4fa8-b564-59f56f5caa43,Deep Salon,GENERAL_CLINIC,,Bilhari,"878, near Gurudwara, Bilhari, Jabalpur, Madhya Pradesh 482020",23.1341221,79.9637615,Gwarighat,089821 65818,,http://www.deepsalon.com/?utm_source=google&utm_medium=wix_google_business_profile&utm_campaign=17882342099222374437
01b1694a-e24e-4ac2-91e4-c9ec31d3a5a7,Deep Salon,GENERAL_CLINIC,,Gorakhpur Main Rd,"Shop No. 8, Gorakhpur Main Rd, in front of HYTE, near Katanga, Crossing, Gorakhpur, Jabalpur, Madhya Pradesh 482001",23.1517701,79.9350715,Gwarighat,089821 60180,,https://www.deepsalon.com/
79164f1c-c1b2-438f-b436-7e6b990703e9,"Kirti_makeover1 , Makeup studio & academy , Hairstylist",DERMATOLOGY_CLINIC,,Azad chowk,"Azad chowk, Street Number 8, near Prachi telecom, Sadar Bazar, Sadar, Jabalpur, Madhya Pradesh 482001",23.1534171,79.9453076,Gwarighat,088274 66784,,https://instagram.com/kirti_makeover1?utm_medium=copy_link
4ff9ef69-5fff-4078-a75f-ebd4a850f412,Shubhi Makeover - Best makeover salon in jabalpur ! Best bridal makeover salon in jabalpur,GENERAL_CLINIC,,Wright Town,"Shubhi Makeover, near Kothari hospital, beside khandelwal, Wright Town, Jabalpur, Madhya Pradesh 482002",23.1629358,79.9221175,Gwarighat,099266 59320,,https://www.instagram.com/shubhi_makeover_acadamy/
d9338c31-f399-4f51-8a16-1e952cc1c23f,Utsav Medicose,PHARMACY,,Narmada - Gwarighat Rd,"4WFH+43R, Narmada - Gwarighat Rd, Bhim Nagar, Polipather, Jabalpur, Madhya Pradesh 482008",23.1228607,79.9276437,Gwarighat,,,
19d14ea4-f738-4372-89cc-57a8421b9a8a,Siya Makeover and salon,GENERAL_CLINIC,,Panchsheel Nagar,"Panchsheel Nagar, Satyanand Vihar, Adarsh Nagar, Rampur, Jabalpur, Madhya Pradesh 482008",23.1305936,79.930745,Gwarighat,,,
d918d61c-4e18-43dd-a38d-3023181e7635,Shruti Soni Bridal Artistry -( Best Bridal Makeup Artist Jabalpur),GENERAL_CLINIC,,Sbi Colony,"Sbi Colony, infront of Deep girls hostel, Ukhri Rd, Sarvodaya Nagar, Jabalpur, Madhya Pradesh 482002",23.1803557,79.9170105,Gwarighat,074006 21063,,
91eb0cfb-c3b8-4b4a-89d7-cc29010e2863,Arunika Medicose,PHARMACY,,Narmada - Gwarighat Rd,"Narmada - Gwarighat Rd, Gwarighat Main Rd, Bhim Nagar, Polipather, Jabalpur, Madhya Pradesh 482008",23.128003,79.93021,Gwarighat,088199 09944,,
c4800b17-fff7-49ee-870e-e608dda43a2a,Balaji Salon & Training Academy | Bridal Makeup Artist in Jabalpur,GENERAL_CLINIC,,Narmada Rd,"FF-04 05, Johnson Tower, Narmada Rd, opp. Maharish School, Ratan Colony, Gorakhpur, Jabalpur, Madhya Pradesh 482001",23.1472059,79.9269034,Gwarighat,096695 21668,,https://balajisalon.com/
de9fdc31-78c0-487b-839b-fea2c90a6242,Veera Beauty Centre,DERMATOLOGY_CLINIC,,Near Gorakhpur petrol pump opp sardar tent house,"Near Gorakhpur petrol pump opp sardar tent house,jagat mall, Gorakhpur, Jabalpur, Madhya Pradesh 482001",23.1523658,79.9341211,Gwarighat,091793 41113,,https://www.priyafairnessbeautyproducts.com/
c8b1de7f-ec61-49da-b183-0bfba5632308,Varsha Medical gwarighat,GENERAL_CLINIC,,Gwarighat Main Rd,"Gwarighat Main Rd, Bhim Nagar, Polipather, Jabalpur, Madhya Pradesh 482008",23.1270663,79.9303228,Gwarighat,086027 77396,,
c0a932e2-d180-4c76-a4f0-f8f8f1bf2fd2,Be Stylish unisex salon,GENERAL_CLINIC,,Railway Station Rd,"Shop No. 23, Carves Aseam Complex, Reliance fresh, Railway Station Rd, Tagore Railway Colony, South Civil Lines, Jabalpur, Madhya Pradesh 482001",23.161415,79.948928,Gwarighat,096444 48544,,
985336f7-ce11-4754-80fc-7774ea5beca9,Mamaearth Exclusive Store,GENERAL_CLINIC,,Narmada - Gwarighat Rd,"Mall, Plot no 36, South Avenue, Unit No - 24, Ground Floor, 4, Narmada - Gwarighat Rd, adjoining perfect pottery, Bhim Nagar, Katanga, Jabalpur, Madhya Pradesh 482008",23.1240924,79.9271942,Gwarighat,,,https://mamaearth.in/
79cf5f6c-a66d-4291-b337-4417463e8e4d,The Body Shop,GENERAL_CLINIC,,Narmada - Gwarighat Rd,"Shop No G 22 & 23, South Avenue Mall, Plot No 36/4, Narmada - Gwarighat Rd, adjoining Perfect Pottery, Bhim Nagar, Rampur, Jabalpur, Madhya Pradesh 482008",23.124243,79.9274354,Gwarighat,095134 43932,,https://stores.thebodyshop.in/the-body-shop-cosmetics-store-rampur-jabalpur-253593/Home?utm_source=locator&utm_medium=googleplaces
208a78e1-ae33-4582-a3aa-8519c020a865,Lavish Salon jabalpur,GENERAL_CLINIC,,Mahanadda Rd,"Madan Mahal, Plot no 23, Mahanadda Rd, in front of Sachin Tent Mall, beside Durga Mandir, Cheevani Phamad Nagar, Jabalpur, Madhya Pradesh 482001",23.1568974,79.9251339,Gwarighat,091799 99462,,https://youtube.com/@lavishsalonjabalpur?si=p4t0YUnqwLSQfIJq
b741f617-0318-4f4d-b8d3-11d0b544cf1d,Glam & Glitter Women's Parlour,GYNECOLOGY_CLINIC,,Gwarighat Rd,"1st floor, Hotel Akash Ganga, Gwarighat Rd, opp. sam mall, Bhim Nagar, Polipather, Jabalpur, Madhya Pradesh 482008",23.12448,79.9286865,Gwarighat,073896 33845,,http://jabalpurhelpline.com/glam-and-glitter-womens-parlour
c35a343d-2081-45b2-a5db-652cab888707,FCBC SALON & MAKEUP ACADEMY,GENERAL_CLINIC,,beside Hardol Mandir,"19/1, beside Hardol Mandir, Ganjipura, Jabalpur, Madhya Pradesh 482002",23.1729447,79.9316961,Gwarighat,,,
cce13b12-b3b1-44b8-b9e1-c2c10291d17f,Ram Medical Stores,PHARMACY,,Narmada Rd,"4WFG+2W5, Narmada Rd, Bhim Nagar, Gwarighat, Jabalpur, Madhya Pradesh 482008",23.1225183,79.9273599,Gwarighat,093295 62895,,
69ba37ae-a3f5-409e-ac0b-f406fa5ccbe2,Chainika herbal beauty parlour and training centre.,DERMATOLOGY_CLINIC,,Narmada Rd,"73, Narmada Rd, near Mahadev pride, Tagore Nagar, Indirapuri Colony, Rampur, Jabalpur, Madhya Pradesh 482008",23.1292801,79.9328599,Gwarighat,091446 10049,,
27bd126f-d83b-4706-b6f5-8d6723bfe947,CELESTIAL MAKEUP HUB BY GARIMA G6,GENERAL_CLINIC,,Ganesh Chowk,"The Gaurav building, Ganesh Chowk, Chansoria market, Sadar Main Rd, near Mahakali temple, Sadar Bazar, Jabalpur, Madhya Pradesh 482001",23.1540103,79.9444735,Gwarighat,093031 33002,,https://youtube.com/c/Garimag6MIAAmakeupisanart
8b77dc47-827e-4114-a139-743771c4bfb6,Rakshyemakeover Siyaa Makeup and Hair Artist,DERMATOLOGY_CLINIC,,south Milloniganj,"230/1, south Milloniganj, Chhota Fuhara, Suji Mohalla, Gohalpur, Jabalpur, Madhya Pradesh 482002",23.1843299,79.9321481,Gwarighat,093404 56988,,
6115186b-d263-4349-9af2-00a586cd16e8,Shikha Makeover - Best Makeup Artist | Skin Care Specialist | Hair Treatment in Jabalpur,DERMATOLOGY_CLINIC,,Narmada Rd,"D.No.2, Katanga Crossing, Bhumika State, Narmada Rd, Gorakhpur, Jabalpur, Madhya Pradesh 482001",23.1504891,79.9348831,Jabalpur Cantt,079990 45800,,
b8b0407d-2917-44a3-9bae-7fd47e6931e1,davakhana,GENERAL_CLINIC,,Rampur,"near by kher mai mandir, Rampur, Jabalpur, Madhya Pradesh 482008",23.1345986,79.9260588,Jabalpur Cantt,074408 44654,,
506d73bc-db47-4f39-b93d-d6de56c345de,"Neroli Salon, Skin, Hair & Beauty Experts | Jabalpur",DERMATOLOGY_CLINIC,,Napier Town,"Arpan Apartment, near 4th bridge, Napier Town, Jabalpur, Madhya Pradesh 482001",23.1594866,79.93655,Jabalpur Cantt,087700 63857,,
ce4b78dc-44b3-444b-811e-b8b1194d810e,Queen's Salon,GENERAL_CLINIC,,4WW6+2HW Shivaji Chowk,"4WW6+2HW Shivaji Chowk, Rd, Sainik Society, Shakti Nagar, Jabalpur, Madhya Pradesh 482002",23.1450595,79.9115961,Shakti Nagar,092433 95364,,https://queens-salon.grexa.site/
9f017c31-90ce-4046-be8c-9769a981ca06,Perfect pair cosmetics,DERMATOLOGY_CLINIC,,Gorakhpur Main Rd,"Shop no.307 ,second floor, mangalam tower, Gorakhpur Main Rd, above Mochi & Allen solely showroom, Nehru Railway Colony, Gorakhpur, Jabalpur, Madhya Pradesh 482001",23.1521191,79.9356082,Shakti Nagar,092441 33500,,
46a88fb0-2f7f-4f97-aff6-92ec418057c0,Aura luxe Salon,GENERAL_CLINIC,,near Chowki,"near Chowki, Panchsheel Nagar, Satyanand Vihar, Adarsh Nagar, Rampur, Jabalpur, Madhya Pradesh 482001",23.1392718,79.9267841,Shakti Nagar,077709 74979,,
2572f3a2-c1d2-49b8-b7e1-4ccd6464b53d,"Be U Smart Salon, Rampur Jabalpur",GENERAL_CLINIC,,near Sule Hospital Ahead Sudha Vihar Colony Gate,"Shop no 4, near Sule Hospital Ahead Sudha Vihar Colony Gate, D'lima Compund, Adarsh Nagar, Rampur, Jabalpur, Madhya Pradesh 482008",23.1390203,79.9246498,Shakti Nagar,096857 10399,,https://www.facebook.com/beu.jabalpur
d98dc6fb-34bd-4cc1-81aa-34fd9beeb86f,Rusche,GENERAL_CLINIC,,1454/7 Narmada Road,"1454/7 Narmada Road, before, Rampur Chowk, opposite GRC MESS, Jabalpur, Madhya Pradesh 482001",23.1424299,79.9262071,Shakti Nagar,091316 62700,,
b5527b9b-e231-4c86-ab5d-865570cebc74,Orphic International Unisex Salon,GENERAL_CLINIC,,Main Road,"Johnson Tower, Main Road, opposite Maharishi School, Gorakhpur, Jabalpur, Madhya Pradesh 482001",23.1463726,79.9268021,Shakti Nagar,074770 82474,,https://orphicsalon.com/
379fdaa9-f232-4db4-9d2b-3e2ffd635e9b,SB Salon & Training Academy,GENERAL_CLINIC,,Tayebali Petrol Pump Crossing Indian Overseas Bank Road,"Tayebali Petrol Pump Crossing Indian Overseas Bank Road, near CID Office, South Civil Lines, Jabalpur, Madhya Pradesh 482001",23.1646766,79.9400663,South Civil Lines,072239 99014,,
c58abf72-74db-4ecc-ad61-95bed005befe,Style Mantra,GENERAL_CLINIC,,Tagore Railway Colony,"Shop no 6, near second bridge, Tagore Railway Colony, South Civil Lines, Jabalpur, Madhya Pradesh 482001",23.1615453,79.9472424,South Civil Lines,095758 79822,,
9bffff74-b250-4396-b258-0a3099a6dd0b,Wella Professionals,GENERAL_CLINIC,,South Civil Lines,"Hotel Narmada Jacksons, above Asanzo, CQAW Quarters, South Civil Lines, Jabalpur, Madhya Pradesh 482001",23.1654735,79.9567401,Gol Bazar,,,http://www.wella.com/
8f9ff9e9-32de-4d41-85f2-5435a43f4400,PJ makeovers,GENERAL_CLINIC,,Tagore Railway Colony,"305, dutt and chadda enclave, opposite of GS college, Tagore Railway Colony, South Civil Lines, Jabalpur, Madhya Pradesh 482001",23.1647787,79.9558267,Gol Bazar,074703 16062,,
8e026790-a46b-4ad1-9788-1cc7dc4d3c3d,Dr. Jalaj Shivhare,GENERAL_CLINIC,,Anand Talkies Road,"Ground Floor, Kachnar Sambhar, Old, Anand Talkies Road, Napier Town, Jabalpur, Madhya Pradesh 482001",23.1611118,79.9369118,Sadar Bazar,070005 88080,,https://cosmeticcareindia.com/
baa5ad2d-5749-4e58-a32c-9f7c4eeb8e43,Kriss Beauty Salon,DERMATOLOGY_CLINIC,,Sadar Bazar,"hs 298/B, Street Number 9, Sadar Bazar, Sadar, Jabalpur, Madhya Pradesh 482001",23.1533066,79.9459496,Sadar Bazar,098266 43471,,
92d7ffbb-26c4-49c1-923f-11ecf3876de2,Trupati PHARMA,GENERAL_CLINIC,,Road,"Chanchala Bai College, Road, Jabalpur, Madhya Pradesh 482002",23.1688084,79.9240123,Kamla Nehru Nagar,093021 04959,,
2eb4c5d9-cf1b-4842-8b42-c77beed59226,Blessings Studio By Parmeet Kaur,GENERAL_CLINIC,,Wright Town,"Railway Station, near Madan Mahal, in front of MM Paramedical College, Wright Town, Jabalpur, Madhya Pradesh 482002",23.1627133,79.9211425,Kamla Nehru Nagar,079996 01718,,
9ce008bf-8696-4172-af1c-05c1c23450c4,Kumsin salon,GENERAL_CLINIC,,Kalimath Rd,"955,Madan Madal,Amanpur, Kalimath Rd, Jabalpur, Madhya Pradesh 482002",23.1582394,79.9153886,Kamla Nehru Nagar,090391 59091,,https://www.instagram.com/kumsin_salon?igsh=OWt2OXA3MWNjdGwz
f81fea8b-6b03-4a27-b193-0db14a361306,Beauty Clinics - Near Prem Mandir Wright Town 22252 1st Floor,DERMATOLOGY_CLINIC,,SkinHairandCosmeticClinicDrKuldeepBhardwajMD - 2225/2,"SkinHairandCosmeticClinicDrKuldeepBhardwajMD - 2225/2, Wright Town, Jabalpur, Madhya Pradesh 482002",23.1623602,79.9250297,Cherital,,,
ef88bb2f-af99-4576-9830-7e341f690a7b,Abhilasha Cosmetics Store,DERMATOLOGY_CLINIC,,Main Road Jabalpur Road,"Main Road Jabalpur Road, Lalmati,Chungi Chowki, Madhya Pradesh 482001",23.1799965,79.9635915,Miloniganj,077719 26930,,
3c9b3d2f-994f-425d-a9b2-52bf9ab4705c,"Ashi Beauty Parlour, Academy & Cosmetic Center",DERMATOLOGY_CLINIC,,Milloniganj,"603, SOUTH, Milloniganj, Chhota Fuhara, Suji Mohalla, Gohalpur, Jabalpur, Madhya Pradesh 482002",23.1848098,79.9337737,Miloniganj,093409 20907,,
7e7c4b7f-00c5-4c99-9456-1ca39fc65e29,Makeup by Monishaa best bridal makeup artist in jabalpur),GENERAL_CLINIC,,Janki raman mandir ke pass pandey chowk,"Janki raman mandir ke pass pandey chowk, Dixitpura Rd, Sushi Mandi, Jabalpur, Madhya Pradesh 482002",23.1782532,79.9289435,Miloniganj,062630 21186,,
dca67355-21c7-4e84-87c5-18ff4f3bb6e2,Shilpa Makeover and Academy,GENERAL_CLINIC,,chowk,"Shilpa Makeover and Academy, 571, chowk, KanchGhar, Jabalpur, Madhya Pradesh 482001",23.1795361,79.9618122,Miloniganj,094253 89187,,https://jabalpurinfo.com/shilpa-makeover-and-academy-jabalpur/
8f47b74f-aef4-4c06-b464-06fe93da2cb9,Khushi Herbal Beauty Parlour,DERMATOLOGY_CLINIC,,station road,"infront of sai Hospital, station road, near SBI bank ATM, behind vishkarma hardware, KanchGhar, Jabalpur, Madhya Pradesh 482001",23.1772837,79.9600335,Miloniganj,092292 10165,,
b10c89a2-2990-4150-a1df-836bd62e9bb6,THE LAVISH Sonia's beauty & hair salon,DERMATOLOGY_CLINIC,,gopal sadan road,"18/B, gopal sadan road, opp. Aditya convent school, Uprainganj, Jabalpur, Madhya Pradesh 482002",23.1821363,79.9290984,Miloniganj,081091 80548,,
cd4281ad-d869-490d-914e-527cd72bcfd9,Inure Herbal Beauty Clinic,DERMATOLOGY_CLINIC,,Cherital,"5WMG+26P, Cherital, Jabalpur, Madhya Pradesh 482002",23.182593,79.925581,Miloniganj,082232 35566,,
5ebc67ce-28c6-46f4-9e3e-d55c9b725ee0,Zeenat Beauty Salon,DERMATOLOGY_CLINIC,,Sauth miloniganj machhali market,"sageer store, Sauth miloniganj machhali market, ke samnye, Jabalpur, Madhya Pradesh 482002",23.184563,79.9359404,Miloniganj,074402 86987,,
6607bc84-5686-4c2e-afc9-4084c19de208,Atishay Bangle Shop Jabalpur,GENERAL_CLINIC,,Beohar-Niwas Palace Rd,"872, Beohar-Niwas Palace Rd, Behaji Wada, Hanumantal Ward, Jabalpur, Madhya Pradesh 482002",23.1783639,79.9363675,Miloniganj,,,
bb787f04-f81d-48b4-93fd-b631e7ca3bc0,Sreekanth Cosmetics,DERMATOLOGY_CLINIC,,Milloniganj,"64, Milloniganj, Uprainganj, Jabalpur, Madhya Pradesh 482002",23.1812731,79.9343861,Miloniganj,072180 05727,,
e5aef3e7-b3b0-4a49-920e-c0b85569ae14,Raj cosmetics and Bengals,DERMATOLOGY_CLINIC,,Namdeo market,"Namdeo market, Uprainganj, Jabalpur, Madhya Pradesh 482002",23.1797762,79.9288494,Miloniganj,,,
b048d727-db0b-401a-9839-2f2fd4d91919,AGRAWAL MEDI MART,GENERAL_CLINIC,,cherital,"Parijat building, in front of sanil dental clinic, cherital, Jabalpur, Madhya Pradesh 482002",23.1826522,79.9264117,Miloniganj,,,https://www.instagram.com/shushant_s_agrawal_?igsh=MXMyMWNyeWpvbTRvZA==
d93031db-c298-4ba7-ba08-8d08c5d4c15a,Glam Salon And Makeup Academy,GENERAL_CLINIC,,Punjab Bank Colony,"Punjab Bank Colony, 1753, Sarvodaya Nagar, Jabalpur, Madhya Pradesh 482002",23.1826735,79.9264355,Miloniganj,079876 03343,,https://www.instagram.com/glamsalonjbp?igsh=MWZreW0yc3VxaWZxMg==
3730bb7d-5ff5-4000-96d4-60f8583eaddc,Orphic International Unisex Salon & Spa Pvt Ltd - 𝐁𝐞𝐬𝐭 𝐒𝐚𝐥𝐨𝐧 𝐈𝐧 𝐉𝐚𝐛𝐚𝐥𝐩𝐮𝐫,GENERAL_CLINIC,,Sharda Tower,"Sharda Tower, Maa, Main Rd, beside PNB Bank, Cherital, Jabalpur, Madhya Pradesh 482002",23.1817071,79.9264323,Miloniganj,074770 76216,,https://orphicsalon.com/
5903f0d2-6dec-48fc-94bd-bf09a76b0904,Madhavi Cosmetic,DERMATOLOGY_CLINIC,,Milloniganj,"Milloniganj, Suji Mohalla, Gohalpur, Jabalpur, Madhya Pradesh 482002",23.1833414,79.9349845,Miloniganj,062671 71048,,
2d2bf03d-33ab-45d7-841f-5d69eabc95e5,Ansari Medical Stores,PHARMACY,,South Milloniganj,"1204, South Milloniganj, Jabalpur, Madhya Pradesh 482002",23.1841536,79.9354606,Miloniganj,093022 57305,,
9924fc25-22ed-4dfc-af5e-9e476627c845,Sharanya Cosmetics,DERMATOLOGY_CLINIC,,Milloniganj,"Milloniganj, Uprainganj, Jabalpur, Madhya Pradesh 482002",23.1832773,79.9346623,Miloniganj,062945 84678,,
8b7c9483-898c-42cc-9fb0-2b4708e07ad1,Patanjali Arogya Kendra,GENERAL_CLINIC,,Ranjhi Road,"Infront of Allahabad Bank, No 196, Ranjhi Road, Chungi Chowki, KanchGhar, Jabalpur, Madhya Pradesh 482001",23.1794472,79.9621532,Miloniganj,096175 78985,,https://patanjalistores.patanjaliayurved.org/patanjali-arogya-kendra-harshita-arogya-kendra-grocery-stores-kanchghar-jabalpur-257305/Home?utm_source=locator&utm_medium=googleplaces
0322c680-88c6-4042-82af-c2a3e73886ee,Mona Beauty Parlour & Beauty Clinic,DERMATOLOGY_CLINIC,,(Landmark - Samdariya Adarsh Cherital Jabalpur ),"Shop Number 9 Mona Beauty Parlour Samdariya Adarsh Cherital Jabalpur, (Landmark - Samdariya Adarsh Cherital Jabalpur ), Jabalpur, Madhya Pradesh 482002",23.182994,79.927393,Miloniganj,,,
dbdbf5b1-9a15-4f76-8e88-9e06df1d6647,Ranu Beauty & Makeover Jabalpur,DERMATOLOGY_CLINIC,,Railway police line Rd,"Railway police line Rd, Railway Station Rd, near Shri medical, Ghamapur, Jabalpur, Madhya Pradesh 482001",23.1758488,79.9583787,Rani Durgavati,,,
455a0d9f-68a3-47cd-855d-c0133bbc4167,Nayan Salon & Beauty Academy,DERMATOLOGY_CLINIC,,Shitla Mai Ward East,"Shitla Mai Ward East, Ghamapur, Jabalpur, Madhya Pradesh 482001",23.1781413,79.9541208,Rani Durgavati,075660 50748,,
76499da0-8e2d-4d22-8d0c-7d37be75969e,Skin,DERMATOLOGY_CLINIC,,Dr.Kuldeep Bhardwaj's Skin Hair & Cosmetic Clinic,"Dr.Kuldeep Bhardwaj's Skin Hair & Cosmetic Clinic, Wright Town, Jabalpur, Madhya Pradesh 482002",23.1623576,79.9250083,Medical Road,,,https://skin.net.in/
dca6db45-9573-4d69-87c2-e01872614a84,Manu Makeover and beauty Salon,DERMATOLOGY_CLINIC,,New Shastri Nagar,"New Shastri Nagar, Shastri Nagar, Jabalpur, Madhya Pradesh 482003",23.1431061,79.8730951,Shastri Nagar,074899 80283,,
b009756f-06b5-42e5-8350-d1ffb70a089e,ABSOLUTE SALON JABALPUR,GENERAL_CLINIC,,New Shastri Nagar,"Plot no 32/2, behind Khushi Mobile, New Shastri Nagar, Shastri Nagar, Jabalpur, Madhya Pradesh 482003",23.1406449,79.8779305,Shastri Nagar,091113 10012,,
4da8b824-9805-42b3-9b70-bbcb37b10f67,Shikha makeover beauty hub,DERMATOLOGY_CLINIC,,Jasuja City,"5V7C+P8W, Jasuja City, Phase 3, Jasuja, Dhanvantari Nagar, Jabalpur, Kugawan, Madhya Pradesh 480002",23.1643681,79.8708315,Shastri Nagar,,,
f38bb326-7143-47eb-90c9-bf5a6335219c,Dr Deepesh Agrawal,GENERAL_CLINIC,,Vijay Nagar,"Shalby Multi-speciality Hospital, Vijay Nagar, Jabalpur, Raksha, Madhya Pradesh 482002",23.18447,79.9091923,Shastri Nagar,075875 25490,,https://jabalpurhelpline.com/dr-deepesh-agrawal-plastic-surgeon
70165177-08a3-4985-9cef-9a14ff12fe96,Khandelwal & Company Doctor's House,GENERAL_CLINIC,,Gandhiganj,"323, Gandhiganj, Bada Phuhara, near Bade Mahaveer Mandir, Jabalpur, Madhya Pradesh 482002",23.1764587,79.9311209,Hanuman Tal,,,https://jabalpurhelpline.com/khandelwal-and-company-doctors-house
ff2cd401-668c-4c62-8f36-6defe430ac4d,J Angels Beauty Parlour,DERMATOLOGY_CLINIC,,near Krishna Colony,"West, near Krishna Colony, Christian Colony, Ghamapur, Jabalpur, Madhya Pradesh 482001",23.1775928,79.9529487,Ghamapur,090987 02006,,https://www.instagram.com/reel/CuRVsTrM8Qu/?igsh=aHM1MnFpNnd6dmh0
0074b4ad-1606-4481-b415-daa1c501c128,Beauty & Style,DERMATOLOGY_CLINIC,,Christian Colony,"CMS Church Compound, 221/2, beside St. Paul's Church, Christian Colony, Ghamapur, Jabalpur, Madhya Pradesh 482001",23.1756793,79.9520161,Ghamapur,099261 19645,,https://www.instagram.com/p/Cd0Ez_fljcF/?igshid=YmMyMTA2M2Y=
c6a6ee53-a3b1-4570-8d26-3a454691b164,Skin Care Dawakhana,DERMATOLOGY_CLINIC,,UF Road,"UF Road, Sector No.2, Shobhapur, Jabalpur, Madhya Pradesh 482009",23.1940229,79.9760712,Ghamapur,099772 16274,,
f8494d0a-5116-43d6-ba61-f057c36f34b1,SUGAR Cosmetics - Makeup & Skin Care,DERMATOLOGY_CLINIC,,Gorakhpur Rd,"G & 03B, GF, Pushpa Plaza Cplx, SN 452, Katanga Crossing, Gorakhpur Rd, Jabalpur, Madhya Pradesh 482001",23.1516736,79.9357453,Katanga,062608 64557,,https://stores.sugarcosmetics.com/sugar-cosmetics-makeup-skin-care-cosmetics-store-gorakhpur-road-jabalpur-316122/Home?utm_source=locator&utm_medium=googleplaces
5e0a5313-03dd-4cea-8e5b-786e9abc1216,Orvin Professional Unisex Salon & Spa,GENERAL_CLINIC,,Hotel kalchuri road,"Hotel kalchuri road, below star hotel, Prestige Town, South Civil Lines, Jabalpur, Madhya Pradesh 482001",23.1634947,79.9540175,Katanga,074470 41516,,http://orvin-unisex-salon-n-spa.respark.in/
a27a2eca-58ba-4f76-8bb7-d39dbebddeaf,Rose Beauty Salon,DERMATOLOGY_CLINIC,,Narmada Rd,"Duplex No. 3, Bhoomika Estate, Narmada Rd, above Chen Dental Clinic, Gorakhpur, Jabalpur, Madhya Pradesh 482001",23.1507164,79.935137,Katanga,090394 94786,,
8e66ec51-f66b-443c-8957-e982d23f095f,Astral kind,GENERAL_CLINIC,,Katanga Rd,"Katanga Rd, Katanga, Jabalpur, Madhya Pradesh 482001",23.1486316,79.9389332,Katanga,,,
969c4f6f-0d5c-49f6-866b-4fb7773d079b,Vamika Cosmetics Shop,DERMATOLOGY_CLINIC,,Main Road,"Plot No. 131, Main Road, Sanjeevani Nagar, Jabalpur, Madhya Pradesh 482003",23.1653443,79.8986743,Sanjeevani Nagar,099263 60874,,
6ce2d158-a3af-4c78-9f40-069ca79ebd9a,7Heavenunisexsalon,GENERAL_CLINIC,,main road,"Rajul basera, D/04, main road, Tilhari, Jabalpur, Madhya Pradesh 482020",23.1247622,79.9688733,Tilhari,079872 01151,,
6a33241d-d4a2-4bb7-8ebc-3a7c3e502303,ROSE BEAUTY SALON,DERMATOLOGY_CLINIC,,Rajul Township,"Rajul Township, Chaitanya City, Tilhari, Jabalpur, Madhya Pradesh 482021",23.1230531,79.9813635,Tilhari,098274 42777,,https://www.instagram.com/rose_beauty2488?igsh=aTVjcXNoc3N5Zmcw
e44fc0c9-fd7f-4018-b7ab-8f704387aa94,Look Me Beauty Salon & Spa only for womens,GYNECOLOGY_CLINIC,,Rajul City Phase 1,"Rajul City Phase 1, Hno 270, Maa Narmada Nagar, Bilhari, Jabalpur, Madhya Pradesh 482001",23.1318467,79.9689853,Tilhari,095753 13250,,https://www.google.com/gasearch?q=look%20me%20beauty%20salon%20%26%20spa&source=sh/x/gs/m2/5#ebo=0&mpd=~10001063808118596197/editprofile/info
b1775d4c-44a2-4579-a10d-4560fed4981d,Dollys beauty port,DERMATOLOGY_CLINIC,,Jabalpur Rd,"Jabalpur Rd, near Oxygen gym, Tilhari, Bhatauli, Madhya Pradesh 482020",23.1122002,79.9760709,Tilhari,074150 55587,,
ccfa8097-ebcc-4914-aaa2-7b7cdcc05805,Mirrors beauty salon,DERMATOLOGY_CLINIC,,Mandla - Jabalpur Rd,"just side of any time meals, 111, Mandla - Jabalpur Rd, Bilhari, Jabalpur, Madhya Pradesh 482020",23.133428,79.9637581,Tilhari,083195 58188,,
d0b57082-c549-4325-9f88-49da08500bb7,Supriya Prabhakar | Bridal Makeup Artist Jabalpur,GENERAL_CLINIC,,Unknown,,23.1756951,79.9687529,Tilhari,078049 49796,,https://www.instagram.com/makeoverby_supriyaa/
eec99e26-0d4f-4a0b-bf5b-ab758c975a72,Syeda Cosmetics,DERMATOLOGY_CLINIC,,Tilhari,"Tilhari, Jabalpur, Madhya Pradesh 482008",23.1137899,79.9607561,Tilhari,093922 53025,,
8f58f1d8-1758-4e19-a95d-feb3848ca934,Shabab Style Beauty Parlour -Family Salon in Bilhari | Beauty Parlour in Bilhari |Best Hair Service in Bilhari Jabalpur,DERMATOLOGY_CLINIC,,Mandla - Jabalpur Rd,"Mandla - Jabalpur Rd, opposite Ganesh Cloth Stores, Bilhari, Jabalpur, Madhya Pradesh 482020",23.133255,79.9635215,Tilhari,091119 99146,,
a3318414-f8c1-4882-aef2-7ed9bbe10dee,Sakhi beauty parlour and salon,DERMATOLOGY_CLINIC,,Mandla - Jabalpur Rd,"Mandla - Jabalpur Rd, Bilhari, Gopalpur, Jabalpur, Madhya Pradesh 482020",23.128641,79.9651732,Tilhari,099075 13829,,
86bc2ae7-8068-456c-9d3c-ebe391017945,Make Me Up Salon,GENERAL_CLINIC,,Gopalpuram,"Petrol pump, Gopalpuram, Bilhari, Jabalpur, Madhya Pradesh 482020",23.1278277,79.9654678,Tilhari,073547 88670,,
ee0912d9-36f3-4f55-8310-f96efeee80c6,Huk Natural,GENERAL_CLINIC,,Annapurna Market,"1st Floor, Annapurna Market, Normal School Rd, Ganjipura, Jabalpur, Madhya Pradesh 482002",23.1731933,79.9325209,Barela,093001 03660,,
b5adccff-0a5a-4df4-a609-ccc1034ed047,Sushma Salon and Academy Panagar,GENERAL_CLINIC,,saraf market,"kamaniya gate chuttan, saraf market, Panagar, Madhya Pradesh 483220",23.2852256,79.9929461,Panagar,,,
aa8cd112-4511-469d-b80d-f0e2a613f40a,Meenakshi Next Salon,GENERAL_CLINIC,,Ganjipura,"Shri Nath ki taleyya, Ganjipura, Jabalpur, Madhya Pradesh 482002",23.1713061,79.9338364,Panagar,099935 66615,,
28584bd2-0704-480e-860f-557be8aa036d,Lokesh Khairwar,DERMATOLOGY_CLINIC,,Bhedaghat Main Rd,"4VH5+RXJ, Bhedaghat Main Rd, Dhanvantari Nagar, Jabalpur, Madhya Pradesh 482003",23.1295888,79.8598848,Bhedaghat,089822 05293,,
a1414fc0-a723-4bb3-b095-c1fc21b3aa7e,Laisel Salon ( Jennifer jibrail ),GENERAL_CLINIC,,Dhanvantari Nagar,"Dhanvantari Nagar, Jabalpur, Madhya Pradesh 482003",23.1579095,79.8726211,Bhedaghat,090985 54416,,https://m.facebook.com/profile.php/?id=100019442534103
3ab4b639-9b99-4722-96d5-4f98249b99be,Khyati,GENERAL_CLINIC,,Sai Colony,"Near, beside bedi construction, Sai Colony, Dhanvantari Nagar, Jabalpur, Madhya Pradesh 482003",23.163958,79.8735277,Bhedaghat,079998 64080,,
11936ba7-6a3c-49fc-8d6b-cdb93931776f,Blush & glow,GENERAL_CLINIC,,Dhanvantari Nagar,"Beauty salon, Dhanvantari Nagar, Jabalpur, Madhya Pradesh 482003",23.1612849,79.8736554,Bhedaghat,076103 20188,,
49bbe50d-8a8c-418b-a449-2120c14e90c7,Vanity Makeup Studio & Beauty Academy | Bridal Makeup Courses in Jabalpur,DERMATOLOGY_CLINIC,,Dhanvantari Nagar,"House No 359, Dhanvantari Nagar, Jabalpur, Madhya Pradesh 482003",23.1640727,79.8743271,Bhedaghat,070000 45157,,https://vanitymakeupstudio.com/
b3434c5c-5dd8-4445-add1-2dfb98719890,Perfect Seven Spa and Salon,GENERAL_CLINIC,,opp. Bngali Club Karamchand Chowk,"1st floor, beside Modi Electronic, opp. Bngali Club Karamchand Chowk, Ganjipura, Jabalpur, Madhya Pradesh 482002",23.1700881,79.9339613,Bhedaghat,077460 17777,,
b902c242-2af7-4824-a3e4-17b8a23af04a,Sheeba Beauty Salon | Make-up | Haircut | Styling | Jabalpur,DERMATOLOGY_CLINIC,,Ram Nagar,"Ram Nagar, Gohalpur, Jabalpur, Madhya Pradesh 482002",23.1839646,79.9357213,Bhedaghat,093009 95127,,
3110ffe3-1991-42b0-9c12-a1445cae6533,Looks Salon,GENERAL_CLINIC,,Near Handa Petrol Pump Narmada Road,"2nd Floor, IC Tower, Near Handa Petrol Pump Narmada Road, Gorakhpur Rd, Gorakhpur, Jabalpur, Madhya Pradesh 482001",23.1494746,79.9326647,Bhedaghat,089669 51111,,http://www.lookssalon.in/
9b451015-907e-46ca-8fa2-c2d1e8ca8daa,Sudha Medicals,GENERAL_CLINIC,,Bhedaghat Main Rd,"5R42+5WR, Bhedaghat Main Rd, CHowk, Bhedaghat, Jabalpur, Madhya Pradesh 483053",23.1554847,79.8022794,Bhedaghat,093004 57770,,
55ce556e-5b01-41bd-89eb-2a325cdab808,Yashika Beutiparlour (YM),GENERAL_CLINIC,,Jasuja City,"Face 3, near of Jasuja tower, Jasuja City, Dhanvantari Nagar, Jabalpur, Kugawan, Madhya Pradesh 482003",23.161304,79.8684681,Bhedaghat,094794 59131,,
eafbe44c-73dd-45df-976f-1d371bb6c469,Saburi Medicose,PHARMACY,,Bhedaghat Chowk,"Bhedaghat Chowk, Jabalpur Road, Kudan, Jabalpur, Madhya Pradesh 483053",23.1560183,79.8027003,Bhedaghat,098932 10632,,
a66986f6-bbe7-48f9-a4a0-7bf59e96050b,Tanu Beauty Parlour,DERMATOLOGY_CLINIC,,Dhanvantari Nagar,"Dhanvantari Nagar, Jabalpur, Madhya Pradesh 482003",23.1579611,79.8742818,Bhedaghat,096853 34778,,
e91668c0-e243-4a96-93eb-c8523974dfff,Sonam shakya makeup artist,GENERAL_CLINIC,,Pushpak Nagar,"Ram mandir, Pushpak Nagar, Adhartal, Jabalpur, Madhya Pradesh 482004",23.2021701,79.9409935,Bhedaghat,084359 05622,,https://www.instagram.com/sonamshakyamua?igsh=MWhuMnlud29sa202YQ==
a11369f9-7ca3-4064-b543-5699f8d1ff83,"RR Makeovers & Academy ,Beauty Salon",DERMATOLOGY_CLINIC,,Dhanvantari Nagar,"RR Makeovers, Shri ram dairy gully, Dhanvantari Nagar, Jabalpur, Madhya Pradesh 482003",23.1614437,79.873916,Bhedaghat,078695 85669,,
b67a742c-14be-45eb-b62c-ecf3ecac6890,MUSKAN SALON AND ACADEMY,GENERAL_CLINIC,,Lalmati,"in front of Kitabghar, chandmari, Lalmati, Jabalpur, Madhya Pradesh 482001",23.1829114,79.9632211,Gohalpur,079996 69163,,
2988c571-7340-4d50-967e-35cf0924fd1d,E.N.T. Clinic,GENERAL_CLINIC,,Karmeta,"Karmeta, Jabalpur, Madhya Pradesh 482002",23.2136807,79.9002749,Karmeta,,,
eb578e18-bcc1-458e-9cfc-44b42ba4a5bc,Dr Majid Ansari,GENERAL_CLINIC,,Char Khamba Rd,"5WQQ+7RV, Char Khamba Rd, Ansar Nagar, Gohalpur, Jabalpur, Madhya Pradesh 482002",23.1882401,79.9395485,Gohalpur,,,
d63582cb-412c-4998-9676-e96718473a1e,Shishu And Bachcho Ka Clinic,GENERAL_CLINIC,,Madan Mahal Chowk,"5W49+WH7, Madan Mahal Chowk, Station Raod, Jabalpur, Madhya Pradesh 482001",23.157296,79.918922,Madan Mahal,076124 19292,,
0dce2b6a-e881-43c9-89cc-3a4df0b6912d,Dr. Vandana Nema,GENERAL_CLINIC,,Samdareeya Complex Opposite parijaat building,"Shop no. 6, Samdareeya Complex Opposite parijaat building, Jabalpur, Madhya Pradesh 482002",23.1813654,79.9268076,Adhartal,,,
f5f08c16-6057-407a-a4ec-7584cf797a01,Prathmic Swasth Seva Kendra,GENERAL_CLINIC,,Gulauwa Chowk,"Gulauwa Chowk, Shukla Nagar, Garha, Jabalpur, Madhya Pradesh 482002",23.1621276,79.9087741,Garha,094258 61789,,
3158ba24-2f48-4566-8ae0-cae3fd98cfe9,Child Clinic and Vaccination Centre,PEDIATRIC_CLINIC,,Shatabdipuram Phase 1,"Besides Yash Bharat Press, Dr Mishra Health Care Center, 128 H, Shatabdipuram Phase 1, Jabalpur, New Adaresh Colony, Madhya Pradesh 482002",23.1779067,79.9133518,Karmeta,093013 75112,,
1f1ebcd0-d1a4-4995-80c2-28c2d02ce2d2,Dr. Dinesh Kateha - Best Laproscopic Surgeon in Jabalpur,SURGICAL_CENTER,,Ukhri Rd,"Amrit Clinic, Ukhri Rd, Tiraha, Sheetalpuri, Jabalpur, New Adaresh Colony, Madhya Pradesh 482002",23.1781125,79.9118907,Karmeta,093997 32368,,
df3e0f58-de25-4a13-8aa6-885fe50a863f,Talk time kids child development centre,PEDIATRIC_CLINIC,,Saket nagar mohalla samiti,"Saket nagar mohalla samiti, MR 4 road Saket nagar mohalla samiti, 232/3, behind HP petrol pump, Vijay Nagar, Jabalpur, Madhya Pradesh 482002",23.1806034,79.9107685,Karmeta,073511 36948,,https://www.apnabusinesscard.com/Talk-Time-Kids
28abe545-12db-4415-971c-485687ad8b3b,Clinic Dr. R. N. Verma,GENERAL_CLINIC,,Belbaag-Gurandi Rd,"5WGR+4GW, Belbaag-Gurandi Rd, Anwar Ganj, Jabalpur, Madhya Pradesh 482002",23.1753701,79.9413323,Shakti Nagar,,,
1bf80f91-a712-4e99-a184-d24950e499ca,Ashish Tiwari,GENERAL_CLINIC,,Shanti Nagar,"330, Near Ram Janki Mandir, Shanti Nagar, Damoh Naka, Jabalpur, Madhya Pradesh 482002",23.189559,79.927368,Damohnaka,076126 40615,,
b044af05-bf6f-465c-b617-a4f02e7ff3c6,SUN ORTHO CLINIC JABALPUR,ORTHOPEDIC_CLINIC,,Unknown,,,,Gorakhpur,088150 55635,,https://sunorthoclinic.in/
22c5f669-0c21-43f6-98a8-00ef7ba9906d,orthopedic clinic,ORTHOPEDIC_CLINIC,,nanak nagar,"nanak nagar, Khamaria, Jabalpur, Chakdehi, Madhya Pradesh 482005",23.173247,80.0423151,Ranjhi,,,
65c14c10-2715-4de6-935d-e11d414c4990,Ortho care chhawni,ORTHOPEDIC_CLINIC,,Dhanvantari Nagar,"5V7F+JPM, Dhanvantari Nagar, Jabalpur, Madhya Pradesh 482003",23.1640756,79.87431,Cherital,,,
e62c726f-be4b-47b8-971a-32ea556d0afa,ArthroMed Arthroscopy & Joint Clinic,ORTHOPEDIC_CLINIC,,Wright Town,"5W9F+8F9, Wright Town, Jabalpur, Madhya Pradesh 482002",23.1682882,79.9237253,Miloniganj,,,
895ed447-0fea-4948-a6b0-b3df84ee1b82,Prashnani Orthopedics,ORTHOPEDIC_CLINIC,,Beohar Raghuvir Sinha Rd,"5WFW+8WJ, Beohar Raghuvir Sinha Rd, BeoharBagh, Ghamapur, Jabalpur, Madhya Pradesh 482001",23.1733357,79.9472566,Rani Durgavati,,,
4a17ea21-e194-49b7-8604-8b990dd1bd20,"The Hip & Knee Care Clinic (Dr. Sameer D Mehra - MBBS, MS ORTHO, FIAA)",ORTHOPEDIC_CLINIC,,Adi shankracharya chowk,"gulzar hotel, Near, 230, Adi shankracharya chowk, near choti line phatak, Jabalpur, Madhya Pradesh 482001",23.1546875,79.9271193,Sanjeevani Nagar,070111 81161,,https://jabalpurhelpline.com/dr-sameer-d-mehra-orthopedic-surgeon
b947a2cc-55bb-4c2d-ac5e-454d556f602a,M S ortho clinic raddi chowki road,ORTHOPEDIC_CLINIC,,Gohalpur,"5WPQ+W6X, Gohalpur, Jabalpur, Madhya Pradesh 482002",23.1873531,79.9381098,Gohalpur,,,
f6dae75a-7ae8-4b10-a601-dfcc8a4a4bfb,Pandeya Clinic,GENERAL_CLINIC,,Golbazar,"5WCG+74C, Golbazar, Ranital, beside Dr. Mehta, Jabalpur, Madhya Pradesh 482002",23.1706839,79.925271,Wright Town,076124 56485,,
0cfc85c3-f9ce-4b33-8c79-e56a75423a2a,Dr. Palak Dang Mehra,GENERAL_CLINIC,,Nagpur Rd,"Suvidha Hospital, 230, Nagpur Rd, near Aadi Sankaracharya Chowk, Hathital, Jabalpur, Madhya Pradesh 482001",23.1552816,79.9246308,Madan Mahal,078696 01177,,https://jabalpurhelpline.com/dr-palak-dang-mehra-gynecologist
191b76b5-59bd-440c-9299-f57fe6de0044,"Croma-Jabalpur, Gorakhpur Road",GENERAL_CLINIC,,Gorakhpur Main Rd,"Dixit paradise, Gorakhpur Main Rd, near Adi Shankar Hospital, Gorakhpur, Jabalpur, Madhya Pradesh 482001",23.1513043,79.9269727,Gorakhpur,093115 03474,,https://store.croma.com/croma-jabalpur-gorakhpur-road-electronics-retail-and-repair-shop-gorakhpur-jabalpur-275963/Home
60dc0066-31e6-4034-b6a4-54177052bd32,Firstcry.com Store Jabalpur Gorakhpur Gurudwara Road,GENERAL_CLINIC,,Gurudwara Road,"Shriyansh Tower, Gurudwara Road, Gorakhpur, Jabalpur, Madhya Pradesh 482001",23.1531541,79.9331199,Gorakhpur,0761 492 1088,,http://firstcry.com/
c8552afb-b0fe-4a30-9adf-7e40d758127b,"Dr ASHISH RAJ, NIROGI FEMININE CARE CENTRE",ENT_CLINIC,,CITY P.O,"PLOT NO.83, CITY P.O, Dr ASHISH RAJ RAJ PALACE, OLD JAGDAMBA COLONY, Vikas Nagar, Jabalpur, Madhya Pradesh 482002",23.1847812,79.9135757,Miloniganj,,,
6cc1df2e-491c-44b4-b8a8-14eca7207320,Dr.Rahul Kumar (Anorectal Surgeon (Ayu.)& Neuropanchkarma Specialist),NEUROLOGY_CLINIC,,Purwa Road,"Purwa Road, chowk, Dhanvantari Nagar, Jabalpur, Madhya Pradesh 482003",23.1564056,79.8784845,Shastri Nagar,095759 16055,,
44853f6a-603e-4a02-9f6b-4032d0f239c7,Swasth Peeth Neuro therapy Centre,NEUROLOGY_CLINIC,,Sneh Nagar,"5W79+H62, Sneh Nagar, Jabalpur, Madhya Pradesh 482002",23.1638884,79.9180273,Madan Mahal,,,
5a312046-fda9-45d3-8c88-a304f684c71a,Dr. Anurag Kumar Singh - DM (Neurology) | Neurology clinic,NEUROLOGY_CLINIC,,Vardayani Hospital,"mt away from, Vardayani Hospital, Infront of Five Senses Hotel D-177, 200, Buddha Vihar, Taramandal, Gorakhpur, Uttar Pradesh 273010",,,Gorakhpur,073182 22911,,
588c3d4d-9a43-41c4-83d0-452f8de96231,Neuro Care Center,NEUROLOGY_CLINIC,,Cantt Chowk,"P9RC+XR8, Cantt Chowk, Beside Neha Medical Stores, Majoli Compound, Daudpur, Gorakhpur, Uttar Pradesh 273001",,,Gorakhpur,096703 45413,,
9273670f-1a1a-4f91-9c2b-bceeb69e50fd,Dr. Avijit Sarkari,GENERAL_CLINIC,,Nahar Rd,"Neuro Brain Spine Clinic Sarkari Medicare Centre, 209, Nahar Rd, Daudpur, Gorakhpur, Uttar Pradesh 273016",,,Gorakhpur,096703 32928,,https://doctorje.com/doctors/dr-avijit-sarkari/
daa6f485-03fe-40ab-821d-17f0ca3ee11e,Dr. Bhupendra Bhatia Neurologist | Best Neurologist in Gorakhpur,NEUROLOGY_CLINIC,,Medical College Road,"Medical College Road, near Arogya Mandir, Basharatpur, Raptinagar, Gorakhpur, Uttar Pradesh 273003",,,Gorakhpur,098394 31171,,https://kbneuro.whitecoats.com/
079ddfb8-c1b1-4c60-9a43-e801130c0a4d,Dr. Santosh Kumar Singh | Advance Neuro Care Center,NEUROLOGY_CLINIC,,Raptinagar,"Main Gate Infront of Arogya mandir, Shrimati Ramjhari Devi Smiriti Advance Neuro Care Center, Raptinagar, Anand Vihar, Gorakhpur, Uttar Pradesh 273003",,,Gorakhpur,081265 22860,,https://doctorje.com/doctors/dr-santosh-kumar-singh/
a656ef6b-adec-4478-b414-d01e1a463324,Neuro Care Centre (Dr. Manzar Kamal),NEUROLOGY_CLINIC,,Ghasikatra Rd,"62A, Ghasikatra Rd, Abu Bazar, Uchwan, Bade Kajipur, Gorakhpur, Uttar Pradesh 273001",,,Gorakhpur,098899 29959,,https://www.facebook.com/Neuro-Care-Centre-1475528179203177/
bbf26101-5a86-4279-866a-bf949a35ce5a,Dr Durgesh Gupta Neurologist D.M.(Neuro) SGPGI,NEUROLOGY_CLINIC,,731 Munshi Premchand Park Road,"731 Munshi Premchand Park Road, Betiahata near Munshi Premchand Park se 50 kadam Transport nagar, ki, taraf, Gorakhpur, Uttar Pradesh 273001",,,Gorakhpur,080040 05678,,http://vixaltech.com/
dc8139f0-a117-4995-8e1e-f3286f83a547,RG neuro spine pvt Ltd,ORTHOPEDIC_CLINIC,,C-19 Rapti Nagar Phase-2,"C-19 Rapti Nagar Phase-2, In Front of Chargawa Block Gate. 2, Chauraha, Medical College Road, Chargawa,, Gorakhpur, Uttar Pradesh 273013",,,Gorakhpur,094550 96879,,https://neurodrmukeshshukla.com/
a279d261-e54d-4903-98ba-a4a3a590975f,Dr. Ashwani Kumar Mishra,GENERAL_CLINIC,,Kasya Road,"Address, Awadh tower, 33, Kasya Road, Judges Colony, Betiahata, Gorakhpur, Uttar Pradesh 273001",,,Gorakhpur,073554 05251,,http://www.drashwanikumarmishra.com/
55beed29-a01a-4659-9b35-e0ad942f6def,Neuro Coding,NEUROLOGY_CLINIC,,Gorakhpur Main Rd,"Gorakhpur Main Rd, beside Jagat Mall, Gorakhpur, Jabalpur, Madhya Pradesh 482001",23.152207,79.9340875,Gorakhpur,089628 00377,,https://neurocoding.org/
2fa4ecd4-e3b0-44d0-8cd9-6466030a2aa5,Achintya Neuro & Epilepsy Centre (Dr. Ravi Kant Mall),NEUROLOGY_CLINIC,,Betiahata Rd,"C, 179-204, Betiahata Rd, Betiahata, Gorakhpur, Uttar Pradesh 273001",,,Gorakhpur,,,
c33de003-2a4a-4bec-b004-bc4acc80e6af,Blessings neuro developmental clinic (Dr.Sapna Singh),NEUROLOGY_CLINIC,,RailVihar Ph-2 Colony,"R93J+544, RailVihar Ph-2 Colony, Fertilizer Colony, Gorakhpur, Uttar Pradesh 273007",,,Gorakhpur,,,http://saanvihealthcare.com/
5f18b777-2856-4b5b-adee-174efc3bbd77,Dr. Sandeep Kumar Chaudhary,GENERAL_CLINIC,,Cantt Rd,"33, Cantt Rd, Betiahata, Gorakhpur, Uttar Pradesh 273001",,,Gorakhpur,077549 57713,,
51e6207e-5dac-4835-ac4a-2c76b06baf64,"Dr.Ravi Rai | Neurosurgeon at Rachit Multispeciality Hospital, Gorakhpur",MULTISPECIALTY_HOSPITAL,,Medical College Road,"Room no. 01, Rachit Multispeciality Hospital, Medical College Road, Moglaha, Mughala, Gorakhpur, Uttar Pradesh 273013",,,Gorakhpur,090766 09888,,https://www.rachithospital.com/neuro-surgery/
11bc81d2-a3a2-47f5-919d-3127bb30e1d7,NexGen Foundation,GENERAL_CLINIC,,sector no. 3,"sector no. 3, shri nagar bhulan, 95/1, kamla nehru ward, behind GVM Residency, kachhpura, Kachnarcity, Jabalpur, Madhya Pradesh 482003",23.1754683,79.8954792,Garha,088172 48347,,http://nexgene.in/
2a4800b9-de4d-455e-97f7-35e309f5b0b5,Dr. Vikalp Mishra,GENERAL_CLINIC,,Dhanvantari Nagar,"near Burger Hut, behind Dr.Basant Pahlvan, Dhanvantari Nagar, Jabalpur, Madhya Pradesh 482003",23.1566601,79.878052,Garha,096918 49800,,
96e2fb3d-6d9e-426d-9236-40abef2fb922,Sharma Physics Classes,GENERAL_CLINIC,,Labour Chowk,"Sneh kunj, Labour Chowk, Nove Adaresh Colony, Yadav Colony, Jabalpur, New Adaresh Colony, Madhya Pradesh 482002",23.1674151,79.9124983,Garha,098939 78034,,
981e4c3b-5239-4644-a899-adaa1e94affa,Dr. Abhishek Bisen,GENERAL_CLINIC,,Prestige Town,"MIG-12, beside BSNL Office, Prestige Town, South Civil Lines, Jabalpur, Madhya Pradesh 482001",23.1600108,79.9549857,Rani Durgavati,095846 73931,,https://jabalpurhelpline.com/dr-abhishek-bisen-pet-clinic
6c55acad-1ca1-4f70-aa9e-8252b4eb073d,𝐃𝐫 𝐑𝐚𝐯𝐢 𝐏𝐫𝐚𝐤𝐚𝐬𝐡 𝐌𝐢𝐬𝐡𝐫𝐚,GENERAL_CLINIC,,BRD Medical College,"Superspeciality Block, BRD Medical College, Department of Urology, Gorakhpur, Uttar Pradesh 273013",,,Gorakhpur,099352 29033,,
fe6dc174-9fa2-4580-8a5a-57320e335ebc,✅ 𝐃𝐫. 𝐫𝐨𝐡𝐢𝐭 𝐫𝐚𝐧𝐣𝐚𝐧,GENERAL_CLINIC,,Gorakhnath Rd,"Jai Hospital, second ‘east’ gate, Gorakhnath Rd, in front of Gorakhnath Mandir Road, near Labour chauraha, Gorakhnath, Gorakhpur, Uttar Pradesh 273015",,,Gorakhpur,078358 17324,,
ebfc8c13-08cb-483a-8446-87afd52f4033,Deeksha prime urocare center,ENT_CLINIC,,Kasya Road,"Dubey complex, 33, Kasya Road, Betiahata, Gorakhpur, Uttar Pradesh 273001",,,Gorakhpur,096271 44637,,
adc01ce1-ebad-4f1e-b66d-775fe74c034b,Dr. Gaurav Tulsyan,GENERAL_CLINIC,,Buddh Vihar Part A,"Buddh Vihar Part A, Commercial, Taramandal, Gorakhpur, Uttar Pradesh 273016",,,Gorakhpur,082871 55593,,https://drtulsyanurologist.com/
69b14cbb-2606-47f8-b100-574ed60b16da,Dr.Arvind Tiwari,GENERAL_CLINIC,,Rajendra Nagar,"289A, Rajendra Nagar, Gorakhpur, Uttar Pradesh 273015",,,Gorakhpur,,,
6b025d76-c23b-4aaa-b0cc-32b685d4765e,Clinic,GENERAL_CLINIC,,Govt school road,"Kabir farm, Govt school road, Sainik Society, dumna, Shakti Nagar, Jabalpur, Madhya Pradesh 482001",23.1443035,79.9037819,Shakti Nagar,075097 13285,,
5ff84dee-cb94-45f0-b075-d08dc03bfaa8,Dr. Pushpraj Bhatele,GENERAL_CLINIC,,Kamla Nehru Nagar,"353, Kamla Nehru Nagar, Yadav Colony, Jabalpur, New Adaresh Colony, Madhya Pradesh 482002",23.1689153,79.9112243,Kamla Nehru Nagar,098261 55786,,
f911fbe0-14c3-4f14-8c7c-6bcc5b00cf6d,Kachnar City Shiva Temple,GENERAL_CLINIC,,Kachnar City Rd,"E 19, Kachnar City Rd, Kanchan Vihar, Vijay Nagar, Jabalpur, Raksha, Madhya Pradesh 482002",23.1893987,79.8976669,Kachnar City,097137 17705,,
d62b23a0-6c3e-4325-b248-4619fc8b34a1,DIETICIAN DEEKSHA,GENERAL_CLINIC,,Premnagar,"SHOP NO 9, JDA Complex, Premnagar, Madan Mahal, Jabalpur, Madhya Pradesh 482004",23.1561497,79.9192264,Madan Mahal,089891 70477,,
07815adf-69bd-48f9-bb93-2683e1aa7559,Gulshan poly clinic,GENERAL_CLINIC,,raza chowk,"raza chowk, Anand Nagar, Adhartal, Jabalpur, Vehicle Fac. Jabalpur, Madhya Pradesh 482004",23.19362,79.9467571,Gorakhpur,,,
7bcc7b5b-7ccc-4cba-880a-d2532e12e111,Ranjhi,GENERAL_CLINIC,,Unknown,,23.1704001,79.9975916,Ranjhi,,,
19d69479-306a-4c30-8ff4-0f1602d5fefb,Dr. S K Goutam,GENERAL_CLINIC,,Garha Rd,"5W86+WQQ, Garha Rd, near mehta petrol pump, Yadav Colony, Jabalpur, New Adaresh Colony, Madhya Pradesh 482002",23.167338,79.9119708,South Civil Lines,,,
1e72fdc2-588a-4b94-9ae8-5fdae22045dd,Cancer Treatment centre,ENT_CLINIC,,Mohan Vihar Colony,"5V7X+W9C, Mohan Vihar Colony, Garha, Jabalpur, Madhya Pradesh 482003",23.1648172,79.8983965,Wright Town,,,
6b57dec3-f50a-407d-a6fc-cc98bd07c411,Dr Chaturvedi Cancer Hospital and Research institute Pvt. Ltd.,HOSPITAL,,Medical College Road,"189-c, Medical College Road, near Passport Office, Basharatpur, Ashok Nagar, Gorakhpur, Uttar Pradesh 273004",,,Gorakhpur,094158 54620,,https://drchaturvedicancerhospital.com/
c96e4f37-6790-484c-8d2e-78f48178f2c5,जबलपुर स्तन थायराइड एवं एंडोक्राईन कैंसर क्लिनिक,GENERAL_CLINIC,,Hathital,"Hathital, Jabalpur, Madhya Pradesh 482001",23.1544499,79.9262489,Kamla Nehru Nagar,081270 95090,,
ab721062-c87a-49af-9901-808f34b8b1e4,VIRAT HOSPICE-A HOME WITH HEART AND HOPE,CARDIOLOGY_CLINIC,,dhurandhar road,"dhurandhar road, Lamheta Ghat, Gopalpur, Madhya Pradesh 483053",23.1172849,79.8282322,Tilhari,079873 48052,,https://www.virathospice.org/
f031212e-68f0-4f01-94f9-fcad4b84497c,"Teaching Veterinary Clinical Complex,",GENERAL_CLINIC,,Residency Rd,"Residency Rd, Panagar, South Civil Lines, Jabalpur, Madhya Pradesh 482001",23.1615846,79.9540218,Panagar,,,
11b33f0b-4804-4f7f-8315-e79f12ef99e6,Aadya Ortho & Kidney Care Clinic,ORTHOPEDIC_CLINIC,,Sneh Nagar Rd,"Gate no 4, Aadya Ortho And Kidney Care Clinic, Sneh Nagar Rd, beside Gautam IAS Academy, Sneh Nagar, Jabalpur, Madhya Pradesh 482002",23.1648082,79.9171291,Wright Town,,,
612663f5-e7c3-43f4-bf21-d4ac038df40e,Misra's Allergy and Chest Clinic,GENERAL_CLINIC,,Marhatal,"5W9M+HJG, Awadhpuri, Marhatal, Jabalpur, Madhya Pradesh 482002",23.168947,79.934067,Ghamapur,,,
48151a77-5509-4417-9745-7ddc61dda83c,Mitali Jain,GENERAL_CLINIC,,Malaviya Chowk,"Malaviya Chowk, Wright Town, Jabalpur, Madhya Pradesh 482001",23.1689088,79.9320278,Wright Town,079993 69352,,
c85ee147-f62c-442b-8a47-d0f07a32e1e8,Sanjana Kataria (psychologist),PSYCHIATRY_CLINIC,,Unknown,,23.1756951,79.9687529,Wright Town,094247 80006,,
c5fd0176-fd62-4337-bbdc-e6f24fb162f7,Beohari,GENERAL_CLINIC,,Beohari,"5WJ6+R7X, distic, shahdol, Beohari, Jabalpur, Madhya Pradesh 482002",23.1821038,79.9107188,Wright Town,,,
5081889a-9e9d-437e-9961-f74730b7886f,Vinita Kumari l Counselling Psychologist l Student & Relationship Counselor,ENT_CLINIC,,Unknown,,23.2186811,80.6250574,Wright Town,089625 52593,,https://www.instagram.com/coachvinitakumari?igsh=dzQyZno0b2pjbTd0
b532bdba-33a0-4ebf-9fd8-5329a6636347,Psychologist { counselling },PSYCHIATRY_CLINIC,,Gorakhpur,"Gorakhpur, Jabalpur, Madhya Pradesh 482001",23.1526939,79.9327783,Wright Town,096301 04419,,
513a98e4-1e91-47b9-ae46-5b2720e7c8e3,Future Drishti-Career Counselling,GENERAL_CLINIC,,Durga colony,"07, Durga colony, Sanjeevani Nagar, Jabalpur, Madhya Pradesh 482003",23.1657017,79.8978016,Wright Town,094066 53009,,https://futuredrishti.net/
40510c71-319e-4e58-937b-ca959a271e5d,Bloom with Rukhsar Siddiqui,GENERAL_CLINIC,,Napier Town,"5W6R+J3W, Napier Town, Jabalpur, Madhya Pradesh 482001",23.1616093,79.9401911,Wright Town,,,
c9d2dcb9-1376-4c33-9f38-3c8730100d47,Maanas Wellness Grove,GENERAL_CLINIC,,Empire Theatre road,"01, Empire Theatre road, Malhotra Compound, South Civil Lines, Jabalpur, Madhya Pradesh 482001",23.1590384,79.9476224,Napier Town,,,http://maanaswellnessgrove.com/
12f9e6ab-ae2e-4eed-a625-f7e9f376e9a3,"Techniques Based Training and counseling,Transforming Life ,Counselling ,Motivation ,Personality Development Center",ENT_CLINIC,,Shukla Nagar,"Bajrang-Kuti, Shukla Nagar, Ranipur, Jabalpur, Madhya Pradesh 482002",23.1598614,79.9192837,Madan Mahal,094078 43111,,http://mindtransformer.in/
b03ca5b0-b310-4f7c-bad5-34903caa1b2e,Shahi Neuro Psychiatry Clinic,NEUROLOGY_CLINIC,,Betiahata Rd,"Shop No.6, Tiwari Complex, Betiahata Rd, Betiyahata, Gorakhpur, Uttar Pradesh 273001",,,Gorakhpur,074089 55037,,
e4c4ee3f-cad1-404f-a523-648c84f5c5f2,Manoshanti Clinic,GENERAL_CLINIC,,Betiahata Rd,"Betiahata Rd, Chowk, Betiahata, Gorakhpur, Uttar Pradesh 273001",,,Gorakhpur,,,https://manoshanti-clinic.netlify.app/
a6e7ab56-207f-4055-8716-a69479bae93d,Laxmi Neuropsychiatry Clinic,NEUROLOGY_CLINIC,,Awas Vikas Colony,"near Munshi Prem Chandra Park, Awas Vikas Colony, Betiahata, Gorakhpur, Uttar Pradesh 273001",,,Gorakhpur,096212 48300,,
feb97e4e-742b-4c31-9c99-a180d1ebdedd,S.P. Brain Center,NEUROLOGY_CLINIC,,Vijay Chowk,"S.P. BRAIN CENTER ,Vijay Chowk, 400 meters, 150 Dilezakpur, Alinagar, towards, Gorakhpur, Uttar Pradesh 273001",,,Gorakhpur,085658 28541,,http://spbraincenter.com/
3dda55e3-8beb-47b1-9d03-947419002a22,✅𝗗𝗿 𝗗𝗵𝗮𝗿𝗺𝗲𝗻𝗱𝗿𝗮 𝗞𝗮𝗺𝗹𝗮-Neuro Psychiatrist/Bipolar/Doctor For Mental Problem/De Addiction Consultant/Best Neuro,NEUROLOGY_CLINIC,,Medical College Road,"Chauraha, Medical College Road, opposite Var Vadhu Marriage Hall, behind Bharat petrol pump Aarogya nagar, Usha Nagar, Raptinagar, Gorakhpur, Uttar Pradesh 273003",,,Gorakhpur,075228 97272,,
06d02476-f9b0-4b6b-83e0-e3ad1d0c1c9d,Neuromind Clinic Dr Ritika Diwan- Best Psychiatrist in Gorakhpur,NEUROLOGY_CLINIC,,Kasya Road,"INFRONT OF DIG BUNGALOW, Kasya Road, Bansgaon Colony, Kalepur, Gorakhpur, Uttar Pradesh 273001",,,Gorakhpur,096287 98940,,https://neuromindclinicgkp.com/
771878cf-4b3d-4d72-8c4e-a1ef5e9e7c30,EHSAAS MENTAL HOSPITAL,HOSPITAL,,Jail Bypass Rd,"Jail Bypass Rd, Padri Bazar, Shahpur, Gorakhpur, Uttar Pradesh 273014",,,Gorakhpur,091514 44350,,https://ehsaasmentalhospital.com/
2cff9f61-1e20-4f3f-9eda-3f5e2111731a,Aaroh Neuropsychiatry Centre by Dr. Dwarika Verma,NEUROLOGY_CLINIC,,Bank Rd,"Ground Floor, Tilak Pathology, Bank Rd, Jubilee Road, Gorakhpur, Uttar Pradesh 273001",,,Gorakhpur,094154 92940,,
19cdeafe-c23b-4d94-a1cd-cda585c7d276,"The Clinical Psychologist (Dr. Nitesh Mishra) Indira Nagar, Gorakhpur",PSYCHIATRY_CLINIC,,Indira Nagar,"Infront of Rachit Hospital, Sri Ram Pharma, Dhala, Indira Nagar, Gorakhpur, Uttar Pradesh 273001",,,Gorakhpur,089576 80560,,https://www.instagram.com/the.clinical_psychologist?utm_source=ig_web_button_share_sheet&igsh=ZDNlZDc0MzIxNw==
29d82224-fc83-419e-819b-de47eb3883ea,Navchetna Clinic,GENERAL_CLINIC,,Medical College Road,"218, Basharatpur east, Medical College Road, Gorakhpur, Uttar Pradesh 273014",,,Gorakhpur,085740 10489,,
651bb686-00bd-465a-90d2-3ee2d6c1861c,Dr. Gopal Agarwal,GENERAL_CLINIC,,Bellow Saraswati IAS Coaching,"DIG Banglow, Yadav Complex, in frontof, Bellow Saraswati IAS Coaching, Gorakhpur, Uttar Pradesh 273001",,,Gorakhpur,075658 51467,,https://drgopalagarwal.co.in/
7aec4b44-8f83-422d-8c46-db239b9366b6,Manovegh clinic,GENERAL_CLINIC,,Medical College Road,"Muglaha, Medical College Road, near BRD, Gorakhpur, Uttar Pradesh 273013",,,Gorakhpur,096084 60574,,
64f4f25e-11e9-4eae-a0d4-345e6ae34eb8,Samvedna Manochikitsa Kendra,GENERAL_CLINIC,,Kasya Road,"Yadav complex, Kasya Road, near DIG bunglow, below Saraswati IAS, Bansgaon Colony, Bilandpur, Gorakhpur, Uttar Pradesh 273001",,,Gorakhpur,076620 51697,,
db17b06e-8187-4804-b126-e919741102cf,"Priyanka M- Clinical Psychologist& Psychotherapist (M.Phil, NIMHANS)",PSYCHIATRY_CLINIC,,Unknown,,,,Gorakhpur,,,https://priyanka-therapist.carrd.co/
64560801-fd42-497e-9c4c-dc8b4f1627ca,Dr Ambu Pandey (Psychiatrist),PSYCHIATRY_CLINIC,,Betiahata,"P9Q9+C4W, Betiahata, Gorakhpur, Uttar Pradesh 273001",,,Gorakhpur,,,
32f08782-3e9d-497a-a73d-4d5a5ba92fe3,S.P Brain Center & Hospital,HOSPITAL,,Cantt Rd,"Cantt Rd, Bansgaon Colony, Kalepur, Gorakhpur, Uttar Pradesh 273001",,,Gorakhpur,,,
436f7702-aa35-4513-be58-ae01fc3e3c2f,𝐄𝐥𝐞𝐯𝐚𝐭𝐞 𝐅𝐢𝐧𝐢𝐬𝐡𝐢𝐧𝐠 𝐒𝐜𝐡𝐨𝐨𝐥,GENERAL_CLINIC,,opposite Bhavartal Garden Road,"second floor, Khushi Plaza, 201, opposite Bhavartal Garden Road, Napier Town, Jabalpur, Madhya Pradesh 482001",23.1634742,79.9327558,Gorakhpur,077710 88887,,http://elevatefinishingschool.com/
e31157ab-ca88-43ad-826f-997a3d979d65,Spiritwits,GENERAL_CLINIC,,Qazipur Khurd,"Brain Center and Hospital, Qazipur Khurd, Gorakhpur, Uttar Pradesh 273001",,,Gorakhpur,,,https://spiritwits.in/
728f9d82-7d0b-46fc-87af-fe32c26d50d9,Dr. Ashwini Kumar Agrawal,GENERAL_CLINIC,,Vijay Cinema Road Dilejakpur,"150, Vijay Cinema Road Dilejakpur, Uttar Pradesh 273001",,,Gorakhpur,093354 48113,,http://spbraincenter.com/
d7a17b14-6120-4d16-b357-7c99ebe870d7,Sucheta Nuero Psychiatry Clinic,PSYCHIATRY_CLINIC,,Normal road,"Near, Normal road, Transport Nagar, Gorakhpur, Uttar Pradesh 273016",,,Gorakhpur,099361 94065,,
99c1130a-8ad3-4922-9938-b0d48e67844c,"Peace touch (Mental Health for all, Psychological services)",PSYCHIATRY_CLINIC,,near Terai Restaurant,"Peace Touch Clinic, Bashartapur, near Terai Restaurant, Gorakhpur, Uttar Pradesh 273006",,,Gorakhpur,078439 40598,,
a5728de6-38e1-408c-851a-561aee3343a4,Creative Minds Rehabilitation and Mental Health Counselling Centre,PSYCHIATRY_CLINIC,,behind City Hospital,"Moghala, Post - Jhungiya Bazaar, behind City Hospital, Mughala, Gorakhpur, Uttar Pradesh 273013",,,Gorakhpur,0788 056 2443,,https://www.creativeminds-india.com/
24212d6b-8eb6-4f19-b9ff-df8e38399a2b,Heal Your Soul | Ayushi Singh,AYURVEDA_CLINIC,,Unknown,,,,Gorakhpur,,,https://linktr.ee/Heal.Your.Soul.1
30b24b5c-086a-4dc4-a398-b2578aead1bf,Herbal Mental and Neuro clinic,NEUROLOGY_CLINIC,,Kotwali Road,"Kotwali Road, Qazipur Khurd, Gorakhpur, Uttar Pradesh 273001",,,Gorakhpur,094532 24920,,http://www.herbalmentalandneuro.co.in/
f29e836a-6b80-4630-bc01-64a48280e06d,Shanti Sadan,GENERAL_CLINIC,,jateypur,"Q9FC+96C, Shanti sadan harahwa phatak, jateypur, North Humayunpur, Uttar Pradesh 273004",,,Gorakhpur,099359 00242,,
541a4190-71cf-4789-b740-f1a2041c9c91,Swastha,GENERAL_CLINIC,,near gayatri mata mandir,"90 quarter,house no64,trimurti nager,near gayatri mata mandir,dmoh naka, Madhya Pradesh 482011",23.181467,79.9864071,Adhartal,,,http://www.femalepsychologistindore.com/
f1dcc502-2be3-4daf-9b3e-e89f6bd77eae,Shri Sai Kripa Clinic,GENERAL_CLINIC,,Kanchanpur,"6X37+6XX, Kanchanpur, Jabalpur, Madhya Pradesh 482004",23.2031004,79.964987,Adhartal,097547 86999,,http://www.shrisaikripa.in/
17556941-df7a-4156-9e0f-1982beae045c,Once More Life,GENERAL_CLINIC,,New Ranjhi,"VFJ, New Ranjhi, Jabalpur, Madhya Pradesh 482009",23.2114146,79.9927528,Ranjhi,,,
309e2d63-7c07-4682-96b7-6fd8c54ab0a2,​Mind Mirror by Rajani,GENERAL_CLINIC,,Unknown,,23.1756951,79.9687529,Ranjhi,076498 33362,,https://www.youtube.com/@mindmirrorbyrajani
43b0a1c0-ff80-4443-8c82-2f18cb346a3c,Khamaria Hospital,HOSPITAL,,Jabalpur,"624V+9CM, EastLand Khamaria, Jabalpur, Bilpura, Madhya Pradesh 482005",23.2059653,80.0435623,Ranjhi,076127 43606,,
075f78a8-96da-4a81-9971-47af87f35a73,Dr. Rajeev Tandon,GENERAL_CLINIC,,South Civil Lines,"5W7W+R7F, South Civil Lines, Jabalpur, Madhya Pradesh 482001",23.1645687,79.9456855,Ranjhi,,,
cf18695e-ba6e-4444-a96b-4d9f01187be6,TVS - Shukla Automobiles,GENERAL_CLINIC,,Ground Floor Main Road,"Engineering Collage, Ground Floor Main Road, Gokalpur, near Jabalpur, Ranjhi, Jabalpur, Madhya Pradesh 482005",23.190062,79.985555,Ranjhi,076693 44562,,https://dealers.tvsmotor.com/tvs-motors/tvs-shukla-automobiles-two-wheeler-dealer-ranjhi-jabalpur-199054/Home?utm_source=locator&utm_medium=googleplaces
1e0f9901-1904-4657-907c-52274d00b784,The Trading School - TRAFI,GENERAL_CLINIC,,Thana Main Road,"1st Floor, Shivarth Plaza, Thana Main Road, in front of Ranjhi, Ranjhi, Central Ordinance Depot Area, Jabalpur, Madhya Pradesh 482011",23.1949398,79.9961976,Ranjhi,0761 405 0371,,https://www.thetradingschool.co.in/
603a0113-dc20-4129-9e58-b2c46e1b64a5,Dr. Rajesh Kumar Jhariya- Psychologist,PSYCHIATRY_CLINIC,,JDA Market,"Shop No.5, Mehta Petrol Pump, JDA Market, Cabin no 1, Garha, Jabalpur, Madhya Pradesh 482003",23.1620981,79.9169392,Garha,,,
d3282455-afed-4391-abf4-5ebdec1745cc,Buddhida Brain Activation Academy,NEUROLOGY_CLINIC,,near Labour Chowk,"1656/2, behind Mehta Petrol Pump, near Labour Chowk, Yadav Colony, Jabalpur, New Adaresh Colony, Madhya Pradesh 482002",23.1681949,79.9123049,Garha,094246 99814,,https://sites.google.com/view/buddhida-brain-activation-acad/home
a7b1f965-a316-49b2-99c8-6326ecf814fb,"GLOBAL TRACK LEARNING CENTER OF ABACUS,ADVANCED VEDIC MATHS,DMIT,MID BRAIN AND AURA PHOTOGRAPHY",NEUROLOGY_CLINIC,,Main Rd,"MASROOR CAMPUS,SHAKTI BHAWAN, Main Rd, Rampur, Jabalpur, Madhya Pradesh 482008",23.1425005,79.9178616,Garha,094246 99814,,
4f1dbb48-2ea0-404f-b24e-ea0ce4ce879b,Divine Healing Studio,GENERAL_CLINIC,,Vivekanand Ward,"1119, Vivekanand Ward, Daya Nagar, Yadav Colony, Jabalpur, New Adaresh Colony, Madhya Pradesh 482001",23.1728664,79.9154222,Garha,092431 12375,,https://www.divinehealingstudios.com/
08d4ba27-d5a5-4cd0-87e2-aae06b7779a1,Dr.Ruba khan,GENERAL_CLINIC,,near 4th Bridge Road,"near 4th Bridge Road, Sardar Colony, Gorakhpur, Jabalpur, Madhya Pradesh 482001",23.1554628,79.9349683,Garha,,,
1e4a713d-651e-40bb-a37f-0d57cd7328ea,Family clinic,GENERAL_CLINIC,,In front of Khalsa school tighra khamaria,"In front of Khalsa school tighra khamaria, Jabalpur, Madhya Pradesh 482005",23.2074147,80.0526508,Tilwara,,,
491ad760-7316-4568-a7e3-4fd2e3d760f5,"Swastha!psychology online counselling jabalpur,MP,by Rajlaxmi shukla female psychologist",GYNECOLOGY_CLINIC,,dmoh naka,"90quarter,house no 65,near durga mata mandir,behind jain mandir,dmoh naka, Jabalpur, Madhya Pradesh 482002",23.2141211,79.8417485,Tilwara,,,http://www.femalepsychologistindore.com/
3e61f5e4-d48f-46b8-bd12-5e5a6896ca9f,Manovaigyanik Paramarsh,GENERAL_CLINIC,,Vivekanand Ward,"H.No. 1168, Vivekanand Ward, Dhobi Ghat, Yadav Colony, Jabalpur, Madhya Pradesh 482002",23.1725534,79.9169454,Karmeta,093001 29945,,
1c8ba297-928c-4203-8258-13639a112788,"Psycortex Private Limited ( Best psychologist, Online counsellor, Marriage counsellor, Couple, martial, in India) in Jabalpur",PSYCHIATRY_CLINIC,,Narmada Rd,"4, Plot No. 36, Narmada Rd, adjoining Perfect Pottery, Bhim Nagar, Katanga, Jabalpur, Madhya Pradesh 482008",23.124086,79.9272071,Gwarighat,072494 24403,,https://psycortex.in/
3ce962b1-953d-4918-8284-ac70ec89aaf1,Gyanoday kendra jabalpur,GENERAL_CLINIC,,narmada road infront of south avenue mall,"narmada road infront of south avenue mall, Geet Vihar Phase II, Bhim Nagar, Polipather, Jabalpur, Madhya Pradesh 482008",23.1239897,79.9293,Gwarighat,,,
122ad58e-af37-4e5d-b639-6757897087dd,Anand Home Tuitions & Home Tutors in Jabalpur,GENERAL_CLINIC,,Dwarka Nagar Ward,"Block D1 Aman Apartment, near SP Bungalow, Dwarka Nagar Ward, Pachpedi, South Civil Lines, Jabalpur, Madhya Pradesh 482001",23.1610283,79.9652231,Gwarighat,099933 05574,,http://www.anandtutorials.com/
0c972686-c568-4e73-9978-f83a63684d9e,Anand Tutorials - Best Home Tutors & Home Tuitions in Jabalpur,GENERAL_CLINIC,,Gwarighat Rd,"7 Forest Quarter, Gwarighat Rd, Awadhpuri Colony, Jabalpur, Madhya Pradesh 482008",23.1173591,79.9235951,Gwarighat,079742 21232,,http://www.anandtutorials.com/
f4846240-920a-4e04-95fe-1cd16242f76d,Dr M.l. Jhanghir Clinic,GENERAL_CLINIC,,Unnamed Road,"5W67+PHR, Unnamed Road, Sudhama Nagar, Ranipur, Jabalpur, Madhya Pradesh 482002",23.1618516,79.9138918,Cherital,,,
daf63b51-a837-498f-86a6-e913c5edf1ac,Dr.M Haroon Khan,GENERAL_CLINIC,,Satyanand Vihar,"19, Satyanand Vihar, Rampur, Jabalpur, Madhya Pradesh 482008",23.1353085,79.9225174,Russel Chowk,098272 26617,,
4e402659-5db8-466b-920a-7b07f3b4353a,जिला दिव्यांग पुनर्वास केंद्र (Divyang Punarvas Kendra),GENERAL_CLINIC,,Ghamapur,"5XG2+X4X, Bai Ka Bageecha, Ghamapur, Jabalpur, Madhya Pradesh 482001",23.1774964,79.9503549,Rani Durgavati,,,
2e3a437b-b04d-45d2-9ab5-cbbf272f88dc,shraddha saburi poly clinic consultation centre,ENT_CLINIC,,Bhukamp Colony Rd,"5V7M+WPF, Bhukamp Colony Rd, Sai Colony, Dhanvantari Nagar, Jabalpur, Madhya Pradesh 482003",23.1648047,79.8842847,Rani Durgavati,,,
1974dee6-1316-4157-ad75-f0352464df3f,Karan Singh Market & Residency,GENERAL_CLINIC,,karan singh market,"karan singh market, Bilhari, Jabalpur, Madhya Pradesh 482020",23.1337827,79.9635376,Rani Durgavati,,,
ca747acb-348a-4a7f-b716-5436bf76f4db,Gurukripa Mind Clinic,GENERAL_CLINIC,,Dr. Ambedkar Nagar,"near Civil Hospital, near Patidar Medical ke pass, Dr. Ambedkar Nagar, Madhya Pradesh 453441",,,Damohnaka,,,
2bee7b12-daee-4377-88e5-845823ea16ed,"Dr Richa Neuropsychiatrist ,Best Female psychiatrist of Indore",GYNECOLOGY_CLINIC,,Mari Mata Square,"Shashi hospital, Mari Mata Square, Indore, Madhya Pradesh 452006",,,Damohnaka,091799 60596,,
997c71a9-6da1-4150-ab81-e8875bd5e553,Psychiatry Department,ENT_CLINIC,,895W+JR6,"895W+JR6, Jamua, Madhya Pradesh 484001",,,Damohnaka,,,
13f4a80c-c05d-4c85-a72a-2fbb866dd56e,Hospital,HOSPITAL,,HX3C+JWR,"HX3C+JWR, Sajjanpur, Madhya Pradesh 485111",,,Damohnaka,,,
26b2191b-3621-4122-86e0-a01615fa0b90,Manorog Mind Care Clinic,GENERAL_CLINIC,,Dunn Colony,"Plot No. 146-149/21, beside Star Recovery Home, Dunn Colony, Bargawan, Anand Vihar, Katni, Madhya Pradesh 483501",23.8279969,80.3842756,Medical Road,062658 86220,,
898743a9-3800-44be-80fc-6de8fc1d30e2,Evolve Brand Tech Solutions,GENERAL_CLINIC,,SBI Officers Colony 25,"SBI Officers Colony 25, PO, Baldeobagh, Vikas Nagar, Jabalpur, Raksha, Madhya Pradesh 482002",23.187912,79.9152256,Sanjeevani Nagar,,,http://www.evolvebrandtech.com/
8044ecc8-6b4f-4717-bab5-a865de628fa7,Sanjeevani Nagar,GENERAL_CLINIC,,Unknown,,23.1684497,79.8982793,Sanjeevani Nagar,,,
f93bd109-d38d-42f9-96fc-0882658da97d,Heal Your Soul,GENERAL_CLINIC,,Unknown,,23.1756951,79.9687529,Tilhari,,,https://linktr.ee/Heal.Your.Soul.1?utm_source=linktree_profile_share&ltsid=aad4ce69-2e3b-46f2-9162-19ae951b77e0
e0f3e7d8-3a88-4647-9136-d56d4914d396,Samyak hain,GENERAL_CLINIC,,Vidhya sagar ward,"Vidhya sagar ward, Panagar, Madhya Pradesh 483220",23.2909781,79.9962341,Panagar,,,
4aa8739f-0f9a-43c4-839f-65c608318b48,Mental health couch,PSYCHIATRY_CLINIC,,Unknown,,,,Panagar,,,https://mindbloomsolution.com/
2e03540f-a88c-4b8b-a7c4-9e4f4d7ba5e9,SPASHT India,GENERAL_CLINIC,,Unknown,,,,Panagar,097554 30888,,https://www.spashtindia.com/
d0d1a3b1-7c8a-4998-8957-dddfd6dd2441,MIND369,GENERAL_CLINIC,,Unknown,,,,Panagar,078693 60741,,https://www.mind369.co.in/
5c48d869-3087-4c29-afd7-9440c589b052,Government College of Educational Psychology and Guidance,ENT_CLINIC,,South Civil Lines,"Infront of, PSM Compound, Collector Office, South Civil Lines, Jabalpur, Madhya Pradesh 482001",23.1685127,79.9437969,Gohalpur,076126 25214,,
7e354adb-1339-4ccc-9a63-af61f9c3707f,Harshad K Parmar Acupressure Centre,PHYSIOTHERAPY_CENTER,,Road,"2343, Gwarighat, Road, near Narendra Dairy, Gorakhpur, Jabalpur, Madhya Pradesh 482001",23.1531906,79.9282546,Napier Town,093291 30995,,http://jabalpurhelpline.com/parmar-acupressure-centre
77b609f7-aed3-4ccc-b552-be373186c0fd,Divya Chikitsalaya,GENERAL_CLINIC,,Wright Town,"5W7G+C22 Prem Mandir, Wright Town, Jabalpur, Madhya Pradesh 482001",23.1635139,79.9250026,Napier Town,094243 57969,,
b129ef64-f6f2-4fbb-9df5-d1f8130492e1,Dr.Neelima Shrivastava,GENERAL_CLINIC,,Wright Town,"no.2, Ayurved chikitsalaya, telegraph gate, 1677, Wright Town, Jabalpur, Madhya Pradesh 482002",23.1682882,79.9237253,Napier Town,,,
933bfed1-6762-4db4-aad0-c5b965eb7240,MANVEER KEVA HEALTH CARE,GENERAL_CLINIC,,mahanadda,"5W4G+949, Near gulzar hotel, behind sahil honda, mahanadda, Jabalpur, Madhya Pradesh 482001",23.1559165,79.9253594,Napier Town,,,
8290e2bd-b315-49b6-9159-eecd8559051d,Dr.Sudarshan Diwan Sexologist,GENERAL_CLINIC,,Jai Nagar,"1584 / 2 LIC crossing, Jai Nagar, colony, Jabalpur, Madhya Pradesh 482002",23.1686733,79.9143865,Madan Mahal,090393 66582,,
3e203e21-b35e-4771-9216-3f8cb6252391,"Dr Shobhit Jain, Arogyam Ayurved",AYURVEDA_CLINIC,,New Ram Nagar,"6W3Q+RJ6, New Ram Nagar, Pushpak Nagar, Adhartal, Jabalpur, Madhya Pradesh 482004",23.2045283,79.9390013,Adhartal,,,
6986e43f-4e8b-4a1f-84f5-7231b67be3ee,Kirti.nirogyamcenter,ENT_CLINIC,,New Ram Nagar,"Nirogyam center, below gokuldham gym, New Ram Nagar, Jagriti Nagar, Adhartal, Jabalpur, Madhya Pradesh 482002",23.2071253,79.9371884,Adhartal,099264 44787,,
af646a7f-1e96-4d8f-8322-0e65b5c99ddb,New maya medical hall,GENERAL_CLINIC,,tiraha katni road,"tiraha katni road, Jawahar Nagar, Adhartal, Jabalpur, Madhya Pradesh 482004",23.2018771,79.9513128,Adhartal,098931 61248,,
8195c9ee-dc45-44d5-8163-7b33bf23f736,Dr. Abhay Jain,GENERAL_CLINIC,,Shiv Nagar,"5WPF+52P, Shiv Nagar, Sarvodaya Nagar, Jabalpur, Madhya Pradesh 482002",23.1854663,79.9225769,Adhartal,094246 05049,,
45a11e5f-044a-44ca-a821-a368df30fb60,Dr. Patel Clinic,GENERAL_CLINIC,,Vijay Nagar,"5WJ5+X55, Vijay Nagar, Jabalpur, Madhya Pradesh 482002",23.1823926,79.9079815,Adhartal,,,
55d475d9-febf-488d-a098-2bdcbd8a3a92,TRIVENI AYURVED CHIKITSA KENDRA DR.ABHILASH SHUKLA,AYURVEDA_CLINIC,,Dhanvantari Nagar,"HAJ 28, Dhanvantari Nagar, Jabalpur, Madhya Pradesh 482003",23.1580425,79.8739843,Tilwara,094244 30645,,
49bc1266-9e0f-433e-96a4-d74c3343c010,"Government Ayurveda Dispensary Ramkhiriya, Jabalpur (AYUSH) MADHYA PRADESH",AYURVEDA_CLINIC,,C469+P65,"C469+P65, Ramkhiriya, Madhya Pradesh 483222",23.4118337,80.1181759,Tilwara,,,
842e5932-7f11-4381-adea-62f86098a245,JAIN clinic,GENERAL_CLINIC,,Jabalpur Byp Rd,"4VR7+GV6, Jabalpur Byp Rd, Shastri Nagar, Jabalpur, Madhya Pradesh 482003",23.1412831,79.8646369,Tilwara,,,
b4b35461-f00c-4f15-a832-1d70982723d4,Tilwara Ghat,GENERAL_CLINIC,,Shastri Nagar,"Shastri Nagar, Jabalpur, Jotpur, Madhya Pradesh 482003",23.1076004,79.8759956,Tilwara,,,
6425cc31-657f-4f6a-9bc8-a78e8594c6d0,"Dr. Ravindra Kumar Agrawal - BAMS, MD (AM)",GENERAL_CLINIC,,Nove Adaresh Colony,"216, Ranitaal, Ravi Sadan, nr. Kohli Kirana Store, Nove Adaresh Colony, Patrakar Colony, Yadav Colony, Jabalpur, Madhya Pradesh 482002",23.1698904,79.9184673,Tilwara,,,
c723799b-e64d-495d-b2e7-f3b937fa5d35,DS PHARMA,GENERAL_CLINIC,,Sai Colony,"Sai Colony, near Gas Godam, Sanjeevani Nagar, Jabalpur, Madhya Pradesh 482002",23.1714051,79.891015,Tilwara,,,
2f4a9ab2-c8a5-4ff8-941c-04b99cd6db75,Dr Sandeep singh,GENERAL_CLINIC,,Dhanwantary Nagar Main Rd,"Dhanwantary Nagar Main Rd, Dhanvantari Nagar, Jabalpur, Madhya Pradesh 482003",23.1604543,79.8735969,Tilwara,076490 98410,,
b8214009-a768-4b55-abfd-c975ecd026e9,Balaji Ayurved Wellness Center,AYURVEDA_CLINIC,,New Jagdamba Colony Rd,"Balaji Ayurved Wellness Center, New Jagdamba Colony Rd, near Sherawali Mandir, Jabalpur, Madhya Pradesh 482002",23.1869356,79.9159511,Karmeta,086020 21133,,
64e52e01-00dc-469b-8644-8a34de6e8f32,Patanjali Chikitsalay,GENERAL_CLINIC,,Main Road,"Infront of St Aloysius School, Ground Floor Katangi Bypass, Main Road, Karmeta, Jabalpur, Madhya Pradesh 482002",23.2135277,79.8999249,Karmeta,098065 14560,,https://patanjalistores.patanjaliayurved.org/patanjali-chikitsalay-ayurvedic-clinic-karmeta-jabalpur-269857/Home?utm_source=locator&utm_medium=googleplaces
c7fba321-a576-45da-93e6-e88d1a8eb8da,Baghel Medical,GENERAL_CLINIC,,Jabalpur,"ISBT Dendayal Chok, Karmeta, Jabalpur, Raksha, Madhya Pradesh 482002",23.1937183,79.9142079,Karmeta,075664 43322,,
65355517-3752-46b3-bfc5-d29d47780fd9,Dr. T.R. Pandey,GENERAL_CLINIC,,Gujarati colony cherital,"Gujarati colony cherital, Baldeobagh, Jabalpur, Madhya Pradesh 482002",23.181668,79.9213038,Karmeta,,,
85a06b56-9ad4-4cf2-97b1-fc06658a93ee,Dr.Shruti Khandare- Ayurvedic clinic,AYURVEDA_CLINIC,,Bilhari,"4XM7+5G7, Bilhari, Jabalpur, Madhya Pradesh 482020",23.132924,79.9637982,Jabalpur Cantt,,,
c9828e36-8fc1-4a95-bfd4-ff09ef0e3f96,PERFECT WELLNESS UNISEX SPA AND SALON,GENERAL_CLINIC,,Gole Bazar,"1053, beside Dr.Pawan Sthapak, Gole Bazar, Wright Town, Jabalpur, Madhya Pradesh 482002",23.171603,79.9250923,Gol Bazar,075091 66166,,
4ab03c27-4085-4b59-8ed5-ef613250a89b,"Government Ayurveda Dispensary Barkheda, Jabalpur (AYUSH) Madhya Pradesh",AYURVEDA_CLINIC,,3QQW+H4,"3QQW+H4, Badkhera, Madhya Pradesh 482003",23.0898468,79.7955269,Rani Durgavati,,,
6d50efad-afd9-4f2c-8c36-58d4165cb143,Sahu Acupressure Clinic,PHYSIOTHERAPY_CENTER,,Chandmari,"5XR7+7Q5, Chandmari, Jabalpur, Madhya Pradesh 482004",23.1906467,79.9644884,Rani Durgavati,093004 81069,,
510231d5-61a7-42ea-a96a-d4d57ecac43e,Shri Shiv Shakti jyotish Anusandhan Kendra,GENERAL_CLINIC,,Ghamapur Rd,"Ghamapur Rd, Lalmati, Jabalpur, Madhya Pradesh 482001",23.1789614,79.9554966,Rani Durgavati,098265 95950,,
fa447133-2ed5-44c4-a295-c272abc2bd9a,Shree Neem Ayurvedic And Allopathic Health Care Centre,AYURVEDA_CLINIC,,tondon colony,"tondon colony, New, Aamchopra Rd, near global school, Damoh, Aam Choumpra, Madhya Pradesh 470661",23.7997142,79.4484472,Damohnaka,077470 98035,,
6cf29123-7fda-4db8-bf5b-b3c8b8273110,Ghamapur,GENERAL_CLINIC,,Unknown,,23.1755929,79.9521458,Ghamapur,,,
b6e2cb72-14ad-4674-8af1-3cee49cb9b48,Shop Trugreen Agribiotech,GENERAL_CLINIC,,Prestige Town,"House Number 6, Royal Red Residency, Prestige Town, South Civil Lines, Jabalpur, Madhya Pradesh 482001",23.1620072,79.9584397,Katanga,070499 00390,,https://shop.trugreenagri.com/
bf88caea-2d9a-47af-af67-a046a38beded,Dr. Basant Pahalwan Smruthi,GENERAL_CLINIC,,Poorva Road,"5V4H+H74, Poorva Road, Subhash Nagar, Garha, Jabalpur, Madhya Pradesh 482003",23.1563907,79.8781907,Sanjeevani Nagar,086444 40854,,
72e38704-8a0c-4845-a472-53111019607e,Rishabh Patanjari Kendra,GENERAL_CLINIC,,Jabalpur,"624P+MVP, EastLand Khamaria, Jabalpur, Bilpura, Madhya Pradesh 482005",23.2067147,80.0371921,Panagar,,,
0d4081cc-c5ad-4cb4-a75e-8cb6151b916c,Madina unani agency,UNANI_CLINIC,,Gohalpur,"Madina unani agency, Gohalpur, Jabalpur, Madhya Pradesh 482002",23.1879368,79.9389566,Gohalpur,099810 22422,,
f51dfaa5-c9da-4043-8ff7-5d1dfdefa1c8,Jain Dental And Homeopathy Clinic,HOMEOPATHY_CLINIC,,Wright Town,"near vishal mega mart, opposite Chanchala Bai College, Wright Town, Jabalpur, Madhya Pradesh 482002",23.1679527,79.925833,Wright Town,094073 38896,,
384b92f8-60dd-4da0-81f8-4ae178ae69d3,Pharma Dot Com,GENERAL_CLINIC,,Napier Town,"Shop No 4/6, Medicine Complex, Napier Town, Jabalpur, Madhya Pradesh 482001",23.161582,79.93073,Napier Town,0761 492 8854,,
62e252e4-0452-438e-8d5b-5dc396ab7344,Suraj pharmacy,PHARMACY,,Napier Town,"5W6H+6CX Aditya Hospital, Napier Town, Jabalpur, Madhya Pradesh 482001",23.1606231,79.9286051,Napier Town,095895 74788,,
4ea763a1-59f7-4492-8192-1e04b51008cb,Homeopathic Medical Shop,HOMEOPATHY_CLINIC,,Unnamed Road,"5W5P+M8J, Unnamed Road, Napier Town, Jabalpur, Madhya Pradesh 482001",23.1592184,79.9357532,Napier Town,,,
7b9012dc-c2c9-4ed8-8578-55a1fed8106d,Shri Aurobindo Homeopathy Clinic,HOMEOPATHY_CLINIC,,Napier Town,"963, Napier Town, Jabalpur, Madhya Pradesh 482001",23.1591019,79.9356648,Napier Town,,,
82204d86-cc10-4904-b8cd-fce049652128,"Ayush Immunocare Center (Diabetes, Arthritis & Neurotherapy Clinic)",AYURVEDA_CLINIC,,Napier Town,"Near, Ground Floor, Datt Tower, Shastri Bridge, Napier Town, Jabalpur, Madhya Pradesh 482001",23.1589989,79.9306823,Napier Town,,,http://jabalpurhelpline.com/ayush-immunocare-centre
705bba53-f100-4977-92f1-ce0f2182982b,KYOR HOMOEOPATHIC CLINIC,HOMEOPATHY_CLINIC,,Garha,"5W63+FMR, Garha, Jabalpur, Madhya Pradesh 482002",23.1612363,79.90413,Garha,,,
5f6e52f5-d083-4717-ad07-a44480a9ce4e,Homeopathik Davakhana,HOMEOPATHY_CLINIC,,Gulaua Chowk,"Gulaua Chowk, Shukla Nagar, Garha, Jabalpur, Madhya Pradesh 482002",23.1625226,79.9086719,Garha,093035 45822,,
200e2727-e65f-463e-a50a-67d3eb1abf3a,Kanha Homeopathic Cure clinic Research Centre,HOMEOPATHY_CLINIC,,Jabalpur,"Kanha homoeopathic cure clinic, Gaur tiraha, Jabalpur, Padariya, Madhya Pradesh 482021",23.1056194,79.9868726,Karmeta,096309 32505,,https://www.apnabusinesscard.com/Kanha-Homeopathic-Cure-Clinic-and-Research-Centre
593af6b8-a47d-4767-ae9f-8a04ebd7e37a,doctor Rukhsana Anjum,GENERAL_CLINIC,,ward no. 74,"ward no. 74, Raza Nagar, Talwa, Amkhera Gaon, Jabalpur, Madhya Pradesh 482004",23.2140471,79.934828,Karmeta,,,https://www.instagram.com/dr._rukhsana_anjum/profilecard/?igsh=MXNwbDU0ZWNsbGJiYg==
146524d3-c74b-4425-8c3b-5ba32f9e587c,Yeshu Deen Dayal Medicose,PHARMACY,,Karmeta,"National Highway 12A, Karmeta, Jabalpur, Madhya Pradesh 482002",23.1927376,79.9160263,Karmeta,097134 96080,,
4bc44c0e-9695-4bdf-b964-fb60af4b0282,SAI POLY CLINIC/YASH MEDICAL STORES,PHARMACY,,near Aaga Chowk,"Ujarpurva, Gali Number 4, near Aaga Chowk, Sheetalpuri, Jabalpur, Madhya Pradesh 482002",23.17567,79.924866,Sadar Bazar,094258 66760,,
247c7057-f8d7-44aa-9e9b-7090715e68a7,Citizen Homeo Clinic 2,HOMEOPATHY_CLINIC,,Naya Mohalla,"5W8P+WX6, Naya Mohalla, Jabalpur, Madhya Pradesh 482002",23.1672976,79.9373804,Miloniganj,,,
a8e0b84a-2e6c-4015-82ed-d82339f091fb,Life Care Homeopathy Clinic,HOMEOPATHY_CLINIC,,Vijay Nagar,"1081, near Agrasen Mandap, Vijay Nagar, Jabalpur, Madhya Pradesh 482002",23.1841036,79.9061381,Kachnar City,,,https://drbiswastreatment.wordpress.com/
919b007f-0bc6-4cb9-83a7-e8863f8f60c5,"Dr. Priyanka Kukrele (Diabetes, Thyroid and Hormonal Problem Specialist)",GENERAL_CLINIC,,Prem Mandir Rd,"Dr. Kukrele Clinic, Near Dr Aseem Bajai, Jabalpur Madhya Pradesh 482002 IN, 78, Prem Mandir Rd, Wright Town, Extension, Madhya Pradesh 482002",23.162986,79.9241363,Wright Town,092294 85005,,http://jabalpurhelpline.com/dr-priyanka-kukrele-diabetes-thyroid-obesity-specialist
9101f0bf-d787-4a53-8aae-be6f741d5895,M.K. Medicose,PHARMACY,,Gorakhpur Main Rd,"Gorakhpur Main Rd, Gorakhpur, Jabalpur, Madhya Pradesh 482001",23.1519794,79.9340967,Gorakhpur,,,
2588e940-1795-4a3a-bff5-8973f8031f2b,Dr Amit Gupta,GENERAL_CLINIC,,Jai Prakash Nagar,"374, near Dhani Ki Kutiya, Jai Prakash Nagar, Adhartal, Jabalpur, Madhya Pradesh 482004",23.1997719,79.9459416,Adhartal,,,
39876da8-c7c7-4a69-9cf1-7a640b86c7bb,Dr H N Thakur,GENERAL_CLINIC,,Jai Prakash Nagar,"Dr H N Thakur, Jai Prakash Nagar, Adhartal, Jabalpur, Madhya Pradesh 482004",23.2053422,79.9449537,Adhartal,094243 51086,,http://www.sanatanips.in/
1a72a2d3-0153-40bf-b660-57fa94016827,Dr. Vijay Jain,GENERAL_CLINIC,,Vikas Nagar,"5WQ7+3R6, Vikas Nagar, Jabalpur, Raksha, Madhya Pradesh 482002",23.1876532,79.9145307,Vijay Nagar,076126 44133,,
e14e6671-3793-446d-ab68-cc4c68a430f1,Dr. Deepanshu Sahu (General and Laparoscopic Surgeon),SURGICAL_CENTER,,Gulua chowk,"Shiva medicos, Gulua chowk, opposite water tank, Garha, Jabalpur, Madhya Pradesh 482003",23.1643904,79.907893,Garha,087703 36982,,https://www.apnabusinesscard.com/Dr-Deepanshu-Sahu
d46aa855-a68b-4157-b551-f261d374c181,Dr. Bengali,GENERAL_CLINIC,,Jotpur,"Padaw Tilwara Ghat, Jotpur, Jabalpur, Madhya Pradesh 482003",23.1033932,79.8727632,Tilwara,,,
45842aff-8d3c-4167-9d15-6c0d848588b5,"Dr. Ashish patel (Diabetes, Thyroid, BP, Heart & Joint Pain Specialist)",ORTHOPEDIC_CLINIC,,Police Chowki,"Police Chowki, HIG-15, beside MP Housing Board Office, near Dhanwantari Nagar, Jasuja City, Dhanvantari Nagar, Jabalpur, Madhya Pradesh 482003",23.1555479,79.8711872,Tilwara,095756 65356,,https://www.apnabusinesscard.com/Dr-Ashish-Patel-MD-%28Medicine%29
41af1b42-37b3-463a-817f-a4c29f435d0a,Doctors Colony,GENERAL_CLINIC,,Unknown,,23.153292,79.8795153,Tilwara,,,
0130e165-97f4-4345-8ef9-da2be33b20bd,Dr. Y.G. Dugwekar,GENERAL_CLINIC,,Karmeta,"6W25+FMR, Karmeta, Jabalpur, Madhya Pradesh 482002",23.2012452,79.9091511,Karmeta,098931 01016,,
4fe23144-af31-4780-9fdc-dbf9806928ee,Dr.Mayank Singhai (Gazetted Medical Officer),GENERAL_CLINIC,,Shikshhak Colony Cherital ward,"64, Shikshhak Colony Cherital ward, Sarvodaya Nagar, Jabalpur, Madhya Pradesh 482002",23.1840394,79.9167043,Karmeta,099936 51595,,https://www.bajajfinservhealth.in/doctor/jabalpur/general-physician/dr-mayank-singhai?type=econsult&source=search&utm=hrx-share
050f7d62-c70f-450c-aec2-05e76bd30117,Namdeo Doctor's House,GENERAL_CLINIC,,Nakshatra Nagar,"H- 40/41, Phase -1, Nakshatra Nagar, 4098, near Nakshatra Nagar Main Gate, Karmeta, Jabalpur, Nandni Ronsara, Madhya Pradesh 482002",23.2175817,79.8967682,Karmeta,,,
d0da9913-884b-41b7-834f-e8c8f2c57341,Dr. Ajay kumar,GENERAL_CLINIC,,Karmeta,"6V2X+W7G, Karmeta, Jabalpur, Madhya Pradesh 482002",23.2023198,79.8981941,Karmeta,099937 83344,,
370ee4c9-bb86-4bb6-b964-77442a7cc97a,Dr Pushpa Kirar,GENERAL_CLINIC,,Dhanvantari Nagar,"5V7F+JPM, Dhanvantari Nagar, Jabalpur, Madhya Pradesh 482003",23.1640756,79.87431,Cherital,,,
e9106351-a00f-4989-8fd1-2b3c83eeac6c,Dr. Rajesh Morya,GENERAL_CLINIC,,Lamheta Rd,"920, Lamheta Rd, Sagra, Jabalpur, Madhya Pradesh 482003",23.1346739,79.876448,Cherital,088199 74029,,
c386923c-e12a-48cc-9c49-7c54c0162040,Dr Ravindra Harne,GENERAL_CLINIC,,South Civil Lines,"Lobo Compound, 9/5/1, opp. Judges Bungalow, South Civil Lines, Pachpedi, South Civil Lines, Jabalpur, Madhya Pradesh 482001",23.1575212,79.9694397,Rani Durgavati,,,https://www.apollo247.com/doctors/dr-ravindra-harne-523d77b4-7baa-4c9f-ac51-5ad96b1ec55f?utm_source=gmb_docverse&utm_medium=clinics&utm_campaign=doctors
fc5aecfd-ae91-4f4c-98c4-534ea0ffe2bc,Dr. Dhiraj Shukla General Physician in Sagar,GENERAL_CLINIC,,medical college road,"Radhe krishna clinic, by side of dr. Mourya, medical college road, Madhya Pradesh 470001",,,Gangasagar,094259 83177,,https://drdhirajshukla.getmy.clinic/?utm_source=gmb&utm_medium=web&utm_campaign=tu
2eefdb18-0818-4bc5-853d-03c630996805,Dr. Darmesh Mishra,GENERAL_CLINIC,,Main Road Panagar,"7XQW+H38, Main Road Panagar, Jabalpur, Madhya Pradesh 483220",23.2889056,79.9952158,Panagar,093295 79333,,
2b960613-96c3-48ba-bd9a-5800444a7b17,Dr Mohit Agarwal (Kilkari Child Care),PEDIATRIC_CLINIC,,27 M cantt chauraha,"27 M cantt chauraha, near काली मंदिर, Daudpur, Gorakhpur, Uttar Pradesh 273001",,,Gorakhpur,079912 08949,,
f090a419-1262-4318-b51b-d59724798004,PIONEER HOSPITAL DR ARVIND KUMAR {Pediatrician#Child#Newborn# Vaccination Specialist},HOSPITAL,,Fatima Hospital By-Pass Rd,"Fatima Hospital By-Pass Rd, near Khajanchi, Simrah-1, Flyover, Harsewakpur No.2, Gorakhpur, Uttar Pradesh 273013",,,Gorakhpur,094550 01231,,
e1d97ca1-0867-455a-8376-cdda51549c33,Bachpan Child Clinic - Dr Kuldeep Singh,PEDIATRIC_CLINIC,,Hari Om Nagar,"near M.P Inter College, Hari Om Nagar, Civil Lines, Gorakhpur, Uttar Pradesh 273001",,,Gorakhpur,096378 17029,,https://bachpanchildclinic.com/
42f2be2d-cc1e-48cb-9d33-caadfc4a37b3,Dr. O.N. Srivastava,GENERAL_CLINIC,,Avas Vikas Colony,"B-125/1, Avas Vikas Colony, Shahpur, Gorakhpur, Uttar Pradesh 273014",,,Gorakhpur,,,
a0a562a5-0ae8-454c-84fc-6d90bd1cc155,Dr. K. P. Kushwaha Clinic,GENERAL_CLINIC,,Raptinagar Phase,"A-9, Raptinagar Phase, 2, Chargawa,, Gorakhpur, Uttar Pradesh 273013",,,Gorakhpur,0551 250 0195,,https://www.raptihospital.com/
540cc453-be70-475a-afe0-88f34d7d24c7,Dr. A.K. Rai Child Doctor,PEDIATRIC_CLINIC,,Ganga Nagar,"392 Y, Ganga Nagar, Ramjanki Nagar, Gorakhpur, Uttar Pradesh 273004",,,Gorakhpur,,,
7763333b-b9b3-46cc-a26a-7529d2d954be,Bachpan Child And Mother Care Clinic,PEDIATRIC_CLINIC,,Nagar Villa,"Nagar Villa, Harhwa Fatak Rd, near sneh lawn, Basharatpur, Ashok Nagar, Motiphokhra, Gorakhpur, Uttar Pradesh 273004",,,Gorakhpur,091692 06861,,
dba9f119-3dbe-4e0c-ad39-7a8204b0a40d,Dr Vasu Singh,GENERAL_CLINIC,,Kasya Road,"Ground Floor, Rama complex, 33, Kasya Road, Judges Colony, Betiahata, Gorakhpur, Uttar Pradesh 273001",,,Gorakhpur,095806 85050,,https://drvasuchildsurgeon.com/
8ecd6f0f-ff6c-43d8-a896-527d5d6c07d4,Dr. Anamika Gupta,GENERAL_CLINIC,,Kasya Road,"Smile Maternity and Child Care Center, Rama Tower, 33, Kasya Road, opposite chandra x-ray, Judges Colony, Betiahata, Gorakhpur, Uttar Pradesh 273001",,,Gorakhpur,077068 76257,,https://dranamikagupta.getmy.clinic/?utm_source=gmb&utm_medium=web&utm_campaign=tu
7b9a0dd4-d5ab-4a6f-abbd-003109f55534,Dr. Deepa Jaiswal (Life Care Hospital),HOSPITAL,,9 Civil Lines,"Room no. 4, Dr. Deepa Jaiswal, Life Care Hospital, 9 Civil Lines, opposite allahabad bank, near Cantt Road, chauraha, Gorakhpur, Uttar Pradesh 273001",,,Gorakhpur,099351 15511,,http://www.lifecarehospitalindia.com/
afd5e450-572d-4d2c-a4df-b02141cd9693,Dr. Deepika Pant Dwivedi,GENERAL_CLINIC,,Hanuman Mandir Rd,"P9P7+V38, Hanuman Mandir Rd, Betiahata, Gorakhpur, Uttar Pradesh 273001",,,Gorakhpur,098390 97715,,https://doctorje.com/doctors/dr-deepika-pant-dwivedi/
eb33706f-c91b-469a-aa09-2ac232df0547,Dr.Rashmi Rai,GENERAL_CLINIC,,Medical College Road,"Room no.2, Rachit Multispecialty Hospital, Medical College Road, Jhungiya, Moglaha, Gorakhpur, Uttar Pradesh 273013",,,Gorakhpur,090766 09888,,
bfdedf31-c3c1-40d0-8cef-38c57cf9d050,Shubhechha Clinic ( Dr Rashmi Singh ),GENERAL_CLINIC,,Ramjanki Nagar,"Ramjanki Nagar, Gorakhpur, Uttar Pradesh 273004",,,Gorakhpur,094541 04883,,
3145afb2-6c63-4547-8764-0869c0a7c014,Annapurna Hospital,HOSPITAL,,Civil Lines,"Civil Lines, opposite Indian Bank, beside Judge Colony, Judges Colony, Chowk, Gorakhpur, Uttar Pradesh 273001",,,Gorakhpur,076070 45467,,
f91e8d8e-c487-42aa-9f56-88912db136d5,222521st-Wri-Gurunanak,GENERAL_CLINIC,,Wright Town,"Om 222521st, Wright Town, Jabalpur, Madhya Pradesh 482002",23.1623602,79.9250297,Ranjhi,,,
4a9f8287-805e-47db-8113-12c029261086,SpecialistSnhclinics,GENERAL_CLINIC,,Skin Hair and Cosmetic Clinic Dr Kuldeep Bhardwaj MD,"Skin Hair and Cosmetic Clinic Dr Kuldeep Bhardwaj MD, Wright Town, Jabalpur, Madhya Pradesh 482002",23.1623602,79.9250297,Kamla Nehru Nagar,,,
038d61ca-8c15-46fc-81d0-0a61a694c2a5,MelasmatreatmentSnhclinics,ENT_CLINIC,,5W6G+W2R Skin Hair and Cosmetic Clinic Dr Kuldeep Bhardwaj MD,"5W6G+W2R Skin Hair and Cosmetic Clinic Dr Kuldeep Bhardwaj MD, Wright Town, Jabalpur, Madhya Pradesh 482002",23.1623602,79.9250297,Kamla Nehru Nagar,,,
e5526b1e-d03c-4f77-ae6a-134dceb3b597,PHYSIO CARE PHYSIOTHERAPY CLINIC 2 Dr.Shubham soni (PT),PHYSIOTHERAPY_CENTER,,Amkhera Rd,"Bharat parisad gali no. 02, Amkhera Rd, Jabalpur, Madhya Pradesh 482001",23.1881649,79.9211972,Adhartal,,,
fc732f15-5d31-4a9d-a5d5-93f8c73877d5,Dr Paramjeet Kaur Professional Dental Care Climic,DENTAL_CLINIC,,Home Science College Rd,"5W6C+FVC, Home Science College Rd, Napier Town, Jabalpur, Madhya Pradesh 482002",23.1611811,79.9221507,Napier Town,,,https://www.apnabusinesscard.com/
9b00e04e-a525-4132-9b2c-67e82519406d,Dr. Vivek Tiwari Dental Clinic,DENTAL_CLINIC,,Main Rd,"KAMANIYA GATE, Main Rd, Suhagi, Jabalpur, Madhya Pradesh 482004",23.2185176,79.9579842,Adhartal,078798 81881,,
a0ede00e-eec3-40f6-a161-79807c7d796d,Wisdom Star Dental Clinic,DENTAL_CLINIC,,Bhim Nagar,"4WHJ+254, Near Allahabad Bank, Bhim Nagar, Polipather, Jabalpur, Madhya Pradesh 482008",23.1275068,79.9304558,Gwarighat,0761 606 6777,,
22b28262-080e-48fa-9cea-3a70670de08c,Dr. ROHIT JAIN,GENERAL_CLINIC,,Main Road,"1037,Divya Dental Clinic, Jain Medical stores, Main Road, Andherdeo, Jabalpur, Madhya Pradesh 482002",23.1750276,79.9330162,Tilhari,,,
508f6b3f-b18c-4e0e-917a-e5e16d77918d,Dr. Piyush Jain Siyaram Market,GENERAL_CLINIC,,32WX+CQ4,"32WX+CQ4, Barela, Madhya Pradesh 483001",23.096002,80.0494478,Barela,,,
fcdc8eaf-9efd-442d-8c61-acd9f7a56902,Ahsan Dental Care & Maxillofacial Surgery Centre,DENTAL_CLINIC,,Amkhera Rd,"Police Station, Amkhera Rd, in front of Nagar Nigam Market, near Gohalpur, Ganji Nagar, Gohalpur, Jabalpur, Madhya Pradesh 482002",23.1930578,79.935593,Gohalpur,091444 49201,,
6e14cf0c-69fa-46b8-809b-43eda8316170,Divya Jyoti netralaya n retina center,EYE_CLINIC,,Main Rd,"Main Rd, Damoh Naka, P N B Colony, Jabalpur, Madhya Pradesh 482002",23.1839353,79.9289665,Damohnaka,091313 97386,,
ce0a4ddb-8f60-4014-8021-9d1cc9b24c63,Vidhan Physiotherapy clinic Dr. Neha patel,PHYSIOTHERAPY_CENTER,,Patel nagar road,"Patel nagar road, Patel Nagar, Maitri Nagar, Maharajpur, Jabalpur, Madhya Pradesh 482004",23.2262451,79.9569688,Vijay Nagar,,,
80551448-9b05-4fd0-9e8e-ef24b253529b,Ayurvedic Centre - Dr. Pratima Nigam Srivastava,AYURVEDA_CLINIC,,Tiwaripur Rd,"Dr. Pratima Nigam Srivastava, Tiwaripur Rd, nr. Ravidas Mandir, opposite Ganesh mart, Awas Vikas Colony, Ilahi Bagh, Gorakhpur, Uttar Pradesh 273015",,,Gorakhpur,094511 43970,,
99fa0ae2-1caa-4987-9c86-ffd3cc77c3b7,"Jiva Ayurveda Clinic, Betiyahata, Gorakhpur",AYURVEDA_CLINIC,,Betiahata Rd,"45M, Chauraha, Betiahata Rd, near Reliance Trends Momentum Coaching, Betiahata, Gorakhpur, Uttar Pradesh 273001",,,Gorakhpur,093117 66826,,https://clinics.jiva.com/jiva-ayurveda-clinic-basharatpur-gorakhpur-ayurvedic-clinic-basharatpur-gorakhpur-328944/Home?utm_source=locator&utm_medium=googleplaces
a715eb19-02ca-42ca-bc84-c6bcac5fde69,Dr. Sarvesh Kumar Singh Dhanwantari Ayurved Chikitsalya Panchkarma Kshar sutra Centre,AYURVEDA_CLINIC,,Medical College Road,"H.N.Singh chauraha, Medical College Road, Basharatpur, Gorakhpur, Uttar Pradesh 273003",,,Gorakhpur,096709 83513,,
2a16e71e-c25d-48e0-9d94-d7c0992f7e69,DR V K RAJ'S PILES - FISTULA & GASTRO CLINIC,GASTROENTEROLOGY_CLINIC,,Betiahata Rd,"House, 8, Betiahata Rd, near Agrawal Marbles, Betiahata, Unwal, Gorakhpur, Uttar Pradesh 273001",,,Gorakhpur,,,https://www.drvkraj.com/
79a144b1-4bec-42ae-9bd2-f98420dd56bb,Dr. Keshaw Singh,GENERAL_CLINIC,,Rajendra Nagar,"National Highway 29, 10 No. Boring, Rajendra Nagar, Gorakhpur, Uttar Pradesh 273015",,,Gorakhpur,094516 84078,,
0786a1ff-9416-47c3-b8a8-9dfa5b0ab178,Health Care Ayurvedic Chikitsa Kendra,AYURVEDA_CLINIC,,Azad Chowk,"Azad Chowk, 358, Nahar Road, near Jagdish Hospital, Mahuesugharpur, Azad Nagar, Gorakhpur, Uttar Pradesh 273016",,,Gorakhpur,073767 30619,,
ea3fe320-09d7-4bb9-9a2b-3db9d9254254,Sharda Pira Upchar Kendra,GENERAL_CLINIC,,Char Fatak Rd,"over bridge, 13, Char Fatak Rd, Charfatak, below, Mohaddipur, Gorakhpur, Uttar Pradesh 273008",,,Gorakhpur,0551 220 0495,,
b757ed62-df72-480b-8c8d-2117b9d2e136,DR.AVINASH CHANDRA MISHRA,GENERAL_CLINIC,,Azad Chowk,"H.N.358, Azad Chowk, Nahar Rd, near JAGDISH HOSPITAL, Mahuesugharpur, Azad Nagar, Gorakhpur, Uttar Pradesh 273016",,,Gorakhpur,079058 16257,,
dd4826fd-f068-4d7f-a82a-805225cd379e,Dr Suchit Kumar Singh,GENERAL_CLINIC,,Sharda Pira Upchar Kendra below,"Sharda Pira Upchar Kendra below, Mohaddipur Flyover, Charfatak, Mohaddipur, Gorakhpur, Uttar Pradesh 273008",,,Gorakhpur,094156 97411,,http://gorakhpurfistula.blogspot.com/
b24e50ae-3aa5-4326-a222-65256408e931,Pooja Medical,GENERAL_CLINIC,,near Ganesh Ganj School,"near Ganesh Ganj School, Ranjhi, New Ranjhi, Jabalpur, Madhya Pradesh 482005",23.2063828,80.0016638,Ranjhi,,,
232ecaa7-8aba-41f3-b741-8d50685043a2,Satguru Medical Store,PHARMACY,,Bajrang Nagar,"1, Bajrang Nagar, New Ranjhi, Jabalpur, Madhya Pradesh 482005",23.2085673,79.9918305,Ranjhi,093000 78223,,
116a818c-7220-4c52-a225-95e43b04e569,Jain Medical Store,PHARMACY,,Gandhi Vyayam Shala,"Ranjhi, MP SH 22, Karondi Gram, Gandhi Vyayam Shala, Jabalpur, Madhya Pradesh 482011",23.194952,79.9963609,Ranjhi,094249 00364,,
e0646e3a-e752-4fea-b66e-cbeee65f43f7,Priya Medical Stores,PHARMACY,,Ranjhi Bazar,"5XWW+2J9, opp. Ranjhi Police Station, Ranjhi, Ranjhi Bazar, Central Ordinance Depot Area, Jabalpur, Madhya Pradesh 482011",23.1950499,79.996619,Ranjhi,076126 30374,,
869dd6d4-0864-4971-b73c-8e101bcf2559,Arogya Ayurvedam,AYURVEDA_CLINIC,,Sidhi Vinayak Market,"Shop No. 2, Sidhi Vinayak Market, Sanjeevani Nagar Main Road, near Dr. Mukherjee Hospital, Jabalpur, Madhya Pradesh 482002",23.1653154,79.9003584,Garha,094075 40264,,
07410586-470c-4d1d-ad3c-651a96f6dafd,"Government Ayurveda Dispensary Mohas, Jabalpur (AYUSH) Madhya Pradesh",AYURVEDA_CLINIC,,Mohas,"3W4G+GQ3, Mohas, Dungariya, Madhya Pradesh 482051",23.0562511,79.9269582,Jabalpur Cantt,,,
5f5cee28-5c73-44cd-80f2-d37f27605f73,Daulat Medicos,PHARMACY,,Ranital Chowk,"Ranital Chowk, 1038/1, Gol Bazar Rd, Yadav Colony, Jabalpur, Madhya Pradesh 482002",23.1701885,79.9251623,Gol Bazar,098263 44327,,
efc3639b-17bc-4b87-957a-833815578335,"Government Ayurveda Dispensary Nigri, Jabalpur(AYUSH) MADHYA PRADESH",AYURVEDA_CLINIC,,2WP5+HJ9,"2WP5+HJ9, Nigri, Madhya Pradesh 482051",23.0365933,79.908275,Barela,,,
a0b48def-2234-41df-b5a5-a025e73e98c6,"Government Ayurveda Dispensary Bamhani, Jabalpur (AYUSH) MADHYA PRADESH",AYURVEDA_CLINIC,,Bamhani,"34GH+P9F, Bamhani, Purwa, Madhya Pradesh 483001",23.0767698,80.1269817,Panagar,,,
d6c98217-3ce7-4157-a35a-195223a22070,Dr Atul Bhatt & Dr R.N.Bhatt,GENERAL_CLINIC,,Jai Prakash Nagar,"6W2W+4J2, Jai Prakash Nagar, Adhartal, Jabalpur, Madhya Pradesh 482004",23.2002508,79.9465013,Adhartal,099813 72355,,
bd45389d-73ff-4899-9e57-d113362352bc,Dr. Ajay Sahu,GENERAL_CLINIC,,Mother Teresa Nagar,"6W44+66F, Mother Teresa Nagar, Karmeta, Jabalpur, Madhya Pradesh 482002",23.2055683,79.9055392,Adhartal,098935 29398,,
709412da-f78e-409a-88e4-8c760fff42f4,Krishna homoeopathy clinic jabalpur,HOMEOPATHY_CLINIC,,SBI Chowk,"SBI Chowk, Vijay Nagar, Raksha, Madhya Pradesh 482002",23.1888565,79.9125457,Vijay Nagar,,,
0936304c-f133-45c2-b174-5f0830849fa5,Vital Essence Homoeopathic Treatment,HOMEOPATHY_CLINIC,,Adarsh Nagar,"inside Hotel Akash Ganga, in front of South Avenue Mall, Adarsh Nagar, Gwarighat, Jabalpur, Madhya Pradesh 482008",23.1303101,79.9283264,Gwarighat,079995 24559,,
753deed5-4e47-4a3f-9457-cbeeb75b0057,Hahnemann Homoeo,HOMEOPATHY_CLINIC,,Ghamapur Rd,"5XH5+VW2, Ghamapur Rd, East Ghamapur, Ghamapur, Jabalpur, Madhya Pradesh 482001",23.1796308,79.959758,Ghamapur,,,
237311bf-4a4c-46c0-9713-5892619dee61,Greenland Hospital And Research Centre Pvt. Ltd. Gorakhpur,HOSPITAL,,R95V+JWC Sandhya Vihar Colony,"Mughalaha, B, R95V+JWC Sandhya Vihar Colony, R.D, Medical College Road, Chargawa,, Gorakhpur, Uttar Pradesh 273013",,,Gorakhpur,094524 72267,,https://www.greenlandhospital.in/
6f10f020-19f3-4654-b0bf-1819441b5fa7,"Dr Upendra Gupta MD, DM- Gastroenterology ( Indralok Gastro Liver Clinic )",GASTROENTEROLOGY_CLINIC,,Cantt Rd,"Infront of DIG Bungalow, Cantt Rd, Bansgaon Colony, Bilandpur, Gorakhpur, Uttar Pradesh 273001",,,Gorakhpur,089249 00221,,https://drupendragupta.com/
cd1b41b7-2d9f-4492-93d0-28d75b3f327f,Allergy clinic Dr Navin Chawla,GENERAL_CLINIC,,Napier Town,"1568 b, Napier Town, Jabalpur, Madhya Pradesh 482002",23.1615693,79.9252745,South Civil Lines,093001 00823,,
